2026-10-05T08:33:43.280-03:00  INFO 15156 --- [topomanager] [main] b.c.s.t.TopomanagerApplication           : Starting TopomanagerApplication using Java 21.0.5 with PID 15156 (F:\SRC\PROJETOS_GIT\desenvolvimento\ws_21\topomanager\target\classes started by Gabriel Carvalheiro in F:\SRC\PROJETOS_GIT\desenvolvimento\ws_21\topomanager)
2026-10-05T08:33:43.288-03:00 DEBUG 15156 --- [topomanager] [main] b.c.s.t.TopomanagerApplication           : Running with Spring Boot v3.3.4, Spring v6.1.13
2026-10-05T08:33:43.289-03:00  INFO 15156 --- [topomanager] [main] b.c.s.t.TopomanagerApplication           : No active profile set, falling back to 1 default profile: "default"
2026-10-05T08:33:44.708-03:00  INFO 15156 --- [topomanager] [main] o.s.b.w.embedded.tomcat.TomcatWebServer  : Tomcat initialized with port 8082 (http)
2026-10-05T08:33:44.730-03:00  INFO 15156 --- [topomanager] [main] o.apache.catalina.core.StandardService   : Starting service [Tomcat]
2026-10-05T08:33:44.730-03:00  INFO 15156 --- [topomanager] [main] o.apache.catalina.core.StandardEngine    : Starting Servlet engine: [Apache Tomcat/10.1.30]
2026-10-05T08:33:44.804-03:00  INFO 15156 --- [topomanager] [main] o.a.c.c.C.[Tomcat].[localhost].[/]       : Initializing Spring embedded WebApplicationContext
2026-10-05T08:33:44.805-03:00  INFO 15156 --- [topomanager] [main] w.s.c.ServletWebServerApplicationContext : Root WebApplicationContext: initialization completed in 1453 ms
2026-10-05T08:33:45.138-03:00  INFO 15156 --- [topomanager] [main] o.s.b.a.w.s.WelcomePageHandlerMapping    : Adding welcome page: class path resource [static/index.html]
2026-10-05T08:33:45.494-03:00  INFO 15156 --- [topomanager] [main] o.s.b.w.embedded.tomcat.TomcatWebServer  : Tomcat started on port 8082 (http) with context path '/'
2026-10-05T08:33:45.503-03:00  INFO 15156 --- [topomanager] [main] b.c.s.t.TopomanagerApplication           : Started TopomanagerApplication in 2.787 seconds (process running for 4.56)
2026-10-05T08:42:36.115-03:00  INFO 15156 --- [topomanager] [tomcat-handler-0] o.a.c.c.C.[Tomcat].[localhost].[/]       : Initializing Spring DispatcherServlet 'dispatcherServlet'
2026-10-05T08:42:36.116-03:00  INFO 15156 --- [topomanager] [tomcat-handler-0] o.s.web.servlet.DispatcherServlet        : Initializing Servlet 'dispatcherServlet'
2026-10-05T08:42:36.117-03:00  INFO 15156 --- [topomanager] [tomcat-handler-0] o.s.web.servlet.DispatcherServlet        : Completed initialization in 1 ms
2026-10-05T08:47:49.536-03:00  INFO 15156 --- [topomanager] [tomcat-handler-5] b.c.s.topomanager.service.ExcelService   : Iniciando processamento da planilha 210 (Positivos)
2026-10-05T08:47:49.730-03:00  INFO 15156 --- [topomanager] [tomcat-handler-5] b.c.s.topomanager.service.ExcelService   : Leitura interrompida: Celula A está vazia.
2026-10-05T08:47:49.731-03:00  INFO 15156 --- [topomanager] [tomcat-handler-5] b.c.s.topomanager.service.ExcelService   : Linhas processadas da planilha 210 (Positivos): 209
2026-10-05T08:47:49.740-03:00  INFO 15156 --- [topomanager] [tomcat-handler-5] b.c.s.topomanager.service.ExcelService   : Iniciando processamento da planilha 5005 (Negativos)
2026-10-05T08:47:52.862-03:00  INFO 15156 --- [topomanager] [tomcat-handler-5] b.c.s.topomanager.service.ExcelService   : Linhas processadas da planilha 5005 (Negativos): 5004
2026-10-05T08:48:33.245-03:00  INFO 15156 --- [topomanager] [tomcat-handler-5] b.c.s.t.service.IdentificadorService     : Quantidade após filtro de diversidade na 7ª posição: 0
2026-10-05T08:48:33.251-03:00  INFO 15156 --- [topomanager] [tomcat-handler-5] b.c.s.t.service.IdentificadorService     : StopWatch 'Processamento TopoManager': 35.3473296 seconds
---------------------------------------------------------
Seconds       %       Task name
---------------------------------------------------------
23.1645824    66%     Recuperando da planilha todos os numeros Positivos e Negativos
06.4535219    18%     Separando todos os Grupos que possuam todos os Positivos.
05.5374299    16%     Obtendo uma lista com 9 numeros.
00.0039957    00%     Separando todos os Grupos que possuam todos os 9.
00.1877997    01%     Iniciando o processo de combinação dos Grupos

2026-10-05T08:48:33.253-03:00  INFO 15156 --- [topomanager] [tomcat-handler-5] b.c.s.t.service.IdentificadorService     : Tempo total: 35.3473296 segundos.
2026-10-05T08:48:33.254-03:00  INFO 15156 --- [topomanager] [tomcat-handler-5] b.c.s.t.service.IdentificadorService     : Separando todos os Grupos com quantidades encontradas de 28 e 55, que não possuam os 2 numeros.
2026-10-05T08:48:33.273-03:00  INFO 15156 --- [topomanager] [tomcat-handler-5] b.c.s.t.service.IdentificadorService     : Gupos encontrados: 0
2026-10-05T08:48:33.274-03:00  INFO 15156 --- [topomanager] [tomcat-handler-5] b.c.s.t.service.IdentificadorService     : Separando todos os grupos encontrados numa lista para os de 28 e outra para os outros de 55.
2026-10-05T08:48:33.278-03:00  INFO 15156 --- [topomanager] [tomcat-handler-5] b.c.s.t.service.IdentificadorService     : Iniciando exportação para arquivo TXT.
2026-10-05T08:48:33.280-03:00  INFO 15156 --- [topomanager] [tomcat-handler-5] b.c.s.t.service.IdentificadorService     : Separando apenas 1 de 28 de cada grupo.
2026-10-05T08:48:33.280-03:00  INFO 15156 --- [topomanager] [tomcat-handler-5] b.c.s.t.service.IdentificadorService     : Os 6 Primeiros numeros dos grupos de 28: []
2026-10-05T08:48:33.281-03:00  INFO 15156 --- [topomanager] [tomcat-handler-5] b.c.s.t.service.IdentificadorService     : Separando apenas 1 de 55 de cada grupo.
2026-10-05T08:48:33.282-03:00  INFO 15156 --- [topomanager] [tomcat-handler-5] b.c.s.t.service.IdentificadorService     : Os 9 Ultimos numeros dos grupos de 55: []
2026-10-05T08:48:33.282-03:00  INFO 15156 --- [topomanager] [tomcat-handler-5] b.c.s.t.service.IdentificadorService     : Unindo os 9 em todos os 6 de cada Grupo.
2026-10-05T08:48:33.283-03:00  INFO 15156 --- [topomanager] [tomcat-handler-5] b.c.s.t.service.IdentificadorService     : Os 15 gerados: [].
2026-10-05T08:48:33.284-03:00  INFO 15156 --- [topomanager] [tomcat-handler-5] b.c.s.t.service.IdentificadorService     : Obter os grupos que não possuem os 6
2026-10-05T08:48:33.287-03:00  INFO 15156 --- [topomanager] [tomcat-handler-5] b.c.s.t.service.IdentificadorService     : Iniciando exportação para arquivo TXT.
2026-10-05T08:49:31.490-03:00  INFO 15156 --- [topomanager] [tomcat-handler-7] b.c.s.topomanager.service.ExcelService   : Iniciando processamento da planilha 210 (Positivos)
2026-10-05T08:49:31.498-03:00  INFO 15156 --- [topomanager] [tomcat-handler-7] b.c.s.topomanager.service.ExcelService   : Leitura interrompida: Celula A está vazia.
2026-10-05T08:49:31.498-03:00  INFO 15156 --- [topomanager] [tomcat-handler-7] b.c.s.topomanager.service.ExcelService   : Linhas processadas da planilha 210 (Positivos): 209
2026-10-05T08:49:31.498-03:00  INFO 15156 --- [topomanager] [tomcat-handler-7] b.c.s.topomanager.service.ExcelService   : Iniciando processamento da planilha 5005 (Negativos)
2026-10-05T08:49:31.563-03:00  INFO 15156 --- [topomanager] [tomcat-handler-7] b.c.s.topomanager.service.ExcelService   : Linhas processadas da planilha 5005 (Negativos): 5004
2026-10-05T08:49:34.705-03:00  INFO 15156 --- [topomanager] [tomcat-handler-7] b.c.s.t.service.IdentificadorService     : Quantidade após filtro de diversidade na 7ª posição: 80080
2026-10-05T08:49:34.706-03:00  INFO 15156 --- [topomanager] [tomcat-handler-7] b.c.s.t.service.IdentificadorService     : StopWatch 'Processamento TopoManager': 2.9994619 seconds
--------------------------------------------------------
Seconds       %       Task name
--------------------------------------------------------
0.3001881     10%     Recuperando da planilha todos os numeros Positivos e Negativos
0.0217727     01%     Separando todos os Grupos que possuam todos os Positivos.
0.10696       04%     Obtendo uma lista com 9 numeros.
0.5097328     17%     Separando todos os Grupos que possuam todos os 9.
2.0608083     69%     Iniciando o processo de combinação dos Grupos

2026-10-05T08:49:34.706-03:00  INFO 15156 --- [topomanager] [tomcat-handler-7] b.c.s.t.service.IdentificadorService     : Tempo total: 2.9994619 segundos.
2026-10-05T08:49:34.707-03:00  INFO 15156 --- [topomanager] [tomcat-handler-7] b.c.s.t.service.IdentificadorService     : Separando todos os Grupos com quantidades encontradas de 28 e 55, que não possuam os 2 numeros.
2026-10-05T08:49:55.757-03:00  INFO 15156 --- [topomanager] [tomcat-handler-7] b.c.s.t.service.IdentificadorService     : Gupos encontrados: 4316
2026-10-05T08:49:55.758-03:00  INFO 15156 --- [topomanager] [tomcat-handler-7] b.c.s.t.service.IdentificadorService     : Separando todos os grupos encontrados numa lista para os de 28 e outra para os outros de 55.
2026-10-05T08:49:55.761-03:00  INFO 15156 --- [topomanager] [tomcat-handler-7] b.c.s.t.service.IdentificadorService     : Iniciando exportação para arquivo TXT.
2026-10-05T08:50:03.334-03:00  INFO 15156 --- [topomanager] [tomcat-handler-7] b.c.s.t.service.IdentificadorService     : ✅ Arquivo TXT gravado com sucesso em: /app/temp/20261005084955-28_sem_os_2/G17C3/G17C3-[2, 3].txt
2026-10-05T08:50:03.336-03:00  INFO 15156 --- [topomanager] [tomcat-handler-7] b.c.s.t.service.IdentificadorService     : ✅ Arquivo TXT gravado com sucesso em: /app/temp/20261005084955-28_sem_os_2/G17C3/G17C3-[2, 5].txt
2026-10-05T08:50:03.337-03:00  INFO 15156 --- [topomanager] [tomcat-handler-7] b.c.s.t.service.IdentificadorService     : ✅ Arquivo TXT gravado com sucesso em: /app/temp/20261005084955-28_sem_os_2/G17C3/G17C3-[2, 6].txt
2026-10-05T08:50:03.339-03:00  INFO 15156 --- [topomanager] [tomcat-handler-7] b.c.s.t.service.IdentificadorService     : ✅ Arquivo TXT gravado com sucesso em: /app/temp/20261005084955-28_sem_os_2/G17C3/G17C3-[2, 9].txt
2026-10-05T08:50:03.340-03:00  INFO 15156 --- [topomanager] [tomcat-handler-7] b.c.s.t.service.IdentificadorService     : ✅ Arquivo TXT gravado com sucesso em: /app/temp/20261005084955-28_sem_os_2/G17C3/G17C3-[2, 10].txt
2026-10-05T08:50:03.341-03:00  INFO 15156 --- [topomanager] [tomcat-handler-7] b.c.s.t.service.IdentificadorService     : ✅ Arquivo TXT gravado com sucesso em: /app/temp/20261005084955-28_sem_os_2/G17C3/G17C3-[2, 11].txt
2026-10-05T08:50:03.342-03:00  INFO 15156 --- [topomanager] [tomcat-handler-7] b.c.s.t.service.IdentificadorService     : ✅ Arquivo TXT gravado com sucesso em: /app/temp/20261005084955-28_sem_os_2/G17C3/G17C3-[2, 18].txt
2026-10-05T08:50:03.343-03:00  INFO 15156 --- [topomanager] [tomcat-handler-7] b.c.s.t.service.IdentificadorService     : ✅ Arquivo TXT gravado com sucesso em: /app/temp/20261005084955-28_sem_os_2/G17C3/G17C3-[2, 20].txt
2026-10-05T08:50:03.344-03:00  INFO 15156 --- [topomanager] [tomcat-handler-7] b.c.s.t.service.IdentificadorService     : ✅ Arquivo TXT gravado com sucesso em: /app/temp/20261005084955-28_sem_os_2/G17C3/G17C3-[2, 23].txt
2026-10-05T08:50:03.345-03:00  INFO 15156 --- [topomanager] [tomcat-handler-7] b.c.s.t.service.IdentificadorService     : ✅ Arquivo TXT gravado com sucesso em: /app/temp/20261005084955-28_sem_os_2/G17C3/G17C3-[2, 25].txt
2026-10-05T08:50:03.347-03:00  INFO 15156 --- [topomanager] [tomcat-handler-7] b.c.s.t.service.IdentificadorService     : ✅ Arquivo TXT gravado com sucesso em: /app/temp/20261005084955-28_sem_os_2/G17C3/G17C3-[3, 5].txt
2026-10-05T08:50:03.348-03:00  INFO 15156 --- [topomanager] [tomcat-handler-7] b.c.s.t.service.IdentificadorService     : ✅ Arquivo TXT gravado com sucesso em: /app/temp/20261005084955-28_sem_os_2/G17C3/G17C3-[3, 6].txt
2026-10-05T08:50:03.349-03:00  INFO 15156 --- [topomanager] [tomcat-handler-7] b.c.s.t.service.IdentificadorService     : ✅ Arquivo TXT gravado com sucesso em: /app/temp/20261005084955-28_sem_os_2/G17C3/G17C3-[3, 9].txt
2026-10-05T08:50:03.350-03:00  INFO 15156 --- [topomanager] [tomcat-handler-7] b.c.s.t.service.IdentificadorService     : ✅ Arquivo TXT gravado com sucesso em: /app/temp/20261005084955-28_sem_os_2/G17C3/G17C3-[3, 10].txt
2026-10-05T08:50:03.351-03:00  INFO 15156 --- [topomanager] [tomcat-handler-7] b.c.s.t.service.IdentificadorService     : ✅ Arquivo TXT gravado com sucesso em: /app/temp/20261005084955-28_sem_os_2/G17C3/G17C3-[3, 11].txt
2026-10-05T08:50:03.352-03:00  INFO 15156 --- [topomanager] [tomcat-handler-7] b.c.s.t.service.IdentificadorService     : ✅ Arquivo TXT gravado com sucesso em: /app/temp/20261005084955-28_sem_os_2/G17C3/G17C3-[3, 18].txt
2026-10-05T08:50:03.353-03:00  INFO 15156 --- [topomanager] [tomcat-handler-7] b.c.s.t.service.IdentificadorService     : ✅ Arquivo TXT gravado com sucesso em: /app/temp/20261005084955-28_sem_os_2/G17C3/G17C3-[3, 20].txt
2026-10-05T08:50:03.355-03:00  INFO 15156 --- [topomanager] [tomcat-handler-7] b.c.s.t.service.IdentificadorService     : ✅ Arquivo TXT gravado com sucesso em: /app/temp/20261005084955-28_sem_os_2/G17C3/G17C3-[3, 23].txt
2026-10-05T08:50:03.356-03:00  INFO 15156 --- [topomanager] [tomcat-handler-7] b.c.s.t.service.IdentificadorService     : ✅ Arquivo TXT gravado com sucesso em: /app/temp/20261005084955-28_sem_os_2/G17C3/G17C3-[3, 25].txt
2026-10-05T08:50:03.357-03:00  INFO 15156 --- [topomanager] [tomcat-handler-7] b.c.s.t.service.IdentificadorService     : ✅ Arquivo TXT gravado com sucesso em: /app/temp/20261005084955-28_sem_os_2/G17C3/G17C3-[5, 6].txt
2026-10-05T08:50:03.359-03:00  INFO 15156 --- [topomanager] [tomcat-handler-7] b.c.s.t.service.IdentificadorService     : ✅ Arquivo TXT gravado com sucesso em: /app/temp/20261005084955-28_sem_os_2/G17C3/G17C3-[5, 9].txt
2026-10-05T08:50:03.360-03:00  INFO 15156 --- [topomanager] [tomcat-handler-7] b.c.s.t.service.IdentificadorService     : ✅ Arquivo TXT gravado com sucesso em: /app/temp/20261005084955-28_sem_os_2/G17C3/G17C3-[5, 10].txt
2026-10-05T08:50:03.361-03:00  INFO 15156 --- [topomanager] [tomcat-handler-7] b.c.s.t.service.IdentificadorService     : ✅ Arquivo TXT gravado com sucesso em: /app/temp/20261005084955-28_sem_os_2/G17C3/G17C3-[5, 11].txt
2026-10-05T08:50:03.362-03:00  INFO 15156 --- [topomanager] [tomcat-handler-7] b.c.s.t.service.IdentificadorService     : ✅ Arquivo TXT gravado com sucesso em: /app/temp/20261005084955-28_sem_os_2/G17C3/G17C3-[5, 18].txt
2026-10-05T08:50:03.364-03:00  INFO 15156 --- [topomanager] [tomcat-handler-7] b.c.s.t.service.IdentificadorService     : ✅ Arquivo TXT gravado com sucesso em: /app/temp/20261005084955-28_sem_os_2/G17C3/G17C3-[5, 20].txt
2026-10-05T08:50:03.365-03:00  INFO 15156 --- [topomanager] [tomcat-handler-7] b.c.s.t.service.IdentificadorService     : ✅ Arquivo TXT gravado com sucesso em: /app/temp/20261005084955-28_sem_os_2/G17C3/G17C3-[5, 23].txt
2026-10-05T08:50:03.366-03:00  INFO 15156 --- [topomanager] [tomcat-handler-7] b.c.s.t.service.IdentificadorService     : ✅ Arquivo TXT gravado com sucesso em: /app/temp/20261005084955-28_sem_os_2/G17C3/G17C3-[5, 25].txt
2026-10-05T08:50:03.367-03:00  INFO 15156 --- [topomanager] [tomcat-handler-7] b.c.s.t.service.IdentificadorService     : ✅ Arquivo TXT gravado com sucesso em: /app/temp/20261005084955-28_sem_os_2/G17C3/G17C3-[6, 9].txt
2026-10-05T08:50:03.368-03:00  INFO 15156 --- [topomanager] [tomcat-handler-7] b.c.s.t.service.IdentificadorService     : ✅ Arquivo TXT gravado com sucesso em: /app/temp/20261005084955-28_sem_os_2/G17C3/G17C3-[6, 10].txt
2026-10-05T08:50:03.369-03:00  INFO 15156 --- [topomanager] [tomcat-handler-7] b.c.s.t.service.IdentificadorService     : ✅ Arquivo TXT gravado com sucesso em: /app/temp/20261005084955-28_sem_os_2/G17C3/G17C3-[6, 11].txt
2026-10-05T08:50:03.370-03:00  INFO 15156 --- [topomanager] [tomcat-handler-7] b.c.s.t.service.IdentificadorService     : ✅ Arquivo TXT gravado com sucesso em: /app/temp/20261005084955-28_sem_os_2/G17C3/G17C3-[6, 18].txt
2026-10-05T08:50:03.372-03:00  INFO 15156 --- [topomanager] [tomcat-handler-7] b.c.s.t.service.IdentificadorService     : ✅ Arquivo TXT gravado com sucesso em: /app/temp/20261005084955-28_sem_os_2/G17C3/G17C3-[6, 20].txt
2026-10-05T08:50:03.373-03:00  INFO 15156 --- [topomanager] [tomcat-handler-7] b.c.s.t.service.IdentificadorService     : ✅ Arquivo TXT gravado com sucesso em: /app/temp/20261005084955-28_sem_os_2/G17C3/G17C3-[6, 23].txt
2026-10-05T08:50:03.374-03:00  INFO 15156 --- [topomanager] [tomcat-handler-7] b.c.s.t.service.IdentificadorService     : ✅ Arquivo TXT gravado com sucesso em: /app/temp/20261005084955-28_sem_os_2/G17C3/G17C3-[6, 25].txt
2026-10-05T08:50:03.375-03:00  INFO 15156 --- [topomanager] [tomcat-handler-7] b.c.s.t.service.IdentificadorService     : ✅ Arquivo TXT gravado com sucesso em: /app/temp/20261005084955-28_sem_os_2/G17C3/G17C3-[9, 10].txt
2026-10-05T08:50:03.376-03:00  INFO 15156 --- [topomanager] [tomcat-handler-7] b.c.s.t.service.IdentificadorService     : ✅ Arquivo TXT gravado com sucesso em: /app/temp/20261005084955-28_sem_os_2/G17C3/G17C3-[9, 11].txt
2026-10-05T08:50:03.378-03:00  INFO 15156 --- [topomanager] [tomcat-handler-7] b.c.s.t.service.IdentificadorService     : ✅ Arquivo TXT gravado com sucesso em: /app/temp/20261005084955-28_sem_os_2/G17C3/G17C3-[9, 18].txt
2026-10-05T08:50:03.379-03:00  INFO 15156 --- [topomanager] [tomcat-handler-7] b.c.s.t.service.IdentificadorService     : ✅ Arquivo TXT gravado com sucesso em: /app/temp/20261005084955-28_sem_os_2/G17C3/G17C3-[9, 20].txt
2026-10-05T08:50:03.379-03:00  INFO 15156 --- [topomanager] [tomcat-handler-7] b.c.s.t.service.IdentificadorService     : ✅ Arquivo TXT gravado com sucesso em: /app/temp/20261005084955-28_sem_os_2/G17C3/G17C3-[9, 23].txt
2026-10-05T08:50:03.380-03:00  INFO 15156 --- [topomanager] [tomcat-handler-7] b.c.s.t.service.IdentificadorService     : ✅ Arquivo TXT gravado com sucesso em: /app/temp/20261005084955-28_sem_os_2/G17C3/G17C3-[9, 25].txt
2026-10-05T08:50:03.382-03:00  INFO 15156 --- [topomanager] [tomcat-handler-7] b.c.s.t.service.IdentificadorService     : ✅ Arquivo TXT gravado com sucesso em: /app/temp/20261005084955-28_sem_os_2/G17C3/G17C3-[10, 11].txt
2026-10-05T08:50:03.383-03:00  INFO 15156 --- [topomanager] [tomcat-handler-7] b.c.s.t.service.IdentificadorService     : ✅ Arquivo TXT gravado com sucesso em: /app/temp/20261005084955-28_sem_os_2/G17C3/G17C3-[10, 18].txt
2026-10-05T08:50:03.384-03:00  INFO 15156 --- [topomanager] [tomcat-handler-7] b.c.s.t.service.IdentificadorService     : ✅ Arquivo TXT gravado com sucesso em: /app/temp/20261005084955-28_sem_os_2/G17C3/G17C3-[10, 20].txt
2026-10-05T08:50:03.385-03:00  INFO 15156 --- [topomanager] [tomcat-handler-7] b.c.s.t.service.IdentificadorService     : ✅ Arquivo TXT gravado com sucesso em: /app/temp/20261005084955-28_sem_os_2/G17C3/G17C3-[10, 23].txt
2026-10-05T08:50:03.386-03:00  INFO 15156 --- [topomanager] [tomcat-handler-7] b.c.s.t.service.IdentificadorService     : ✅ Arquivo TXT gravado com sucesso em: /app/temp/20261005084955-28_sem_os_2/G17C3/G17C3-[10, 25].txt
2026-10-05T08:50:03.387-03:00  INFO 15156 --- [topomanager] [tomcat-handler-7] b.c.s.t.service.IdentificadorService     : ✅ Arquivo TXT gravado com sucesso em: /app/temp/20261005084955-28_sem_os_2/G17C3/G17C3-[11, 18].txt
2026-10-05T08:50:03.389-03:00  INFO 15156 --- [topomanager] [tomcat-handler-7] b.c.s.t.service.IdentificadorService     : ✅ Arquivo TXT gravado com sucesso em: /app/temp/20261005084955-28_sem_os_2/G17C3/G17C3-[11, 20].txt
2026-10-05T08:50:03.390-03:00  INFO 15156 --- [topomanager] [tomcat-handler-7] b.c.s.t.service.IdentificadorService     : ✅ Arquivo TXT gravado com sucesso em: /app/temp/20261005084955-28_sem_os_2/G17C3/G17C3-[11, 23].txt
2026-10-05T08:50:03.391-03:00  INFO 15156 --- [topomanager] [tomcat-handler-7] b.c.s.t.service.IdentificadorService     : ✅ Arquivo TXT gravado com sucesso em: /app/temp/20261005084955-28_sem_os_2/G17C3/G17C3-[11, 25].txt
2026-10-05T08:50:03.392-03:00  INFO 15156 --- [topomanager] [tomcat-handler-7] b.c.s.t.service.IdentificadorService     : ✅ Arquivo TXT gravado com sucesso em: /app/temp/20261005084955-28_sem_os_2/G17C3/G17C3-[18, 20].txt
2026-10-05T08:50:03.393-03:00  INFO 15156 --- [topomanager] [tomcat-handler-7] b.c.s.t.service.IdentificadorService     : ✅ Arquivo TXT gravado com sucesso em: /app/temp/20261005084955-28_sem_os_2/G17C3/G17C3-[18, 23].txt
2026-10-05T08:50:03.394-03:00  INFO 15156 --- [topomanager] [tomcat-handler-7] b.c.s.t.service.IdentificadorService     : ✅ Arquivo TXT gravado com sucesso em: /app/temp/20261005084955-28_sem_os_2/G17C3/G17C3-[18, 25].txt
2026-10-05T08:50:03.395-03:00  INFO 15156 --- [topomanager] [tomcat-handler-7] b.c.s.t.service.IdentificadorService     : ✅ Arquivo TXT gravado com sucesso em: /app/temp/20261005084955-28_sem_os_2/G17C3/G17C3-[20, 23].txt
2026-10-05T08:50:03.396-03:00  INFO 15156 --- [topomanager] [tomcat-handler-7] b.c.s.t.service.IdentificadorService     : ✅ Arquivo TXT gravado com sucesso em: /app/temp/20261005084955-28_sem_os_2/G17C3/G17C3-[20, 25].txt
2026-10-05T08:50:03.397-03:00  INFO 15156 --- [topomanager] [tomcat-handler-7] b.c.s.t.service.IdentificadorService     : ✅ Arquivo TXT gravado com sucesso em: /app/temp/20261005084955-28_sem_os_2/G17C3/G17C3-[23, 25].txt
2026-10-05T08:50:03.398-03:00  INFO 15156 --- [topomanager] [tomcat-handler-7] b.c.s.t.service.IdentificadorService     : ✅ Arquivo TXT gravado com sucesso em: /app/temp/20261005084955-28_sem_os_2/G10C4/G10C4-[2, 3].txt
2026-10-05T08:50:03.399-03:00  INFO 15156 --- [topomanager] [tomcat-handler-7] b.c.s.t.service.IdentificadorService     : ✅ Arquivo TXT gravado com sucesso em: /app/temp/20261005084955-28_sem_os_2/G10C4/G10C4-[2, 6].txt
2026-10-05T08:50:03.400-03:00  INFO 15156 --- [topomanager] [tomcat-handler-7] b.c.s.t.service.IdentificadorService     : ✅ Arquivo TXT gravado com sucesso em: /app/temp/20261005084955-28_sem_os_2/G10C4/G10C4-[2, 9].txt
2026-10-05T08:50:03.401-03:00  INFO 15156 --- [topomanager] [tomcat-handler-7] b.c.s.t.service.IdentificadorService     : ✅ Arquivo TXT gravado com sucesso em: /app/temp/20261005084955-28_sem_os_2/G10C4/G10C4-[2, 11].txt
2026-10-05T08:50:03.402-03:00  INFO 15156 --- [topomanager] [tomcat-handler-7] b.c.s.t.service.IdentificadorService     : ✅ Arquivo TXT gravado com sucesso em: /app/temp/20261005084955-28_sem_os_2/G10C4/G10C4-[2, 13].txt
2026-10-05T08:50:03.403-03:00  INFO 15156 --- [topomanager] [tomcat-handler-7] b.c.s.t.service.IdentificadorService     : ✅ Arquivo TXT gravado com sucesso em: /app/temp/20261005084955-28_sem_os_2/G10C4/G10C4-[2, 14].txt
2026-10-05T08:50:03.404-03:00  INFO 15156 --- [topomanager] [tomcat-handler-7] b.c.s.t.service.IdentificadorService     : ✅ Arquivo TXT gravado com sucesso em: /app/temp/20261005084955-28_sem_os_2/G10C4/G10C4-[2, 18].txt
2026-10-05T08:50:03.405-03:00  INFO 15156 --- [topomanager] [tomcat-handler-7] b.c.s.t.service.IdentificadorService     : ✅ Arquivo TXT gravado com sucesso em: /app/temp/20261005084955-28_sem_os_2/G10C4/G10C4-[2, 20].txt
2026-10-05T08:50:03.406-03:00  INFO 15156 --- [topomanager] [tomcat-handler-7] b.c.s.t.service.IdentificadorService     : ✅ Arquivo TXT gravado com sucesso em: /app/temp/20261005084955-28_sem_os_2/G10C4/G10C4-[2, 23].txt
2026-10-05T08:50:03.407-03:00  INFO 15156 --- [topomanager] [tomcat-handler-7] b.c.s.t.service.IdentificadorService     : ✅ Arquivo TXT gravado com sucesso em: /app/temp/20261005084955-28_sem_os_2/G10C4/G10C4-[2, 25].txt
2026-10-05T08:50:03.408-03:00  INFO 15156 --- [topomanager] [tomcat-handler-7] b.c.s.t.service.IdentificadorService     : ✅ Arquivo TXT gravado com sucesso em: /app/temp/20261005084955-28_sem_os_2/G10C4/G10C4-[3, 6].txt
2026-10-05T08:50:03.409-03:00  INFO 15156 --- [topomanager] [tomcat-handler-7] b.c.s.t.service.IdentificadorService     : ✅ Arquivo TXT gravado com sucesso em: /app/temp/20261005084955-28_sem_os_2/G10C4/G10C4-[3, 9].txt
2026-10-05T08:50:03.409-03:00  INFO 15156 --- [topomanager] [tomcat-handler-7] b.c.s.t.service.IdentificadorService     : ✅ Arquivo TXT gravado com sucesso em: /app/temp/20261005084955-28_sem_os_2/G10C4/G10C4-[3, 11].txt
2026-10-05T08:50:03.411-03:00  INFO 15156 --- [topomanager] [tomcat-handler-7] b.c.s.t.service.IdentificadorService     : ✅ Arquivo TXT gravado com sucesso em: /app/temp/20261005084955-28_sem_os_2/G10C4/G10C4-[3, 13].txt
2026-10-05T08:50:03.412-03:00  INFO 15156 --- [topomanager] [tomcat-handler-7] b.c.s.t.service.IdentificadorService     : ✅ Arquivo TXT gravado com sucesso em: /app/temp/20261005084955-28_sem_os_2/G10C4/G10C4-[3, 14].txt
2026-10-05T08:50:03.413-03:00  INFO 15156 --- [topomanager] [tomcat-handler-7] b.c.s.t.service.IdentificadorService     : ✅ Arquivo TXT gravado com sucesso em: /app/temp/20261005084955-28_sem_os_2/G10C4/G10C4-[3, 18].txt
2026-10-05T08:50:03.414-03:00  INFO 15156 --- [topomanager] [tomcat-handler-7] b.c.s.t.service.IdentificadorService     : ✅ Arquivo TXT gravado com sucesso em: /app/temp/20261005084955-28_sem_os_2/G10C4/G10C4-[3, 20].txt
2026-10-05T08:50:03.415-03:00  INFO 15156 --- [topomanager] [tomcat-handler-7] b.c.s.t.service.IdentificadorService     : ✅ Arquivo TXT gravado com sucesso em: /app/temp/20261005084955-28_sem_os_2/G10C4/G10C4-[3, 23].txt
2026-10-05T08:50:03.416-03:00  INFO 15156 --- [topomanager] [tomcat-handler-7] b.c.s.t.service.IdentificadorService     : ✅ Arquivo TXT gravado com sucesso em: /app/temp/20261005084955-28_sem_os_2/G10C4/G10C4-[3, 25].txt
2026-10-05T08:50:03.417-03:00  INFO 15156 --- [topomanager] [tomcat-handler-7] b.c.s.t.service.IdentificadorService     : ✅ Arquivo TXT gravado com sucesso em: /app/temp/20261005084955-28_sem_os_2/G10C4/G10C4-[6, 9].txt
2026-10-05T08:50:03.417-03:00  INFO 15156 --- [topomanager] [tomcat-handler-7] b.c.s.t.service.IdentificadorService     : ✅ Arquivo TXT gravado com sucesso em: /app/temp/20261005084955-28_sem_os_2/G10C4/G10C4-[6, 11].txt
2026-10-05T08:50:03.418-03:00  INFO 15156 --- [topomanager] [tomcat-handler-7] b.c.s.t.service.IdentificadorService     : ✅ Arquivo TXT gravado com sucesso em: /app/temp/20261005084955-28_sem_os_2/G10C4/G10C4-[6, 13].txt
2026-10-05T08:50:03.420-03:00  INFO 15156 --- [topomanager] [tomcat-handler-7] b.c.s.t.service.IdentificadorService     : ✅ Arquivo TXT gravado com sucesso em: /app/temp/20261005084955-28_sem_os_2/G10C4/G10C4-[6, 14].txt
2026-10-05T08:50:03.421-03:00  INFO 15156 --- [topomanager] [tomcat-handler-7] b.c.s.t.service.IdentificadorService     : ✅ Arquivo TXT gravado com sucesso em: /app/temp/20261005084955-28_sem_os_2/G10C4/G10C4-[6, 18].txt
2026-10-05T08:50:03.421-03:00  INFO 15156 --- [topomanager] [tomcat-handler-7] b.c.s.t.service.IdentificadorService     : ✅ Arquivo TXT gravado com sucesso em: /app/temp/20261005084955-28_sem_os_2/G10C4/G10C4-[6, 20].txt
2026-10-05T08:50:03.422-03:00  INFO 15156 --- [topomanager] [tomcat-handler-7] b.c.s.t.service.IdentificadorService     : ✅ Arquivo TXT gravado com sucesso em: /app/temp/20261005084955-28_sem_os_2/G10C4/G10C4-[6, 23].txt
2026-10-05T08:50:03.423-03:00  INFO 15156 --- [topomanager] [tomcat-handler-7] b.c.s.t.service.IdentificadorService     : ✅ Arquivo TXT gravado com sucesso em: /app/temp/20261005084955-28_sem_os_2/G10C4/G10C4-[6, 25].txt
2026-10-05T08:50:03.424-03:00  INFO 15156 --- [topomanager] [tomcat-handler-7] b.c.s.t.service.IdentificadorService     : ✅ Arquivo TXT gravado com sucesso em: /app/temp/20261005084955-28_sem_os_2/G10C4/G10C4-[9, 11].txt
2026-10-05T08:50:03.425-03:00  INFO 15156 --- [topomanager] [tomcat-handler-7] b.c.s.t.service.IdentificadorService     : ✅ Arquivo TXT gravado com sucesso em: /app/temp/20261005084955-28_sem_os_2/G10C4/G10C4-[9, 13].txt
2026-10-05T08:50:03.426-03:00  INFO 15156 --- [topomanager] [tomcat-handler-7] b.c.s.t.service.IdentificadorService     : ✅ Arquivo TXT gravado com sucesso em: /app/temp/20261005084955-28_sem_os_2/G10C4/G10C4-[9, 14].txt
2026-10-05T08:50:03.427-03:00  INFO 15156 --- [topomanager] [tomcat-handler-7] b.c.s.t.service.IdentificadorService     : ✅ Arquivo TXT gravado com sucesso em: /app/temp/20261005084955-28_sem_os_2/G10C4/G10C4-[9, 18].txt
2026-10-05T08:50:03.428-03:00  INFO 15156 --- [topomanager] [tomcat-handler-7] b.c.s.t.service.IdentificadorService     : ✅ Arquivo TXT gravado com sucesso em: /app/temp/20261005084955-28_sem_os_2/G10C4/G10C4-[9, 20].txt
2026-10-05T08:50:03.428-03:00  INFO 15156 --- [topomanager] [tomcat-handler-7] b.c.s.t.service.IdentificadorService     : ✅ Arquivo TXT gravado com sucesso em: /app/temp/20261005084955-28_sem_os_2/G10C4/G10C4-[9, 23].txt
2026-10-05T08:50:03.429-03:00  INFO 15156 --- [topomanager] [tomcat-handler-7] b.c.s.t.service.IdentificadorService     : ✅ Arquivo TXT gravado com sucesso em: /app/temp/20261005084955-28_sem_os_2/G10C4/G10C4-[9, 25].txt
2026-10-05T08:50:03.430-03:00  INFO 15156 --- [topomanager] [tomcat-handler-7] b.c.s.t.service.IdentificadorService     : ✅ Arquivo TXT gravado com sucesso em: /app/temp/20261005084955-28_sem_os_2/G10C4/G10C4-[11, 13].txt
2026-10-05T08:50:03.431-03:00  INFO 15156 --- [topomanager] [tomcat-handler-7] b.c.s.t.service.IdentificadorService     : ✅ Arquivo TXT gravado com sucesso em: /app/temp/20261005084955-28_sem_os_2/G10C4/G10C4-[11, 14].txt
2026-10-05T08:50:03.432-03:00  INFO 15156 --- [topomanager] [tomcat-handler-7] b.c.s.t.service.IdentificadorService     : ✅ Arquivo TXT gravado com sucesso em: /app/temp/20261005084955-28_sem_os_2/G10C4/G10C4-[11, 18].txt
2026-10-05T08:50:03.433-03:00  INFO 15156 --- [topomanager] [tomcat-handler-7] b.c.s.t.service.IdentificadorService     : ✅ Arquivo TXT gravado com sucesso em: /app/temp/20261005084955-28_sem_os_2/G10C4/G10C4-[11, 20].txt
2026-10-05T08:50:03.433-03:00  INFO 15156 --- [topomanager] [tomcat-handler-7] b.c.s.t.service.IdentificadorService     : ✅ Arquivo TXT gravado com sucesso em: /app/temp/20261005084955-28_sem_os_2/G10C4/G10C4-[11, 23].txt
2026-10-05T08:50:03.434-03:00  INFO 15156 --- [topomanager] [tomcat-handler-7] b.c.s.t.service.IdentificadorService     : ✅ Arquivo TXT gravado com sucesso em: /app/temp/20261005084955-28_sem_os_2/G10C4/G10C4-[11, 25].txt
2026-10-05T08:50:03.435-03:00  INFO 15156 --- [topomanager] [tomcat-handler-7] b.c.s.t.service.IdentificadorService     : ✅ Arquivo TXT gravado com sucesso em: /app/temp/20261005084955-28_sem_os_2/G10C4/G10C4-[13, 14].txt
2026-10-05T08:50:03.436-03:00  INFO 15156 --- [topomanager] [tomcat-handler-7] b.c.s.t.service.IdentificadorService     : ✅ Arquivo TXT gravado com sucesso em: /app/temp/20261005084955-28_sem_os_2/G10C4/G10C4-[13, 18].txt
2026-10-05T08:50:03.437-03:00  INFO 15156 --- [topomanager] [tomcat-handler-7] b.c.s.t.service.IdentificadorService     : ✅ Arquivo TXT gravado com sucesso em: /app/temp/20261005084955-28_sem_os_2/G10C4/G10C4-[13, 20].txt
2026-10-05T08:50:03.438-03:00  INFO 15156 --- [topomanager] [tomcat-handler-7] b.c.s.t.service.IdentificadorService     : ✅ Arquivo TXT gravado com sucesso em: /app/temp/20261005084955-28_sem_os_2/G10C4/G10C4-[13, 23].txt
2026-10-05T08:50:03.439-03:00  INFO 15156 --- [topomanager] [tomcat-handler-7] b.c.s.t.service.IdentificadorService     : ✅ Arquivo TXT gravado com sucesso em: /app/temp/20261005084955-28_sem_os_2/G10C4/G10C4-[13, 25].txt
2026-10-05T08:50:03.440-03:00  INFO 15156 --- [topomanager] [tomcat-handler-7] b.c.s.t.service.IdentificadorService     : ✅ Arquivo TXT gravado com sucesso em: /app/temp/20261005084955-28_sem_os_2/G10C4/G10C4-[14, 18].txt
2026-10-05T08:50:03.441-03:00  INFO 15156 --- [topomanager] [tomcat-handler-7] b.c.s.t.service.IdentificadorService     : ✅ Arquivo TXT gravado com sucesso em: /app/temp/20261005084955-28_sem_os_2/G10C4/G10C4-[14, 20].txt
2026-10-05T08:50:03.442-03:00  INFO 15156 --- [topomanager] [tomcat-handler-7] b.c.s.t.service.IdentificadorService     : ✅ Arquivo TXT gravado com sucesso em: /app/temp/20261005084955-28_sem_os_2/G10C4/G10C4-[14, 23].txt
2026-10-05T08:50:03.443-03:00  INFO 15156 --- [topomanager] [tomcat-handler-7] b.c.s.t.service.IdentificadorService     : ✅ Arquivo TXT gravado com sucesso em: /app/temp/20261005084955-28_sem_os_2/G10C4/G10C4-[14, 25].txt
2026-10-05T08:50:03.444-03:00  INFO 15156 --- [topomanager] [tomcat-handler-7] b.c.s.t.service.IdentificadorService     : ✅ Arquivo TXT gravado com sucesso em: /app/temp/20261005084955-28_sem_os_2/G10C4/G10C4-[18, 20].txt
2026-10-05T08:50:03.445-03:00  INFO 15156 --- [topomanager] [tomcat-handler-7] b.c.s.t.service.IdentificadorService     : ✅ Arquivo TXT gravado com sucesso em: /app/temp/20261005084955-28_sem_os_2/G10C4/G10C4-[18, 23].txt
2026-10-05T08:50:03.446-03:00  INFO 15156 --- [topomanager] [tomcat-handler-7] b.c.s.t.service.IdentificadorService     : ✅ Arquivo TXT gravado com sucesso em: /app/temp/20261005084955-28_sem_os_2/G10C4/G10C4-[18, 25].txt
2026-10-05T08:50:03.447-03:00  INFO 15156 --- [topomanager] [tomcat-handler-7] b.c.s.t.service.IdentificadorService     : ✅ Arquivo TXT gravado com sucesso em: /app/temp/20261005084955-28_sem_os_2/G10C4/G10C4-[20, 23].txt
2026-10-05T08:50:03.448-03:00  INFO 15156 --- [topomanager] [tomcat-handler-7] b.c.s.t.service.IdentificadorService     : ✅ Arquivo TXT gravado com sucesso em: /app/temp/20261005084955-28_sem_os_2/G10C4/G10C4-[20, 25].txt
2026-10-05T08:50:03.449-03:00  INFO 15156 --- [topomanager] [tomcat-handler-7] b.c.s.t.service.IdentificadorService     : ✅ Arquivo TXT gravado com sucesso em: /app/temp/20261005084955-28_sem_os_2/G10C4/G10C4-[23, 25].txt
2026-10-05T08:50:03.449-03:00  INFO 15156 --- [topomanager] [tomcat-handler-7] b.c.s.t.service.IdentificadorService     : ✅ Arquivo TXT gravado com sucesso em: /app/temp/20261005084955-28_sem_os_2/G10C2/G10C2-[2, 6].txt
2026-10-05T08:50:03.450-03:00  INFO 15156 --- [topomanager] [tomcat-handler-7] b.c.s.t.service.IdentificadorService     : ✅ Arquivo TXT gravado com sucesso em: /app/temp/20261005084955-28_sem_os_2/G10C2/G10C2-[2, 9].txt
2026-10-05T08:50:03.451-03:00  INFO 15156 --- [topomanager] [tomcat-handler-7] b.c.s.t.service.IdentificadorService     : ✅ Arquivo TXT gravado com sucesso em: /app/temp/20261005084955-28_sem_os_2/G10C2/G10C2-[2, 11].txt
2026-10-05T08:50:03.452-03:00  INFO 15156 --- [topomanager] [tomcat-handler-7] b.c.s.t.service.IdentificadorService     : ✅ Arquivo TXT gravado com sucesso em: /app/temp/20261005084955-28_sem_os_2/G10C2/G10C2-[2, 13].txt
2026-10-05T08:50:03.453-03:00  INFO 15156 --- [topomanager] [tomcat-handler-7] b.c.s.t.service.IdentificadorService     : ✅ Arquivo TXT gravado com sucesso em: /app/temp/20261005084955-28_sem_os_2/G10C2/G10C2-[2, 16].txt
2026-10-05T08:50:03.455-03:00  INFO 15156 --- [topomanager] [tomcat-handler-7] b.c.s.t.service.IdentificadorService     : ✅ Arquivo TXT gravado com sucesso em: /app/temp/20261005084955-28_sem_os_2/G10C2/G10C2-[2, 18].txt
2026-10-05T08:50:03.456-03:00  INFO 15156 --- [topomanager] [tomcat-handler-7] b.c.s.t.service.IdentificadorService     : ✅ Arquivo TXT gravado com sucesso em: /app/temp/20261005084955-28_sem_os_2/G10C2/G10C2-[2, 20].txt
2026-10-05T08:50:03.457-03:00  INFO 15156 --- [topomanager] [tomcat-handler-7] b.c.s.t.service.IdentificadorService     : ✅ Arquivo TXT gravado com sucesso em: /app/temp/20261005084955-28_sem_os_2/G10C2/G10C2-[2, 23].txt
2026-10-05T08:50:03.458-03:00  INFO 15156 --- [topomanager] [tomcat-handler-7] b.c.s.t.service.IdentificadorService     : ✅ Arquivo TXT gravado com sucesso em: /app/temp/20261005084955-28_sem_os_2/G10C2/G10C2-[2, 24].txt
2026-10-05T08:50:03.459-03:00  INFO 15156 --- [topomanager] [tomcat-handler-7] b.c.s.t.service.IdentificadorService     : ✅ Arquivo TXT gravado com sucesso em: /app/temp/20261005084955-28_sem_os_2/G10C2/G10C2-[2, 25].txt
2026-10-05T08:50:03.460-03:00  INFO 15156 --- [topomanager] [tomcat-handler-7] b.c.s.t.service.IdentificadorService     : ✅ Arquivo TXT gravado com sucesso em: /app/temp/20261005084955-28_sem_os_2/G10C2/G10C2-[6, 9].txt
2026-10-05T08:50:03.461-03:00  INFO 15156 --- [topomanager] [tomcat-handler-7] b.c.s.t.service.IdentificadorService     : ✅ Arquivo TXT gravado com sucesso em: /app/temp/20261005084955-28_sem_os_2/G10C2/G10C2-[6, 11].txt
2026-10-05T08:50:03.462-03:00  INFO 15156 --- [topomanager] [tomcat-handler-7] b.c.s.t.service.IdentificadorService     : ✅ Arquivo TXT gravado com sucesso em: /app/temp/20261005084955-28_sem_os_2/G10C2/G10C2-[6, 13].txt
2026-10-05T08:50:03.464-03:00  INFO 15156 --- [topomanager] [tomcat-handler-7] b.c.s.t.service.IdentificadorService     : ✅ Arquivo TXT gravado com sucesso em: /app/temp/20261005084955-28_sem_os_2/G10C2/G10C2-[6, 16].txt
2026-10-05T08:50:03.465-03:00  INFO 15156 --- [topomanager] [tomcat-handler-7] b.c.s.t.service.IdentificadorService     : ✅ Arquivo TXT gravado com sucesso em: /app/temp/20261005084955-28_sem_os_2/G10C2/G10C2-[6, 18].txt
2026-10-05T08:50:03.466-03:00  INFO 15156 --- [topomanager] [tomcat-handler-7] b.c.s.t.service.IdentificadorService     : ✅ Arquivo TXT gravado com sucesso em: /app/temp/20261005084955-28_sem_os_2/G10C2/G10C2-[6, 20].txt
2026-10-05T08:50:03.468-03:00  INFO 15156 --- [topomanager] [tomcat-handler-7] b.c.s.t.service.IdentificadorService     : ✅ Arquivo TXT gravado com sucesso em: /app/temp/20261005084955-28_sem_os_2/G10C2/G10C2-[6, 23].txt
2026-10-05T08:50:03.470-03:00  INFO 15156 --- [topomanager] [tomcat-handler-7] b.c.s.t.service.IdentificadorService     : ✅ Arquivo TXT gravado com sucesso em: /app/temp/20261005084955-28_sem_os_2/G10C2/G10C2-[6, 24].txt
2026-10-05T08:50:03.471-03:00  INFO 15156 --- [topomanager] [tomcat-handler-7] b.c.s.t.service.IdentificadorService     : ✅ Arquivo TXT gravado com sucesso em: /app/temp/20261005084955-28_sem_os_2/G10C2/G10C2-[6, 25].txt
2026-10-05T08:50:03.473-03:00  INFO 15156 --- [topomanager] [tomcat-handler-7] b.c.s.t.service.IdentificadorService     : ✅ Arquivo TXT gravado com sucesso em: /app/temp/20261005084955-28_sem_os_2/G10C2/G10C2-[9, 11].txt
2026-10-05T08:50:03.474-03:00  INFO 15156 --- [topomanager] [tomcat-handler-7] b.c.s.t.service.IdentificadorService     : ✅ Arquivo TXT gravado com sucesso em: /app/temp/20261005084955-28_sem_os_2/G10C2/G10C2-[9, 13].txt
2026-10-05T08:50:03.475-03:00  INFO 15156 --- [topomanager] [tomcat-handler-7] b.c.s.t.service.IdentificadorService     : ✅ Arquivo TXT gravado com sucesso em: /app/temp/20261005084955-28_sem_os_2/G10C2/G10C2-[9, 16].txt
2026-10-05T08:50:03.477-03:00  INFO 15156 --- [topomanager] [tomcat-handler-7] b.c.s.t.service.IdentificadorService     : ✅ Arquivo TXT gravado com sucesso em: /app/temp/20261005084955-28_sem_os_2/G10C2/G10C2-[9, 18].txt
2026-10-05T08:50:03.479-03:00  INFO 15156 --- [topomanager] [tomcat-handler-7] b.c.s.t.service.IdentificadorService     : ✅ Arquivo TXT gravado com sucesso em: /app/temp/20261005084955-28_sem_os_2/G10C2/G10C2-[9, 20].txt
2026-10-05T08:50:03.480-03:00  INFO 15156 --- [topomanager] [tomcat-handler-7] b.c.s.t.service.IdentificadorService     : ✅ Arquivo TXT gravado com sucesso em: /app/temp/20261005084955-28_sem_os_2/G10C2/G10C2-[9, 23].txt
2026-10-05T08:50:03.482-03:00  INFO 15156 --- [topomanager] [tomcat-handler-7] b.c.s.t.service.IdentificadorService     : ✅ Arquivo TXT gravado com sucesso em: /app/temp/20261005084955-28_sem_os_2/G10C2/G10C2-[9, 24].txt
2026-10-05T08:50:03.483-03:00  INFO 15156 --- [topomanager] [tomcat-handler-7] b.c.s.t.service.IdentificadorService     : ✅ Arquivo TXT gravado com sucesso em: /app/temp/20261005084955-28_sem_os_2/G10C2/G10C2-[9, 25].txt
2026-10-05T08:50:03.484-03:00  INFO 15156 --- [topomanager] [tomcat-handler-7] b.c.s.t.service.IdentificadorService     : ✅ Arquivo TXT gravado com sucesso em: /app/temp/20261005084955-28_sem_os_2/G10C2/G10C2-[11, 13].txt
2026-10-05T08:50:03.486-03:00  INFO 15156 --- [topomanager] [tomcat-handler-7] b.c.s.t.service.IdentificadorService     : ✅ Arquivo TXT gravado com sucesso em: /app/temp/20261005084955-28_sem_os_2/G10C2/G10C2-[11, 16].txt
2026-10-05T08:50:03.487-03:00  INFO 15156 --- [topomanager] [tomcat-handler-7] b.c.s.t.service.IdentificadorService     : ✅ Arquivo TXT gravado com sucesso em: /app/temp/20261005084955-28_sem_os_2/G10C2/G10C2-[11, 18].txt
2026-10-05T08:50:03.489-03:00  INFO 15156 --- [topomanager] [tomcat-handler-7] b.c.s.t.service.IdentificadorService     : ✅ Arquivo TXT gravado com sucesso em: /app/temp/20261005084955-28_sem_os_2/G10C2/G10C2-[11, 20].txt
2026-10-05T08:50:03.490-03:00  INFO 15156 --- [topomanager] [tomcat-handler-7] b.c.s.t.service.IdentificadorService     : ✅ Arquivo TXT gravado com sucesso em: /app/temp/20261005084955-28_sem_os_2/G10C2/G10C2-[11, 23].txt
2026-10-05T08:50:03.491-03:00  INFO 15156 --- [topomanager] [tomcat-handler-7] b.c.s.t.service.IdentificadorService     : ✅ Arquivo TXT gravado com sucesso em: /app/temp/20261005084955-28_sem_os_2/G10C2/G10C2-[11, 24].txt
2026-10-05T08:50:03.493-03:00  INFO 15156 --- [topomanager] [tomcat-handler-7] b.c.s.t.service.IdentificadorService     : ✅ Arquivo TXT gravado com sucesso em: /app/temp/20261005084955-28_sem_os_2/G10C2/G10C2-[11, 25].txt
2026-10-05T08:50:03.493-03:00  INFO 15156 --- [topomanager] [tomcat-handler-7] b.c.s.t.service.IdentificadorService     : ✅ Arquivo TXT gravado com sucesso em: /app/temp/20261005084955-28_sem_os_2/G10C2/G10C2-[13, 16].txt
2026-10-05T08:50:03.494-03:00  INFO 15156 --- [topomanager] [tomcat-handler-7] b.c.s.t.service.IdentificadorService     : ✅ Arquivo TXT gravado com sucesso em: /app/temp/20261005084955-28_sem_os_2/G10C2/G10C2-[13, 18].txt
2026-10-05T08:50:03.495-03:00  INFO 15156 --- [topomanager] [tomcat-handler-7] b.c.s.t.service.IdentificadorService     : ✅ Arquivo TXT gravado com sucesso em: /app/temp/20261005084955-28_sem_os_2/G10C2/G10C2-[13, 20].txt
2026-10-05T08:50:03.497-03:00  INFO 15156 --- [topomanager] [tomcat-handler-7] b.c.s.t.service.IdentificadorService     : ✅ Arquivo TXT gravado com sucesso em: /app/temp/20261005084955-28_sem_os_2/G10C2/G10C2-[13, 23].txt
2026-10-05T08:50:03.497-03:00  INFO 15156 --- [topomanager] [tomcat-handler-7] b.c.s.t.service.IdentificadorService     : ✅ Arquivo TXT gravado com sucesso em: /app/temp/20261005084955-28_sem_os_2/G10C2/G10C2-[13, 24].txt
2026-10-05T08:50:03.498-03:00  INFO 15156 --- [topomanager] [tomcat-handler-7] b.c.s.t.service.IdentificadorService     : ✅ Arquivo TXT gravado com sucesso em: /app/temp/20261005084955-28_sem_os_2/G10C2/G10C2-[13, 25].txt
2026-10-05T08:50:03.499-03:00  INFO 15156 --- [topomanager] [tomcat-handler-7] b.c.s.t.service.IdentificadorService     : ✅ Arquivo TXT gravado com sucesso em: /app/temp/20261005084955-28_sem_os_2/G10C2/G10C2-[16, 18].txt
2026-10-05T08:50:03.499-03:00  INFO 15156 --- [topomanager] [tomcat-handler-7] b.c.s.t.service.IdentificadorService     : ✅ Arquivo TXT gravado com sucesso em: /app/temp/20261005084955-28_sem_os_2/G10C2/G10C2-[16, 20].txt
2026-10-05T08:50:03.500-03:00  INFO 15156 --- [topomanager] [tomcat-handler-7] b.c.s.t.service.IdentificadorService     : ✅ Arquivo TXT gravado com sucesso em: /app/temp/20261005084955-28_sem_os_2/G10C2/G10C2-[16, 23].txt
2026-10-05T08:50:03.501-03:00  INFO 15156 --- [topomanager] [tomcat-handler-7] b.c.s.t.service.IdentificadorService     : ✅ Arquivo TXT gravado com sucesso em: /app/temp/20261005084955-28_sem_os_2/G10C2/G10C2-[16, 24].txt
2026-10-05T08:50:03.501-03:00  INFO 15156 --- [topomanager] [tomcat-handler-7] b.c.s.t.service.IdentificadorService     : ✅ Arquivo TXT gravado com sucesso em: /app/temp/20261005084955-28_sem_os_2/G10C2/G10C2-[16, 25].txt
2026-10-05T08:50:03.502-03:00  INFO 15156 --- [topomanager] [tomcat-handler-7] b.c.s.t.service.IdentificadorService     : ✅ Arquivo TXT gravado com sucesso em: /app/temp/20261005084955-28_sem_os_2/G10C2/G10C2-[18, 20].txt
2026-10-05T08:50:03.503-03:00  INFO 15156 --- [topomanager] [tomcat-handler-7] b.c.s.t.service.IdentificadorService     : ✅ Arquivo TXT gravado com sucesso em: /app/temp/20261005084955-28_sem_os_2/G10C2/G10C2-[18, 23].txt
2026-10-05T08:50:03.504-03:00  INFO 15156 --- [topomanager] [tomcat-handler-7] b.c.s.t.service.IdentificadorService     : ✅ Arquivo TXT gravado com sucesso em: /app/temp/20261005084955-28_sem_os_2/G10C2/G10C2-[18, 24].txt
2026-10-05T08:50:03.504-03:00  INFO 15156 --- [topomanager] [tomcat-handler-7] b.c.s.t.service.IdentificadorService     : ✅ Arquivo TXT gravado com sucesso em: /app/temp/20261005084955-28_sem_os_2/G10C2/G10C2-[18, 25].txt
2026-10-05T08:50:03.505-03:00  INFO 15156 --- [topomanager] [tomcat-handler-7] b.c.s.t.service.IdentificadorService     : ✅ Arquivo TXT gravado com sucesso em: /app/temp/20261005084955-28_sem_os_2/G10C2/G10C2-[20, 23].txt
2026-10-05T08:50:03.506-03:00  INFO 15156 --- [topomanager] [tomcat-handler-7] b.c.s.t.service.IdentificadorService     : ✅ Arquivo TXT gravado com sucesso em: /app/temp/20261005084955-28_sem_os_2/G10C2/G10C2-[20, 24].txt
2026-10-05T08:50:03.507-03:00  INFO 15156 --- [topomanager] [tomcat-handler-7] b.c.s.t.service.IdentificadorService     : ✅ Arquivo TXT gravado com sucesso em: /app/temp/20261005084955-28_sem_os_2/G10C2/G10C2-[20, 25].txt
2026-10-05T08:50:03.508-03:00  INFO 15156 --- [topomanager] [tomcat-handler-7] b.c.s.t.service.IdentificadorService     : ✅ Arquivo TXT gravado com sucesso em: /app/temp/20261005084955-28_sem_os_2/G10C2/G10C2-[23, 24].txt
2026-10-05T08:50:03.509-03:00  INFO 15156 --- [topomanager] [tomcat-handler-7] b.c.s.t.service.IdentificadorService     : ✅ Arquivo TXT gravado com sucesso em: /app/temp/20261005084955-28_sem_os_2/G10C2/G10C2-[23, 25].txt
2026-10-05T08:50:03.509-03:00  INFO 15156 --- [topomanager] [tomcat-handler-7] b.c.s.t.service.IdentificadorService     : ✅ Arquivo TXT gravado com sucesso em: /app/temp/20261005084955-28_sem_os_2/G10C2/G10C2-[24, 25].txt
2026-10-05T08:50:03.510-03:00  INFO 15156 --- [topomanager] [tomcat-handler-7] b.c.s.t.service.IdentificadorService     : ✅ Arquivo TXT gravado com sucesso em: /app/temp/20261005084955-28_sem_os_2/G10C7/G10C7-[2, 3].txt
2026-10-05T08:50:03.513-03:00  INFO 15156 --- [topomanager] [tomcat-handler-7] b.c.s.t.service.IdentificadorService     : ✅ Arquivo TXT gravado com sucesso em: /app/temp/20261005084955-28_sem_os_2/G10C7/G10C7-[2, 6].txt
2026-10-05T08:50:03.514-03:00  INFO 15156 --- [topomanager] [tomcat-handler-7] b.c.s.t.service.IdentificadorService     : ✅ Arquivo TXT gravado com sucesso em: /app/temp/20261005084955-28_sem_os_2/G10C7/G10C7-[2, 9].txt
2026-10-05T08:50:03.514-03:00  INFO 15156 --- [topomanager] [tomcat-handler-7] b.c.s.t.service.IdentificadorService     : ✅ Arquivo TXT gravado com sucesso em: /app/temp/20261005084955-28_sem_os_2/G10C7/G10C7-[2, 13].txt
2026-10-05T08:50:03.515-03:00  INFO 15156 --- [topomanager] [tomcat-handler-7] b.c.s.t.service.IdentificadorService     : ✅ Arquivo TXT gravado com sucesso em: /app/temp/20261005084955-28_sem_os_2/G10C7/G10C7-[2, 14].txt
2026-10-05T08:50:03.516-03:00  INFO 15156 --- [topomanager] [tomcat-handler-7] b.c.s.t.service.IdentificadorService     : ✅ Arquivo TXT gravado com sucesso em: /app/temp/20261005084955-28_sem_os_2/G10C7/G10C7-[2, 16].txt
2026-10-05T08:50:03.517-03:00  INFO 15156 --- [topomanager] [tomcat-handler-7] b.c.s.t.service.IdentificadorService     : ✅ Arquivo TXT gravado com sucesso em: /app/temp/20261005084955-28_sem_os_2/G10C7/G10C7-[2, 18].txt
2026-10-05T08:50:03.518-03:00  INFO 15156 --- [topomanager] [tomcat-handler-7] b.c.s.t.service.IdentificadorService     : ✅ Arquivo TXT gravado com sucesso em: /app/temp/20261005084955-28_sem_os_2/G10C7/G10C7-[2, 23].txt
2026-10-05T08:50:03.519-03:00  INFO 15156 --- [topomanager] [tomcat-handler-7] b.c.s.t.service.IdentificadorService     : ✅ Arquivo TXT gravado com sucesso em: /app/temp/20261005084955-28_sem_os_2/G10C7/G10C7-[2, 24].txt
2026-10-05T08:50:03.520-03:00  INFO 15156 --- [topomanager] [tomcat-handler-7] b.c.s.t.service.IdentificadorService     : ✅ Arquivo TXT gravado com sucesso em: /app/temp/20261005084955-28_sem_os_2/G10C7/G10C7-[2, 25].txt
2026-10-05T08:50:03.521-03:00  INFO 15156 --- [topomanager] [tomcat-handler-7] b.c.s.t.service.IdentificadorService     : ✅ Arquivo TXT gravado com sucesso em: /app/temp/20261005084955-28_sem_os_2/G10C7/G10C7-[3, 6].txt
2026-10-05T08:50:03.522-03:00  INFO 15156 --- [topomanager] [tomcat-handler-7] b.c.s.t.service.IdentificadorService     : ✅ Arquivo TXT gravado com sucesso em: /app/temp/20261005084955-28_sem_os_2/G10C7/G10C7-[3, 9].txt
2026-10-05T08:50:03.522-03:00  INFO 15156 --- [topomanager] [tomcat-handler-7] b.c.s.t.service.IdentificadorService     : ✅ Arquivo TXT gravado com sucesso em: /app/temp/20261005084955-28_sem_os_2/G10C7/G10C7-[3, 13].txt
2026-10-05T08:50:03.525-03:00  INFO 15156 --- [topomanager] [tomcat-handler-7] b.c.s.t.service.IdentificadorService     : ✅ Arquivo TXT gravado com sucesso em: /app/temp/20261005084955-28_sem_os_2/G10C7/G10C7-[3, 14].txt
2026-10-05T08:50:03.525-03:00  INFO 15156 --- [topomanager] [tomcat-handler-7] b.c.s.t.service.IdentificadorService     : ✅ Arquivo TXT gravado com sucesso em: /app/temp/20261005084955-28_sem_os_2/G10C7/G10C7-[3, 16].txt
2026-10-05T08:50:03.526-03:00  INFO 15156 --- [topomanager] [tomcat-handler-7] b.c.s.t.service.IdentificadorService     : ✅ Arquivo TXT gravado com sucesso em: /app/temp/20261005084955-28_sem_os_2/G10C7/G10C7-[3, 18].txt
2026-10-05T08:50:03.527-03:00  INFO 15156 --- [topomanager] [tomcat-handler-7] b.c.s.t.service.IdentificadorService     : ✅ Arquivo TXT gravado com sucesso em: /app/temp/20261005084955-28_sem_os_2/G10C7/G10C7-[3, 23].txt
2026-10-05T08:50:03.528-03:00  INFO 15156 --- [topomanager] [tomcat-handler-7] b.c.s.t.service.IdentificadorService     : ✅ Arquivo TXT gravado com sucesso em: /app/temp/20261005084955-28_sem_os_2/G10C7/G10C7-[3, 24].txt
2026-10-05T08:50:03.529-03:00  INFO 15156 --- [topomanager] [tomcat-handler-7] b.c.s.t.service.IdentificadorService     : ✅ Arquivo TXT gravado com sucesso em: /app/temp/20261005084955-28_sem_os_2/G10C7/G10C7-[3, 25].txt
2026-10-05T08:50:03.529-03:00  INFO 15156 --- [topomanager] [tomcat-handler-7] b.c.s.t.service.IdentificadorService     : ✅ Arquivo TXT gravado com sucesso em: /app/temp/20261005084955-28_sem_os_2/G10C7/G10C7-[6, 9].txt
2026-10-05T08:50:03.530-03:00  INFO 15156 --- [topomanager] [tomcat-handler-7] b.c.s.t.service.IdentificadorService     : ✅ Arquivo TXT gravado com sucesso em: /app/temp/20261005084955-28_sem_os_2/G10C7/G10C7-[6, 13].txt
2026-10-05T08:50:03.531-03:00  INFO 15156 --- [topomanager] [tomcat-handler-7] b.c.s.t.service.IdentificadorService     : ✅ Arquivo TXT gravado com sucesso em: /app/temp/20261005084955-28_sem_os_2/G10C7/G10C7-[6, 14].txt
2026-10-05T08:50:03.531-03:00  INFO 15156 --- [topomanager] [tomcat-handler-7] b.c.s.t.service.IdentificadorService     : ✅ Arquivo TXT gravado com sucesso em: /app/temp/20261005084955-28_sem_os_2/G10C7/G10C7-[6, 16].txt
2026-10-05T08:50:03.532-03:00  INFO 15156 --- [topomanager] [tomcat-handler-7] b.c.s.t.service.IdentificadorService     : ✅ Arquivo TXT gravado com sucesso em: /app/temp/20261005084955-28_sem_os_2/G10C7/G10C7-[6, 18].txt
2026-10-05T08:50:03.533-03:00  INFO 15156 --- [topomanager] [tomcat-handler-7] b.c.s.t.service.IdentificadorService     : ✅ Arquivo TXT gravado com sucesso em: /app/temp/20261005084955-28_sem_os_2/G10C7/G10C7-[6, 23].txt
2026-10-05T08:50:03.534-03:00  INFO 15156 --- [topomanager] [tomcat-handler-7] b.c.s.t.service.IdentificadorService     : ✅ Arquivo TXT gravado com sucesso em: /app/temp/20261005084955-28_sem_os_2/G10C7/G10C7-[6, 24].txt
2026-10-05T08:50:03.535-03:00  INFO 15156 --- [topomanager] [tomcat-handler-7] b.c.s.t.service.IdentificadorService     : ✅ Arquivo TXT gravado com sucesso em: /app/temp/20261005084955-28_sem_os_2/G10C7/G10C7-[6, 25].txt
2026-10-05T08:50:03.536-03:00  INFO 15156 --- [topomanager] [tomcat-handler-7] b.c.s.t.service.IdentificadorService     : ✅ Arquivo TXT gravado com sucesso em: /app/temp/20261005084955-28_sem_os_2/G10C7/G10C7-[9, 13].txt
2026-10-05T08:50:03.536-03:00  INFO 15156 --- [topomanager] [tomcat-handler-7] b.c.s.t.service.IdentificadorService     : ✅ Arquivo TXT gravado com sucesso em: /app/temp/20261005084955-28_sem_os_2/G10C7/G10C7-[9, 14].txt
2026-10-05T08:50:03.537-03:00  INFO 15156 --- [topomanager] [tomcat-handler-7] b.c.s.t.service.IdentificadorService     : ✅ Arquivo TXT gravado com sucesso em: /app/temp/20261005084955-28_sem_os_2/G10C7/G10C7-[9, 16].txt
2026-10-05T08:50:03.538-03:00  INFO 15156 --- [topomanager] [tomcat-handler-7] b.c.s.t.service.IdentificadorService     : ✅ Arquivo TXT gravado com sucesso em: /app/temp/20261005084955-28_sem_os_2/G10C7/G10C7-[9, 18].txt
2026-10-05T08:50:03.538-03:00  INFO 15156 --- [topomanager] [tomcat-handler-7] b.c.s.t.service.IdentificadorService     : ✅ Arquivo TXT gravado com sucesso em: /app/temp/20261005084955-28_sem_os_2/G10C7/G10C7-[9, 23].txt
2026-10-05T08:50:03.539-03:00  INFO 15156 --- [topomanager] [tomcat-handler-7] b.c.s.t.service.IdentificadorService     : ✅ Arquivo TXT gravado com sucesso em: /app/temp/20261005084955-28_sem_os_2/G10C7/G10C7-[9, 24].txt
2026-10-05T08:50:03.540-03:00  INFO 15156 --- [topomanager] [tomcat-handler-7] b.c.s.t.service.IdentificadorService     : ✅ Arquivo TXT gravado com sucesso em: /app/temp/20261005084955-28_sem_os_2/G10C7/G10C7-[9, 25].txt
2026-10-05T08:50:03.541-03:00  INFO 15156 --- [topomanager] [tomcat-handler-7] b.c.s.t.service.IdentificadorService     : ✅ Arquivo TXT gravado com sucesso em: /app/temp/20261005084955-28_sem_os_2/G10C7/G10C7-[13, 14].txt
2026-10-05T08:50:03.542-03:00  INFO 15156 --- [topomanager] [tomcat-handler-7] b.c.s.t.service.IdentificadorService     : ✅ Arquivo TXT gravado com sucesso em: /app/temp/20261005084955-28_sem_os_2/G10C7/G10C7-[13, 16].txt
2026-10-05T08:50:03.542-03:00  INFO 15156 --- [topomanager] [tomcat-handler-7] b.c.s.t.service.IdentificadorService     : ✅ Arquivo TXT gravado com sucesso em: /app/temp/20261005084955-28_sem_os_2/G10C7/G10C7-[13, 18].txt
2026-10-05T08:50:03.543-03:00  INFO 15156 --- [topomanager] [tomcat-handler-7] b.c.s.t.service.IdentificadorService     : ✅ Arquivo TXT gravado com sucesso em: /app/temp/20261005084955-28_sem_os_2/G10C7/G10C7-[13, 23].txt
2026-10-05T08:50:03.544-03:00  INFO 15156 --- [topomanager] [tomcat-handler-7] b.c.s.t.service.IdentificadorService     : ✅ Arquivo TXT gravado com sucesso em: /app/temp/20261005084955-28_sem_os_2/G10C7/G10C7-[13, 24].txt
2026-10-05T08:50:03.544-03:00  INFO 15156 --- [topomanager] [tomcat-handler-7] b.c.s.t.service.IdentificadorService     : ✅ Arquivo TXT gravado com sucesso em: /app/temp/20261005084955-28_sem_os_2/G10C7/G10C7-[13, 25].txt
2026-10-05T08:50:03.545-03:00  INFO 15156 --- [topomanager] [tomcat-handler-7] b.c.s.t.service.IdentificadorService     : ✅ Arquivo TXT gravado com sucesso em: /app/temp/20261005084955-28_sem_os_2/G10C7/G10C7-[14, 16].txt
2026-10-05T08:50:03.546-03:00  INFO 15156 --- [topomanager] [tomcat-handler-7] b.c.s.t.service.IdentificadorService     : ✅ Arquivo TXT gravado com sucesso em: /app/temp/20261005084955-28_sem_os_2/G10C7/G10C7-[14, 18].txt
2026-10-05T08:50:03.546-03:00  INFO 15156 --- [topomanager] [tomcat-handler-7] b.c.s.t.service.IdentificadorService     : ✅ Arquivo TXT gravado com sucesso em: /app/temp/20261005084955-28_sem_os_2/G10C7/G10C7-[14, 23].txt
2026-10-05T08:50:03.547-03:00  INFO 15156 --- [topomanager] [tomcat-handler-7] b.c.s.t.service.IdentificadorService     : ✅ Arquivo TXT gravado com sucesso em: /app/temp/20261005084955-28_sem_os_2/G10C7/G10C7-[14, 24].txt
2026-10-05T08:50:03.548-03:00  INFO 15156 --- [topomanager] [tomcat-handler-7] b.c.s.t.service.IdentificadorService     : ✅ Arquivo TXT gravado com sucesso em: /app/temp/20261005084955-28_sem_os_2/G10C7/G10C7-[14, 25].txt
2026-10-05T08:50:03.550-03:00  INFO 15156 --- [topomanager] [tomcat-handler-7] b.c.s.t.service.IdentificadorService     : ✅ Arquivo TXT gravado com sucesso em: /app/temp/20261005084955-28_sem_os_2/G10C7/G10C7-[16, 18].txt
2026-10-05T08:50:03.551-03:00  INFO 15156 --- [topomanager] [tomcat-handler-7] b.c.s.t.service.IdentificadorService     : ✅ Arquivo TXT gravado com sucesso em: /app/temp/20261005084955-28_sem_os_2/G10C7/G10C7-[16, 23].txt
2026-10-05T08:50:03.552-03:00  INFO 15156 --- [topomanager] [tomcat-handler-7] b.c.s.t.service.IdentificadorService     : ✅ Arquivo TXT gravado com sucesso em: /app/temp/20261005084955-28_sem_os_2/G10C7/G10C7-[16, 24].txt
2026-10-05T08:50:03.552-03:00  INFO 15156 --- [topomanager] [tomcat-handler-7] b.c.s.t.service.IdentificadorService     : ✅ Arquivo TXT gravado com sucesso em: /app/temp/20261005084955-28_sem_os_2/G10C7/G10C7-[16, 25].txt
2026-10-05T08:50:03.553-03:00  INFO 15156 --- [topomanager] [tomcat-handler-7] b.c.s.t.service.IdentificadorService     : ✅ Arquivo TXT gravado com sucesso em: /app/temp/20261005084955-28_sem_os_2/G10C7/G10C7-[18, 23].txt
2026-10-05T08:50:03.554-03:00  INFO 15156 --- [topomanager] [tomcat-handler-7] b.c.s.t.service.IdentificadorService     : ✅ Arquivo TXT gravado com sucesso em: /app/temp/20261005084955-28_sem_os_2/G10C7/G10C7-[18, 24].txt
2026-10-05T08:50:03.555-03:00  INFO 15156 --- [topomanager] [tomcat-handler-7] b.c.s.t.service.IdentificadorService     : ✅ Arquivo TXT gravado com sucesso em: /app/temp/20261005084955-28_sem_os_2/G10C7/G10C7-[18, 25].txt
2026-10-05T08:50:03.555-03:00  INFO 15156 --- [topomanager] [tomcat-handler-7] b.c.s.t.service.IdentificadorService     : ✅ Arquivo TXT gravado com sucesso em: /app/temp/20261005084955-28_sem_os_2/G10C7/G10C7-[23, 24].txt
2026-10-05T08:50:03.556-03:00  INFO 15156 --- [topomanager] [tomcat-handler-7] b.c.s.t.service.IdentificadorService     : ✅ Arquivo TXT gravado com sucesso em: /app/temp/20261005084955-28_sem_os_2/G10C7/G10C7-[23, 25].txt
2026-10-05T08:50:03.556-03:00  INFO 15156 --- [topomanager] [tomcat-handler-7] b.c.s.t.service.IdentificadorService     : ✅ Arquivo TXT gravado com sucesso em: /app/temp/20261005084955-28_sem_os_2/G10C7/G10C7-[24, 25].txt
2026-10-05T08:50:03.557-03:00  INFO 15156 --- [topomanager] [tomcat-handler-7] b.c.s.t.service.IdentificadorService     : ✅ Arquivo TXT gravado com sucesso em: /app/temp/20261005084955-28_sem_os_2/G6C1/G6C1-[2, 5].txt
2026-10-05T08:50:03.558-03:00  INFO 15156 --- [topomanager] [tomcat-handler-7] b.c.s.t.service.IdentificadorService     : ✅ Arquivo TXT gravado com sucesso em: /app/temp/20261005084955-28_sem_os_2/G6C1/G6C1-[2, 6].txt
2026-10-05T08:50:03.558-03:00  INFO 15156 --- [topomanager] [tomcat-handler-7] b.c.s.t.service.IdentificadorService     : ✅ Arquivo TXT gravado com sucesso em: /app/temp/20261005084955-28_sem_os_2/G6C1/G6C1-[2, 9].txt
2026-10-05T08:50:03.559-03:00  INFO 15156 --- [topomanager] [tomcat-handler-7] b.c.s.t.service.IdentificadorService     : ✅ Arquivo TXT gravado com sucesso em: /app/temp/20261005084955-28_sem_os_2/G6C1/G6C1-[2, 11].txt
2026-10-05T08:50:03.559-03:00  INFO 15156 --- [topomanager] [tomcat-handler-7] b.c.s.t.service.IdentificadorService     : ✅ Arquivo TXT gravado com sucesso em: /app/temp/20261005084955-28_sem_os_2/G6C1/G6C1-[2, 16].txt
2026-10-05T08:50:03.560-03:00  INFO 15156 --- [topomanager] [tomcat-handler-7] b.c.s.t.service.IdentificadorService     : ✅ Arquivo TXT gravado com sucesso em: /app/temp/20261005084955-28_sem_os_2/G6C1/G6C1-[2, 18].txt
2026-10-05T08:50:03.561-03:00  INFO 15156 --- [topomanager] [tomcat-handler-7] b.c.s.t.service.IdentificadorService     : ✅ Arquivo TXT gravado com sucesso em: /app/temp/20261005084955-28_sem_os_2/G6C1/G6C1-[2, 20].txt
2026-10-05T08:50:03.562-03:00  INFO 15156 --- [topomanager] [tomcat-handler-7] b.c.s.t.service.IdentificadorService     : ✅ Arquivo TXT gravado com sucesso em: /app/temp/20261005084955-28_sem_os_2/G6C1/G6C1-[2, 23].txt
2026-10-05T08:50:03.562-03:00  INFO 15156 --- [topomanager] [tomcat-handler-7] b.c.s.t.service.IdentificadorService     : ✅ Arquivo TXT gravado com sucesso em: /app/temp/20261005084955-28_sem_os_2/G6C1/G6C1-[2, 24].txt
2026-10-05T08:50:03.563-03:00  INFO 15156 --- [topomanager] [tomcat-handler-7] b.c.s.t.service.IdentificadorService     : ✅ Arquivo TXT gravado com sucesso em: /app/temp/20261005084955-28_sem_os_2/G6C1/G6C1-[2, 25].txt
2026-10-05T08:50:03.564-03:00  INFO 15156 --- [topomanager] [tomcat-handler-7] b.c.s.t.service.IdentificadorService     : ✅ Arquivo TXT gravado com sucesso em: /app/temp/20261005084955-28_sem_os_2/G6C1/G6C1-[5, 6].txt
2026-10-05T08:50:03.565-03:00  INFO 15156 --- [topomanager] [tomcat-handler-7] b.c.s.t.service.IdentificadorService     : ✅ Arquivo TXT gravado com sucesso em: /app/temp/20261005084955-28_sem_os_2/G6C1/G6C1-[5, 9].txt
2026-10-05T08:50:03.566-03:00  INFO 15156 --- [topomanager] [tomcat-handler-7] b.c.s.t.service.IdentificadorService     : ✅ Arquivo TXT gravado com sucesso em: /app/temp/20261005084955-28_sem_os_2/G6C1/G6C1-[5, 11].txt
2026-10-05T08:50:03.567-03:00  INFO 15156 --- [topomanager] [tomcat-handler-7] b.c.s.t.service.IdentificadorService     : ✅ Arquivo TXT gravado com sucesso em: /app/temp/20261005084955-28_sem_os_2/G6C1/G6C1-[5, 16].txt
2026-10-05T08:50:03.567-03:00  INFO 15156 --- [topomanager] [tomcat-handler-7] b.c.s.t.service.IdentificadorService     : ✅ Arquivo TXT gravado com sucesso em: /app/temp/20261005084955-28_sem_os_2/G6C1/G6C1-[5, 18].txt
2026-10-05T08:50:03.568-03:00  INFO 15156 --- [topomanager] [tomcat-handler-7] b.c.s.t.service.IdentificadorService     : ✅ Arquivo TXT gravado com sucesso em: /app/temp/20261005084955-28_sem_os_2/G6C1/G6C1-[5, 20].txt
2026-10-05T08:50:03.569-03:00  INFO 15156 --- [topomanager] [tomcat-handler-7] b.c.s.t.service.IdentificadorService     : ✅ Arquivo TXT gravado com sucesso em: /app/temp/20261005084955-28_sem_os_2/G6C1/G6C1-[5, 23].txt
2026-10-05T08:50:03.569-03:00  INFO 15156 --- [topomanager] [tomcat-handler-7] b.c.s.t.service.IdentificadorService     : ✅ Arquivo TXT gravado com sucesso em: /app/temp/20261005084955-28_sem_os_2/G6C1/G6C1-[5, 24].txt
2026-10-05T08:50:03.570-03:00  INFO 15156 --- [topomanager] [tomcat-handler-7] b.c.s.t.service.IdentificadorService     : ✅ Arquivo TXT gravado com sucesso em: /app/temp/20261005084955-28_sem_os_2/G6C1/G6C1-[5, 25].txt
2026-10-05T08:50:03.570-03:00  INFO 15156 --- [topomanager] [tomcat-handler-7] b.c.s.t.service.IdentificadorService     : ✅ Arquivo TXT gravado com sucesso em: /app/temp/20261005084955-28_sem_os_2/G6C1/G6C1-[6, 9].txt
2026-10-05T08:50:03.571-03:00  INFO 15156 --- [topomanager] [tomcat-handler-7] b.c.s.t.service.IdentificadorService     : ✅ Arquivo TXT gravado com sucesso em: /app/temp/20261005084955-28_sem_os_2/G6C1/G6C1-[6, 11].txt
2026-10-05T08:50:03.572-03:00  INFO 15156 --- [topomanager] [tomcat-handler-7] b.c.s.t.service.IdentificadorService     : ✅ Arquivo TXT gravado com sucesso em: /app/temp/20261005084955-28_sem_os_2/G6C1/G6C1-[6, 16].txt
2026-10-05T08:50:03.572-03:00  INFO 15156 --- [topomanager] [tomcat-handler-7] b.c.s.t.service.IdentificadorService     : ✅ Arquivo TXT gravado com sucesso em: /app/temp/20261005084955-28_sem_os_2/G6C1/G6C1-[6, 18].txt
2026-10-05T08:50:03.573-03:00  INFO 15156 --- [topomanager] [tomcat-handler-7] b.c.s.t.service.IdentificadorService     : ✅ Arquivo TXT gravado com sucesso em: /app/temp/20261005084955-28_sem_os_2/G6C1/G6C1-[6, 20].txt
2026-10-05T08:50:03.574-03:00  INFO 15156 --- [topomanager] [tomcat-handler-7] b.c.s.t.service.IdentificadorService     : ✅ Arquivo TXT gravado com sucesso em: /app/temp/20261005084955-28_sem_os_2/G6C1/G6C1-[6, 23].txt
2026-10-05T08:50:03.575-03:00  INFO 15156 --- [topomanager] [tomcat-handler-7] b.c.s.t.service.IdentificadorService     : ✅ Arquivo TXT gravado com sucesso em: /app/temp/20261005084955-28_sem_os_2/G6C1/G6C1-[6, 24].txt
2026-10-05T08:50:03.576-03:00  INFO 15156 --- [topomanager] [tomcat-handler-7] b.c.s.t.service.IdentificadorService     : ✅ Arquivo TXT gravado com sucesso em: /app/temp/20261005084955-28_sem_os_2/G6C1/G6C1-[6, 25].txt
2026-10-05T08:50:03.576-03:00  INFO 15156 --- [topomanager] [tomcat-handler-7] b.c.s.t.service.IdentificadorService     : ✅ Arquivo TXT gravado com sucesso em: /app/temp/20261005084955-28_sem_os_2/G6C1/G6C1-[9, 11].txt
2026-10-05T08:50:03.578-03:00  INFO 15156 --- [topomanager] [tomcat-handler-7] b.c.s.t.service.IdentificadorService     : ✅ Arquivo TXT gravado com sucesso em: /app/temp/20261005084955-28_sem_os_2/G6C1/G6C1-[9, 16].txt
2026-10-05T08:50:03.579-03:00  INFO 15156 --- [topomanager] [tomcat-handler-7] b.c.s.t.service.IdentificadorService     : ✅ Arquivo TXT gravado com sucesso em: /app/temp/20261005084955-28_sem_os_2/G6C1/G6C1-[9, 18].txt
2026-10-05T08:50:03.579-03:00  INFO 15156 --- [topomanager] [tomcat-handler-7] b.c.s.t.service.IdentificadorService     : ✅ Arquivo TXT gravado com sucesso em: /app/temp/20261005084955-28_sem_os_2/G6C1/G6C1-[9, 20].txt
2026-10-05T08:50:03.580-03:00  INFO 15156 --- [topomanager] [tomcat-handler-7] b.c.s.t.service.IdentificadorService     : ✅ Arquivo TXT gravado com sucesso em: /app/temp/20261005084955-28_sem_os_2/G6C1/G6C1-[9, 23].txt
2026-10-05T08:50:03.581-03:00  INFO 15156 --- [topomanager] [tomcat-handler-7] b.c.s.t.service.IdentificadorService     : ✅ Arquivo TXT gravado com sucesso em: /app/temp/20261005084955-28_sem_os_2/G6C1/G6C1-[9, 24].txt
2026-10-05T08:50:03.583-03:00  INFO 15156 --- [topomanager] [tomcat-handler-7] b.c.s.t.service.IdentificadorService     : ✅ Arquivo TXT gravado com sucesso em: /app/temp/20261005084955-28_sem_os_2/G6C1/G6C1-[9, 25].txt
2026-10-05T08:50:03.583-03:00  INFO 15156 --- [topomanager] [tomcat-handler-7] b.c.s.t.service.IdentificadorService     : ✅ Arquivo TXT gravado com sucesso em: /app/temp/20261005084955-28_sem_os_2/G6C1/G6C1-[11, 16].txt
2026-10-05T08:50:03.585-03:00  INFO 15156 --- [topomanager] [tomcat-handler-7] b.c.s.t.service.IdentificadorService     : ✅ Arquivo TXT gravado com sucesso em: /app/temp/20261005084955-28_sem_os_2/G6C1/G6C1-[11, 18].txt
2026-10-05T08:50:03.586-03:00  INFO 15156 --- [topomanager] [tomcat-handler-7] b.c.s.t.service.IdentificadorService     : ✅ Arquivo TXT gravado com sucesso em: /app/temp/20261005084955-28_sem_os_2/G6C1/G6C1-[11, 20].txt
2026-10-05T08:50:03.587-03:00  INFO 15156 --- [topomanager] [tomcat-handler-7] b.c.s.t.service.IdentificadorService     : ✅ Arquivo TXT gravado com sucesso em: /app/temp/20261005084955-28_sem_os_2/G6C1/G6C1-[11, 23].txt
2026-10-05T08:50:03.588-03:00  INFO 15156 --- [topomanager] [tomcat-handler-7] b.c.s.t.service.IdentificadorService     : ✅ Arquivo TXT gravado com sucesso em: /app/temp/20261005084955-28_sem_os_2/G6C1/G6C1-[11, 24].txt
2026-10-05T08:50:03.589-03:00  INFO 15156 --- [topomanager] [tomcat-handler-7] b.c.s.t.service.IdentificadorService     : ✅ Arquivo TXT gravado com sucesso em: /app/temp/20261005084955-28_sem_os_2/G6C1/G6C1-[11, 25].txt
2026-10-05T08:50:03.589-03:00  INFO 15156 --- [topomanager] [tomcat-handler-7] b.c.s.t.service.IdentificadorService     : ✅ Arquivo TXT gravado com sucesso em: /app/temp/20261005084955-28_sem_os_2/G6C1/G6C1-[16, 18].txt
2026-10-05T08:50:03.591-03:00  INFO 15156 --- [topomanager] [tomcat-handler-7] b.c.s.t.service.IdentificadorService     : ✅ Arquivo TXT gravado com sucesso em: /app/temp/20261005084955-28_sem_os_2/G6C1/G6C1-[16, 20].txt
2026-10-05T08:50:03.592-03:00  INFO 15156 --- [topomanager] [tomcat-handler-7] b.c.s.t.service.IdentificadorService     : ✅ Arquivo TXT gravado com sucesso em: /app/temp/20261005084955-28_sem_os_2/G6C1/G6C1-[16, 23].txt
2026-10-05T08:50:03.592-03:00  INFO 15156 --- [topomanager] [tomcat-handler-7] b.c.s.t.service.IdentificadorService     : ✅ Arquivo TXT gravado com sucesso em: /app/temp/20261005084955-28_sem_os_2/G6C1/G6C1-[16, 24].txt
2026-10-05T08:50:03.593-03:00  INFO 15156 --- [topomanager] [tomcat-handler-7] b.c.s.t.service.IdentificadorService     : ✅ Arquivo TXT gravado com sucesso em: /app/temp/20261005084955-28_sem_os_2/G6C1/G6C1-[16, 25].txt
2026-10-05T08:50:03.594-03:00  INFO 15156 --- [topomanager] [tomcat-handler-7] b.c.s.t.service.IdentificadorService     : ✅ Arquivo TXT gravado com sucesso em: /app/temp/20261005084955-28_sem_os_2/G6C1/G6C1-[18, 20].txt
2026-10-05T08:50:03.594-03:00  INFO 15156 --- [topomanager] [tomcat-handler-7] b.c.s.t.service.IdentificadorService     : ✅ Arquivo TXT gravado com sucesso em: /app/temp/20261005084955-28_sem_os_2/G6C1/G6C1-[18, 23].txt
2026-10-05T08:50:03.595-03:00  INFO 15156 --- [topomanager] [tomcat-handler-7] b.c.s.t.service.IdentificadorService     : ✅ Arquivo TXT gravado com sucesso em: /app/temp/20261005084955-28_sem_os_2/G6C1/G6C1-[18, 24].txt
2026-10-05T08:50:03.596-03:00  INFO 15156 --- [topomanager] [tomcat-handler-7] b.c.s.t.service.IdentificadorService     : ✅ Arquivo TXT gravado com sucesso em: /app/temp/20261005084955-28_sem_os_2/G6C1/G6C1-[18, 25].txt
2026-10-05T08:50:03.596-03:00  INFO 15156 --- [topomanager] [tomcat-handler-7] b.c.s.t.service.IdentificadorService     : ✅ Arquivo TXT gravado com sucesso em: /app/temp/20261005084955-28_sem_os_2/G6C1/G6C1-[20, 23].txt
2026-10-05T08:50:03.597-03:00  INFO 15156 --- [topomanager] [tomcat-handler-7] b.c.s.t.service.IdentificadorService     : ✅ Arquivo TXT gravado com sucesso em: /app/temp/20261005084955-28_sem_os_2/G6C1/G6C1-[20, 24].txt
2026-10-05T08:50:03.598-03:00  INFO 15156 --- [topomanager] [tomcat-handler-7] b.c.s.t.service.IdentificadorService     : ✅ Arquivo TXT gravado com sucesso em: /app/temp/20261005084955-28_sem_os_2/G6C1/G6C1-[20, 25].txt
2026-10-05T08:50:03.599-03:00  INFO 15156 --- [topomanager] [tomcat-handler-7] b.c.s.t.service.IdentificadorService     : ✅ Arquivo TXT gravado com sucesso em: /app/temp/20261005084955-28_sem_os_2/G6C1/G6C1-[23, 24].txt
2026-10-05T08:50:03.599-03:00  INFO 15156 --- [topomanager] [tomcat-handler-7] b.c.s.t.service.IdentificadorService     : ✅ Arquivo TXT gravado com sucesso em: /app/temp/20261005084955-28_sem_os_2/G6C1/G6C1-[23, 25].txt
2026-10-05T08:50:03.600-03:00  INFO 15156 --- [topomanager] [tomcat-handler-7] b.c.s.t.service.IdentificadorService     : ✅ Arquivo TXT gravado com sucesso em: /app/temp/20261005084955-28_sem_os_2/G6C1/G6C1-[24, 25].txt
2026-10-05T08:50:03.600-03:00  INFO 15156 --- [topomanager] [tomcat-handler-7] b.c.s.t.service.IdentificadorService     : ✅ Arquivo TXT gravado com sucesso em: /app/temp/20261005084955-28_sem_os_2/G10C5/G10C5-[2, 3].txt
2026-10-05T08:50:03.601-03:00  INFO 15156 --- [topomanager] [tomcat-handler-7] b.c.s.t.service.IdentificadorService     : ✅ Arquivo TXT gravado com sucesso em: /app/temp/20261005084955-28_sem_os_2/G10C5/G10C5-[2, 6].txt
2026-10-05T08:50:03.602-03:00  INFO 15156 --- [topomanager] [tomcat-handler-7] b.c.s.t.service.IdentificadorService     : ✅ Arquivo TXT gravado com sucesso em: /app/temp/20261005084955-28_sem_os_2/G10C5/G10C5-[2, 9].txt
2026-10-05T08:50:03.602-03:00  INFO 15156 --- [topomanager] [tomcat-handler-7] b.c.s.t.service.IdentificadorService     : ✅ Arquivo TXT gravado com sucesso em: /app/temp/20261005084955-28_sem_os_2/G10C5/G10C5-[2, 11].txt
2026-10-05T08:50:03.603-03:00  INFO 15156 --- [topomanager] [tomcat-handler-7] b.c.s.t.service.IdentificadorService     : ✅ Arquivo TXT gravado com sucesso em: /app/temp/20261005084955-28_sem_os_2/G10C5/G10C5-[2, 14].txt
2026-10-05T08:50:03.605-03:00  INFO 15156 --- [topomanager] [tomcat-handler-7] b.c.s.t.service.IdentificadorService     : ✅ Arquivo TXT gravado com sucesso em: /app/temp/20261005084955-28_sem_os_2/G10C5/G10C5-[2, 16].txt
2026-10-05T08:50:03.606-03:00  INFO 15156 --- [topomanager] [tomcat-handler-7] b.c.s.t.service.IdentificadorService     : ✅ Arquivo TXT gravado com sucesso em: /app/temp/20261005084955-28_sem_os_2/G10C5/G10C5-[2, 18].txt
2026-10-05T08:50:03.607-03:00  INFO 15156 --- [topomanager] [tomcat-handler-7] b.c.s.t.service.IdentificadorService     : ✅ Arquivo TXT gravado com sucesso em: /app/temp/20261005084955-28_sem_os_2/G10C5/G10C5-[2, 23].txt
2026-10-05T08:50:03.607-03:00  INFO 15156 --- [topomanager] [tomcat-handler-7] b.c.s.t.service.IdentificadorService     : ✅ Arquivo TXT gravado com sucesso em: /app/temp/20261005084955-28_sem_os_2/G10C5/G10C5-[2, 24].txt
2026-10-05T08:50:03.608-03:00  INFO 15156 --- [topomanager] [tomcat-handler-7] b.c.s.t.service.IdentificadorService     : ✅ Arquivo TXT gravado com sucesso em: /app/temp/20261005084955-28_sem_os_2/G10C5/G10C5-[2, 25].txt
2026-10-05T08:50:03.608-03:00  INFO 15156 --- [topomanager] [tomcat-handler-7] b.c.s.t.service.IdentificadorService     : ✅ Arquivo TXT gravado com sucesso em: /app/temp/20261005084955-28_sem_os_2/G10C5/G10C5-[3, 6].txt
2026-10-05T08:50:03.609-03:00  INFO 15156 --- [topomanager] [tomcat-handler-7] b.c.s.t.service.IdentificadorService     : ✅ Arquivo TXT gravado com sucesso em: /app/temp/20261005084955-28_sem_os_2/G10C5/G10C5-[3, 9].txt
2026-10-05T08:50:03.610-03:00  INFO 15156 --- [topomanager] [tomcat-handler-7] b.c.s.t.service.IdentificadorService     : ✅ Arquivo TXT gravado com sucesso em: /app/temp/20261005084955-28_sem_os_2/G10C5/G10C5-[3, 11].txt
2026-10-05T08:50:03.611-03:00  INFO 15156 --- [topomanager] [tomcat-handler-7] b.c.s.t.service.IdentificadorService     : ✅ Arquivo TXT gravado com sucesso em: /app/temp/20261005084955-28_sem_os_2/G10C5/G10C5-[3, 14].txt
2026-10-05T08:50:03.611-03:00  INFO 15156 --- [topomanager] [tomcat-handler-7] b.c.s.t.service.IdentificadorService     : ✅ Arquivo TXT gravado com sucesso em: /app/temp/20261005084955-28_sem_os_2/G10C5/G10C5-[3, 16].txt
2026-10-05T08:50:03.612-03:00  INFO 15156 --- [topomanager] [tomcat-handler-7] b.c.s.t.service.IdentificadorService     : ✅ Arquivo TXT gravado com sucesso em: /app/temp/20261005084955-28_sem_os_2/G10C5/G10C5-[3, 18].txt
2026-10-05T08:50:03.613-03:00  INFO 15156 --- [topomanager] [tomcat-handler-7] b.c.s.t.service.IdentificadorService     : ✅ Arquivo TXT gravado com sucesso em: /app/temp/20261005084955-28_sem_os_2/G10C5/G10C5-[3, 23].txt
2026-10-05T08:50:03.614-03:00  INFO 15156 --- [topomanager] [tomcat-handler-7] b.c.s.t.service.IdentificadorService     : ✅ Arquivo TXT gravado com sucesso em: /app/temp/20261005084955-28_sem_os_2/G10C5/G10C5-[3, 24].txt
2026-10-05T08:50:03.615-03:00  INFO 15156 --- [topomanager] [tomcat-handler-7] b.c.s.t.service.IdentificadorService     : ✅ Arquivo TXT gravado com sucesso em: /app/temp/20261005084955-28_sem_os_2/G10C5/G10C5-[3, 25].txt
2026-10-05T08:50:03.615-03:00  INFO 15156 --- [topomanager] [tomcat-handler-7] b.c.s.t.service.IdentificadorService     : ✅ Arquivo TXT gravado com sucesso em: /app/temp/20261005084955-28_sem_os_2/G10C5/G10C5-[6, 9].txt
2026-10-05T08:50:03.616-03:00  INFO 15156 --- [topomanager] [tomcat-handler-7] b.c.s.t.service.IdentificadorService     : ✅ Arquivo TXT gravado com sucesso em: /app/temp/20261005084955-28_sem_os_2/G10C5/G10C5-[6, 11].txt
2026-10-05T08:50:03.617-03:00  INFO 15156 --- [topomanager] [tomcat-handler-7] b.c.s.t.service.IdentificadorService     : ✅ Arquivo TXT gravado com sucesso em: /app/temp/20261005084955-28_sem_os_2/G10C5/G10C5-[6, 14].txt
2026-10-05T08:50:03.617-03:00  INFO 15156 --- [topomanager] [tomcat-handler-7] b.c.s.t.service.IdentificadorService     : ✅ Arquivo TXT gravado com sucesso em: /app/temp/20261005084955-28_sem_os_2/G10C5/G10C5-[6, 16].txt
2026-10-05T08:50:03.618-03:00  INFO 15156 --- [topomanager] [tomcat-handler-7] b.c.s.t.service.IdentificadorService     : ✅ Arquivo TXT gravado com sucesso em: /app/temp/20261005084955-28_sem_os_2/G10C5/G10C5-[6, 18].txt
2026-10-05T08:50:03.618-03:00  INFO 15156 --- [topomanager] [tomcat-handler-7] b.c.s.t.service.IdentificadorService     : ✅ Arquivo TXT gravado com sucesso em: /app/temp/20261005084955-28_sem_os_2/G10C5/G10C5-[6, 23].txt
2026-10-05T08:50:03.619-03:00  INFO 15156 --- [topomanager] [tomcat-handler-7] b.c.s.t.service.IdentificadorService     : ✅ Arquivo TXT gravado com sucesso em: /app/temp/20261005084955-28_sem_os_2/G10C5/G10C5-[6, 24].txt
2026-10-05T08:50:03.620-03:00  INFO 15156 --- [topomanager] [tomcat-handler-7] b.c.s.t.service.IdentificadorService     : ✅ Arquivo TXT gravado com sucesso em: /app/temp/20261005084955-28_sem_os_2/G10C5/G10C5-[6, 25].txt
2026-10-05T08:50:03.620-03:00  INFO 15156 --- [topomanager] [tomcat-handler-7] b.c.s.t.service.IdentificadorService     : ✅ Arquivo TXT gravado com sucesso em: /app/temp/20261005084955-28_sem_os_2/G10C5/G10C5-[9, 11].txt
2026-10-05T08:50:03.621-03:00  INFO 15156 --- [topomanager] [tomcat-handler-7] b.c.s.t.service.IdentificadorService     : ✅ Arquivo TXT gravado com sucesso em: /app/temp/20261005084955-28_sem_os_2/G10C5/G10C5-[9, 14].txt
2026-10-05T08:50:03.622-03:00  INFO 15156 --- [topomanager] [tomcat-handler-7] b.c.s.t.service.IdentificadorService     : ✅ Arquivo TXT gravado com sucesso em: /app/temp/20261005084955-28_sem_os_2/G10C5/G10C5-[9, 16].txt
2026-10-05T08:50:03.622-03:00  INFO 15156 --- [topomanager] [tomcat-handler-7] b.c.s.t.service.IdentificadorService     : ✅ Arquivo TXT gravado com sucesso em: /app/temp/20261005084955-28_sem_os_2/G10C5/G10C5-[9, 18].txt
2026-10-05T08:50:03.623-03:00  INFO 15156 --- [topomanager] [tomcat-handler-7] b.c.s.t.service.IdentificadorService     : ✅ Arquivo TXT gravado com sucesso em: /app/temp/20261005084955-28_sem_os_2/G10C5/G10C5-[9, 23].txt
2026-10-05T08:50:03.623-03:00  INFO 15156 --- [topomanager] [tomcat-handler-7] b.c.s.t.service.IdentificadorService     : ✅ Arquivo TXT gravado com sucesso em: /app/temp/20261005084955-28_sem_os_2/G10C5/G10C5-[9, 24].txt
2026-10-05T08:50:03.624-03:00  INFO 15156 --- [topomanager] [tomcat-handler-7] b.c.s.t.service.IdentificadorService     : ✅ Arquivo TXT gravado com sucesso em: /app/temp/20261005084955-28_sem_os_2/G10C5/G10C5-[9, 25].txt
2026-10-05T08:50:03.625-03:00  INFO 15156 --- [topomanager] [tomcat-handler-7] b.c.s.t.service.IdentificadorService     : ✅ Arquivo TXT gravado com sucesso em: /app/temp/20261005084955-28_sem_os_2/G10C5/G10C5-[11, 14].txt
2026-10-05T08:50:03.625-03:00  INFO 15156 --- [topomanager] [tomcat-handler-7] b.c.s.t.service.IdentificadorService     : ✅ Arquivo TXT gravado com sucesso em: /app/temp/20261005084955-28_sem_os_2/G10C5/G10C5-[11, 16].txt
2026-10-05T08:50:03.626-03:00  INFO 15156 --- [topomanager] [tomcat-handler-7] b.c.s.t.service.IdentificadorService     : ✅ Arquivo TXT gravado com sucesso em: /app/temp/20261005084955-28_sem_os_2/G10C5/G10C5-[11, 18].txt
2026-10-05T08:50:03.627-03:00  INFO 15156 --- [topomanager] [tomcat-handler-7] b.c.s.t.service.IdentificadorService     : ✅ Arquivo TXT gravado com sucesso em: /app/temp/20261005084955-28_sem_os_2/G10C5/G10C5-[11, 23].txt
2026-10-05T08:50:03.628-03:00  INFO 15156 --- [topomanager] [tomcat-handler-7] b.c.s.t.service.IdentificadorService     : ✅ Arquivo TXT gravado com sucesso em: /app/temp/20261005084955-28_sem_os_2/G10C5/G10C5-[11, 24].txt
2026-10-05T08:50:03.628-03:00  INFO 15156 --- [topomanager] [tomcat-handler-7] b.c.s.t.service.IdentificadorService     : ✅ Arquivo TXT gravado com sucesso em: /app/temp/20261005084955-28_sem_os_2/G10C5/G10C5-[11, 25].txt
2026-10-05T08:50:03.629-03:00  INFO 15156 --- [topomanager] [tomcat-handler-7] b.c.s.t.service.IdentificadorService     : ✅ Arquivo TXT gravado com sucesso em: /app/temp/20261005084955-28_sem_os_2/G10C5/G10C5-[14, 16].txt
2026-10-05T08:50:03.630-03:00  INFO 15156 --- [topomanager] [tomcat-handler-7] b.c.s.t.service.IdentificadorService     : ✅ Arquivo TXT gravado com sucesso em: /app/temp/20261005084955-28_sem_os_2/G10C5/G10C5-[14, 18].txt
2026-10-05T08:50:03.630-03:00  INFO 15156 --- [topomanager] [tomcat-handler-7] b.c.s.t.service.IdentificadorService     : ✅ Arquivo TXT gravado com sucesso em: /app/temp/20261005084955-28_sem_os_2/G10C5/G10C5-[14, 23].txt
2026-10-05T08:50:03.631-03:00  INFO 15156 --- [topomanager] [tomcat-handler-7] b.c.s.t.service.IdentificadorService     : ✅ Arquivo TXT gravado com sucesso em: /app/temp/20261005084955-28_sem_os_2/G10C5/G10C5-[14, 24].txt
2026-10-05T08:50:03.631-03:00  INFO 15156 --- [topomanager] [tomcat-handler-7] b.c.s.t.service.IdentificadorService     : ✅ Arquivo TXT gravado com sucesso em: /app/temp/20261005084955-28_sem_os_2/G10C5/G10C5-[14, 25].txt
2026-10-05T08:50:03.633-03:00  INFO 15156 --- [topomanager] [tomcat-handler-7] b.c.s.t.service.IdentificadorService     : ✅ Arquivo TXT gravado com sucesso em: /app/temp/20261005084955-28_sem_os_2/G10C5/G10C5-[16, 18].txt
2026-10-05T08:50:03.634-03:00  INFO 15156 --- [topomanager] [tomcat-handler-7] b.c.s.t.service.IdentificadorService     : ✅ Arquivo TXT gravado com sucesso em: /app/temp/20261005084955-28_sem_os_2/G10C5/G10C5-[16, 23].txt
2026-10-05T08:50:03.634-03:00  INFO 15156 --- [topomanager] [tomcat-handler-7] b.c.s.t.service.IdentificadorService     : ✅ Arquivo TXT gravado com sucesso em: /app/temp/20261005084955-28_sem_os_2/G10C5/G10C5-[16, 24].txt
2026-10-05T08:50:03.635-03:00  INFO 15156 --- [topomanager] [tomcat-handler-7] b.c.s.t.service.IdentificadorService     : ✅ Arquivo TXT gravado com sucesso em: /app/temp/20261005084955-28_sem_os_2/G10C5/G10C5-[16, 25].txt
2026-10-05T08:50:03.636-03:00  INFO 15156 --- [topomanager] [tomcat-handler-7] b.c.s.t.service.IdentificadorService     : ✅ Arquivo TXT gravado com sucesso em: /app/temp/20261005084955-28_sem_os_2/G10C5/G10C5-[18, 23].txt
2026-10-05T08:50:03.637-03:00  INFO 15156 --- [topomanager] [tomcat-handler-7] b.c.s.t.service.IdentificadorService     : ✅ Arquivo TXT gravado com sucesso em: /app/temp/20261005084955-28_sem_os_2/G10C5/G10C5-[18, 24].txt
2026-10-05T08:50:03.637-03:00  INFO 15156 --- [topomanager] [tomcat-handler-7] b.c.s.t.service.IdentificadorService     : ✅ Arquivo TXT gravado com sucesso em: /app/temp/20261005084955-28_sem_os_2/G10C5/G10C5-[18, 25].txt
2026-10-05T08:50:03.638-03:00  INFO 15156 --- [topomanager] [tomcat-handler-7] b.c.s.t.service.IdentificadorService     : ✅ Arquivo TXT gravado com sucesso em: /app/temp/20261005084955-28_sem_os_2/G10C5/G10C5-[23, 24].txt
2026-10-05T08:50:03.639-03:00  INFO 15156 --- [topomanager] [tomcat-handler-7] b.c.s.t.service.IdentificadorService     : ✅ Arquivo TXT gravado com sucesso em: /app/temp/20261005084955-28_sem_os_2/G10C5/G10C5-[23, 25].txt
2026-10-05T08:50:03.639-03:00  INFO 15156 --- [topomanager] [tomcat-handler-7] b.c.s.t.service.IdentificadorService     : ✅ Arquivo TXT gravado com sucesso em: /app/temp/20261005084955-28_sem_os_2/G10C5/G10C5-[24, 25].txt
2026-10-05T08:50:03.640-03:00  INFO 15156 --- [topomanager] [tomcat-handler-7] b.c.s.t.service.IdentificadorService     : ✅ Arquivo TXT gravado com sucesso em: /app/temp/20261005084955-28_sem_os_2/G6C3/G6C3-[2, 3].txt
2026-10-05T08:50:03.641-03:00  INFO 15156 --- [topomanager] [tomcat-handler-7] b.c.s.t.service.IdentificadorService     : ✅ Arquivo TXT gravado com sucesso em: /app/temp/20261005084955-28_sem_os_2/G6C3/G6C3-[2, 5].txt
2026-10-05T08:50:03.642-03:00  INFO 15156 --- [topomanager] [tomcat-handler-7] b.c.s.t.service.IdentificadorService     : ✅ Arquivo TXT gravado com sucesso em: /app/temp/20261005084955-28_sem_os_2/G6C3/G6C3-[2, 6].txt
2026-10-05T08:50:03.642-03:00  INFO 15156 --- [topomanager] [tomcat-handler-7] b.c.s.t.service.IdentificadorService     : ✅ Arquivo TXT gravado com sucesso em: /app/temp/20261005084955-28_sem_os_2/G6C3/G6C3-[2, 9].txt
2026-10-05T08:50:03.643-03:00  INFO 15156 --- [topomanager] [tomcat-handler-7] b.c.s.t.service.IdentificadorService     : ✅ Arquivo TXT gravado com sucesso em: /app/temp/20261005084955-28_sem_os_2/G6C3/G6C3-[2, 11].txt
2026-10-05T08:50:03.644-03:00  INFO 15156 --- [topomanager] [tomcat-handler-7] b.c.s.t.service.IdentificadorService     : ✅ Arquivo TXT gravado com sucesso em: /app/temp/20261005084955-28_sem_os_2/G6C3/G6C3-[2, 14].txt
2026-10-05T08:50:03.644-03:00  INFO 15156 --- [topomanager] [tomcat-handler-7] b.c.s.t.service.IdentificadorService     : ✅ Arquivo TXT gravado com sucesso em: /app/temp/20261005084955-28_sem_os_2/G6C3/G6C3-[2, 18].txt
2026-10-05T08:50:03.645-03:00  INFO 15156 --- [topomanager] [tomcat-handler-7] b.c.s.t.service.IdentificadorService     : ✅ Arquivo TXT gravado com sucesso em: /app/temp/20261005084955-28_sem_os_2/G6C3/G6C3-[2, 20].txt
2026-10-05T08:50:03.647-03:00  INFO 15156 --- [topomanager] [tomcat-handler-7] b.c.s.t.service.IdentificadorService     : ✅ Arquivo TXT gravado com sucesso em: /app/temp/20261005084955-28_sem_os_2/G6C3/G6C3-[2, 23].txt
2026-10-05T08:50:03.648-03:00  INFO 15156 --- [topomanager] [tomcat-handler-7] b.c.s.t.service.IdentificadorService     : ✅ Arquivo TXT gravado com sucesso em: /app/temp/20261005084955-28_sem_os_2/G6C3/G6C3-[2, 25].txt
2026-10-05T08:50:03.649-03:00  INFO 15156 --- [topomanager] [tomcat-handler-7] b.c.s.t.service.IdentificadorService     : ✅ Arquivo TXT gravado com sucesso em: /app/temp/20261005084955-28_sem_os_2/G6C3/G6C3-[3, 5].txt
2026-10-05T08:50:03.649-03:00  INFO 15156 --- [topomanager] [tomcat-handler-7] b.c.s.t.service.IdentificadorService     : ✅ Arquivo TXT gravado com sucesso em: /app/temp/20261005084955-28_sem_os_2/G6C3/G6C3-[3, 6].txt
2026-10-05T08:50:03.650-03:00  INFO 15156 --- [topomanager] [tomcat-handler-7] b.c.s.t.service.IdentificadorService     : ✅ Arquivo TXT gravado com sucesso em: /app/temp/20261005084955-28_sem_os_2/G6C3/G6C3-[3, 9].txt
2026-10-05T08:50:03.650-03:00  INFO 15156 --- [topomanager] [tomcat-handler-7] b.c.s.t.service.IdentificadorService     : ✅ Arquivo TXT gravado com sucesso em: /app/temp/20261005084955-28_sem_os_2/G6C3/G6C3-[3, 11].txt
2026-10-05T08:50:03.651-03:00  INFO 15156 --- [topomanager] [tomcat-handler-7] b.c.s.t.service.IdentificadorService     : ✅ Arquivo TXT gravado com sucesso em: /app/temp/20261005084955-28_sem_os_2/G6C3/G6C3-[3, 14].txt
2026-10-05T08:50:03.652-03:00  INFO 15156 --- [topomanager] [tomcat-handler-7] b.c.s.t.service.IdentificadorService     : ✅ Arquivo TXT gravado com sucesso em: /app/temp/20261005084955-28_sem_os_2/G6C3/G6C3-[3, 18].txt
2026-10-05T08:50:03.652-03:00  INFO 15156 --- [topomanager] [tomcat-handler-7] b.c.s.t.service.IdentificadorService     : ✅ Arquivo TXT gravado com sucesso em: /app/temp/20261005084955-28_sem_os_2/G6C3/G6C3-[3, 20].txt
2026-10-05T08:50:03.653-03:00  INFO 15156 --- [topomanager] [tomcat-handler-7] b.c.s.t.service.IdentificadorService     : ✅ Arquivo TXT gravado com sucesso em: /app/temp/20261005084955-28_sem_os_2/G6C3/G6C3-[3, 23].txt
2026-10-05T08:50:03.653-03:00  INFO 15156 --- [topomanager] [tomcat-handler-7] b.c.s.t.service.IdentificadorService     : ✅ Arquivo TXT gravado com sucesso em: /app/temp/20261005084955-28_sem_os_2/G6C3/G6C3-[3, 25].txt
2026-10-05T08:50:03.654-03:00  INFO 15156 --- [topomanager] [tomcat-handler-7] b.c.s.t.service.IdentificadorService     : ✅ Arquivo TXT gravado com sucesso em: /app/temp/20261005084955-28_sem_os_2/G6C3/G6C3-[5, 6].txt
2026-10-05T08:50:03.654-03:00  INFO 15156 --- [topomanager] [tomcat-handler-7] b.c.s.t.service.IdentificadorService     : ✅ Arquivo TXT gravado com sucesso em: /app/temp/20261005084955-28_sem_os_2/G6C3/G6C3-[5, 9].txt
2026-10-05T08:50:03.655-03:00  INFO 15156 --- [topomanager] [tomcat-handler-7] b.c.s.t.service.IdentificadorService     : ✅ Arquivo TXT gravado com sucesso em: /app/temp/20261005084955-28_sem_os_2/G6C3/G6C3-[5, 11].txt
2026-10-05T08:50:03.656-03:00  INFO 15156 --- [topomanager] [tomcat-handler-7] b.c.s.t.service.IdentificadorService     : ✅ Arquivo TXT gravado com sucesso em: /app/temp/20261005084955-28_sem_os_2/G6C3/G6C3-[5, 14].txt
2026-10-05T08:50:03.656-03:00  INFO 15156 --- [topomanager] [tomcat-handler-7] b.c.s.t.service.IdentificadorService     : ✅ Arquivo TXT gravado com sucesso em: /app/temp/20261005084955-28_sem_os_2/G6C3/G6C3-[5, 18].txt
2026-10-05T08:50:03.657-03:00  INFO 15156 --- [topomanager] [tomcat-handler-7] b.c.s.t.service.IdentificadorService     : ✅ Arquivo TXT gravado com sucesso em: /app/temp/20261005084955-28_sem_os_2/G6C3/G6C3-[5, 20].txt
2026-10-05T08:50:03.659-03:00  INFO 15156 --- [topomanager] [tomcat-handler-7] b.c.s.t.service.IdentificadorService     : ✅ Arquivo TXT gravado com sucesso em: /app/temp/20261005084955-28_sem_os_2/G6C3/G6C3-[5, 23].txt
2026-10-05T08:50:03.660-03:00  INFO 15156 --- [topomanager] [tomcat-handler-7] b.c.s.t.service.IdentificadorService     : ✅ Arquivo TXT gravado com sucesso em: /app/temp/20261005084955-28_sem_os_2/G6C3/G6C3-[5, 25].txt
2026-10-05T08:50:03.661-03:00  INFO 15156 --- [topomanager] [tomcat-handler-7] b.c.s.t.service.IdentificadorService     : ✅ Arquivo TXT gravado com sucesso em: /app/temp/20261005084955-28_sem_os_2/G6C3/G6C3-[6, 9].txt
2026-10-05T08:50:03.661-03:00  INFO 15156 --- [topomanager] [tomcat-handler-7] b.c.s.t.service.IdentificadorService     : ✅ Arquivo TXT gravado com sucesso em: /app/temp/20261005084955-28_sem_os_2/G6C3/G6C3-[6, 11].txt
2026-10-05T08:50:03.662-03:00  INFO 15156 --- [topomanager] [tomcat-handler-7] b.c.s.t.service.IdentificadorService     : ✅ Arquivo TXT gravado com sucesso em: /app/temp/20261005084955-28_sem_os_2/G6C3/G6C3-[6, 14].txt
2026-10-05T08:50:03.662-03:00  INFO 15156 --- [topomanager] [tomcat-handler-7] b.c.s.t.service.IdentificadorService     : ✅ Arquivo TXT gravado com sucesso em: /app/temp/20261005084955-28_sem_os_2/G6C3/G6C3-[6, 18].txt
2026-10-05T08:50:03.663-03:00  INFO 15156 --- [topomanager] [tomcat-handler-7] b.c.s.t.service.IdentificadorService     : ✅ Arquivo TXT gravado com sucesso em: /app/temp/20261005084955-28_sem_os_2/G6C3/G6C3-[6, 20].txt
2026-10-05T08:50:03.663-03:00  INFO 15156 --- [topomanager] [tomcat-handler-7] b.c.s.t.service.IdentificadorService     : ✅ Arquivo TXT gravado com sucesso em: /app/temp/20261005084955-28_sem_os_2/G6C3/G6C3-[6, 23].txt
2026-10-05T08:50:03.664-03:00  INFO 15156 --- [topomanager] [tomcat-handler-7] b.c.s.t.service.IdentificadorService     : ✅ Arquivo TXT gravado com sucesso em: /app/temp/20261005084955-28_sem_os_2/G6C3/G6C3-[6, 25].txt
2026-10-05T08:50:03.665-03:00  INFO 15156 --- [topomanager] [tomcat-handler-7] b.c.s.t.service.IdentificadorService     : ✅ Arquivo TXT gravado com sucesso em: /app/temp/20261005084955-28_sem_os_2/G6C3/G6C3-[9, 11].txt
2026-10-05T08:50:03.666-03:00  INFO 15156 --- [topomanager] [tomcat-handler-7] b.c.s.t.service.IdentificadorService     : ✅ Arquivo TXT gravado com sucesso em: /app/temp/20261005084955-28_sem_os_2/G6C3/G6C3-[9, 14].txt
2026-10-05T08:50:03.666-03:00  INFO 15156 --- [topomanager] [tomcat-handler-7] b.c.s.t.service.IdentificadorService     : ✅ Arquivo TXT gravado com sucesso em: /app/temp/20261005084955-28_sem_os_2/G6C3/G6C3-[9, 18].txt
2026-10-05T08:50:03.667-03:00  INFO 15156 --- [topomanager] [tomcat-handler-7] b.c.s.t.service.IdentificadorService     : ✅ Arquivo TXT gravado com sucesso em: /app/temp/20261005084955-28_sem_os_2/G6C3/G6C3-[9, 20].txt
2026-10-05T08:50:03.667-03:00  INFO 15156 --- [topomanager] [tomcat-handler-7] b.c.s.t.service.IdentificadorService     : ✅ Arquivo TXT gravado com sucesso em: /app/temp/20261005084955-28_sem_os_2/G6C3/G6C3-[9, 23].txt
2026-10-05T08:50:03.668-03:00  INFO 15156 --- [topomanager] [tomcat-handler-7] b.c.s.t.service.IdentificadorService     : ✅ Arquivo TXT gravado com sucesso em: /app/temp/20261005084955-28_sem_os_2/G6C3/G6C3-[9, 25].txt
2026-10-05T08:50:03.669-03:00  INFO 15156 --- [topomanager] [tomcat-handler-7] b.c.s.t.service.IdentificadorService     : ✅ Arquivo TXT gravado com sucesso em: /app/temp/20261005084955-28_sem_os_2/G6C3/G6C3-[11, 14].txt
2026-10-05T08:50:03.669-03:00  INFO 15156 --- [topomanager] [tomcat-handler-7] b.c.s.t.service.IdentificadorService     : ✅ Arquivo TXT gravado com sucesso em: /app/temp/20261005084955-28_sem_os_2/G6C3/G6C3-[11, 18].txt
2026-10-05T08:50:03.670-03:00  INFO 15156 --- [topomanager] [tomcat-handler-7] b.c.s.t.service.IdentificadorService     : ✅ Arquivo TXT gravado com sucesso em: /app/temp/20261005084955-28_sem_os_2/G6C3/G6C3-[11, 20].txt
2026-10-05T08:50:03.670-03:00  INFO 15156 --- [topomanager] [tomcat-handler-7] b.c.s.t.service.IdentificadorService     : ✅ Arquivo TXT gravado com sucesso em: /app/temp/20261005084955-28_sem_os_2/G6C3/G6C3-[11, 23].txt
2026-10-05T08:50:03.671-03:00  INFO 15156 --- [topomanager] [tomcat-handler-7] b.c.s.t.service.IdentificadorService     : ✅ Arquivo TXT gravado com sucesso em: /app/temp/20261005084955-28_sem_os_2/G6C3/G6C3-[11, 25].txt
2026-10-05T08:50:03.672-03:00  INFO 15156 --- [topomanager] [tomcat-handler-7] b.c.s.t.service.IdentificadorService     : ✅ Arquivo TXT gravado com sucesso em: /app/temp/20261005084955-28_sem_os_2/G6C3/G6C3-[14, 18].txt
2026-10-05T08:50:03.673-03:00  INFO 15156 --- [topomanager] [tomcat-handler-7] b.c.s.t.service.IdentificadorService     : ✅ Arquivo TXT gravado com sucesso em: /app/temp/20261005084955-28_sem_os_2/G6C3/G6C3-[14, 20].txt
2026-10-05T08:50:03.674-03:00  INFO 15156 --- [topomanager] [tomcat-handler-7] b.c.s.t.service.IdentificadorService     : ✅ Arquivo TXT gravado com sucesso em: /app/temp/20261005084955-28_sem_os_2/G6C3/G6C3-[14, 23].txt
2026-10-05T08:50:03.674-03:00  INFO 15156 --- [topomanager] [tomcat-handler-7] b.c.s.t.service.IdentificadorService     : ✅ Arquivo TXT gravado com sucesso em: /app/temp/20261005084955-28_sem_os_2/G6C3/G6C3-[14, 25].txt
2026-10-05T08:50:03.675-03:00  INFO 15156 --- [topomanager] [tomcat-handler-7] b.c.s.t.service.IdentificadorService     : ✅ Arquivo TXT gravado com sucesso em: /app/temp/20261005084955-28_sem_os_2/G6C3/G6C3-[18, 20].txt
2026-10-05T08:50:03.676-03:00  INFO 15156 --- [topomanager] [tomcat-handler-7] b.c.s.t.service.IdentificadorService     : ✅ Arquivo TXT gravado com sucesso em: /app/temp/20261005084955-28_sem_os_2/G6C3/G6C3-[18, 23].txt
2026-10-05T08:50:03.676-03:00  INFO 15156 --- [topomanager] [tomcat-handler-7] b.c.s.t.service.IdentificadorService     : ✅ Arquivo TXT gravado com sucesso em: /app/temp/20261005084955-28_sem_os_2/G6C3/G6C3-[18, 25].txt
2026-10-05T08:50:03.677-03:00  INFO 15156 --- [topomanager] [tomcat-handler-7] b.c.s.t.service.IdentificadorService     : ✅ Arquivo TXT gravado com sucesso em: /app/temp/20261005084955-28_sem_os_2/G6C3/G6C3-[20, 23].txt
2026-10-05T08:50:03.677-03:00  INFO 15156 --- [topomanager] [tomcat-handler-7] b.c.s.t.service.IdentificadorService     : ✅ Arquivo TXT gravado com sucesso em: /app/temp/20261005084955-28_sem_os_2/G6C3/G6C3-[20, 25].txt
2026-10-05T08:50:03.679-03:00  INFO 15156 --- [topomanager] [tomcat-handler-7] b.c.s.t.service.IdentificadorService     : ✅ Arquivo TXT gravado com sucesso em: /app/temp/20261005084955-28_sem_os_2/G6C3/G6C3-[23, 25].txt
2026-10-05T08:50:03.679-03:00  INFO 15156 --- [topomanager] [tomcat-handler-7] b.c.s.t.service.IdentificadorService     : ✅ Arquivo TXT gravado com sucesso em: /app/temp/20261005084955-28_sem_os_2/G6C6/G6C6-[2, 3].txt
2026-10-05T08:50:03.680-03:00  INFO 15156 --- [topomanager] [tomcat-handler-7] b.c.s.t.service.IdentificadorService     : ✅ Arquivo TXT gravado com sucesso em: /app/temp/20261005084955-28_sem_os_2/G6C6/G6C6-[2, 5].txt
2026-10-05T08:50:03.680-03:00  INFO 15156 --- [topomanager] [tomcat-handler-7] b.c.s.t.service.IdentificadorService     : ✅ Arquivo TXT gravado com sucesso em: /app/temp/20261005084955-28_sem_os_2/G6C6/G6C6-[2, 6].txt
2026-10-05T08:50:03.681-03:00  INFO 15156 --- [topomanager] [tomcat-handler-7] b.c.s.t.service.IdentificadorService     : ✅ Arquivo TXT gravado com sucesso em: /app/temp/20261005084955-28_sem_os_2/G6C6/G6C6-[2, 9].txt
2026-10-05T08:50:03.681-03:00  INFO 15156 --- [topomanager] [tomcat-handler-7] b.c.s.t.service.IdentificadorService     : ✅ Arquivo TXT gravado com sucesso em: /app/temp/20261005084955-28_sem_os_2/G6C6/G6C6-[2, 14].txt
2026-10-05T08:50:03.682-03:00  INFO 15156 --- [topomanager] [tomcat-handler-7] b.c.s.t.service.IdentificadorService     : ✅ Arquivo TXT gravado com sucesso em: /app/temp/20261005084955-28_sem_os_2/G6C6/G6C6-[2, 16].txt
2026-10-05T08:50:03.683-03:00  INFO 15156 --- [topomanager] [tomcat-handler-7] b.c.s.t.service.IdentificadorService     : ✅ Arquivo TXT gravado com sucesso em: /app/temp/20261005084955-28_sem_os_2/G6C6/G6C6-[2, 18].txt
2026-10-05T08:50:03.683-03:00  INFO 15156 --- [topomanager] [tomcat-handler-7] b.c.s.t.service.IdentificadorService     : ✅ Arquivo TXT gravado com sucesso em: /app/temp/20261005084955-28_sem_os_2/G6C6/G6C6-[2, 23].txt
2026-10-05T08:50:03.684-03:00  INFO 15156 --- [topomanager] [tomcat-handler-7] b.c.s.t.service.IdentificadorService     : ✅ Arquivo TXT gravado com sucesso em: /app/temp/20261005084955-28_sem_os_2/G6C6/G6C6-[2, 24].txt
2026-10-05T08:50:03.685-03:00  INFO 15156 --- [topomanager] [tomcat-handler-7] b.c.s.t.service.IdentificadorService     : ✅ Arquivo TXT gravado com sucesso em: /app/temp/20261005084955-28_sem_os_2/G6C6/G6C6-[2, 25].txt
2026-10-05T08:50:03.685-03:00  INFO 15156 --- [topomanager] [tomcat-handler-7] b.c.s.t.service.IdentificadorService     : ✅ Arquivo TXT gravado com sucesso em: /app/temp/20261005084955-28_sem_os_2/G6C6/G6C6-[3, 5].txt
2026-10-05T08:50:03.686-03:00  INFO 15156 --- [topomanager] [tomcat-handler-7] b.c.s.t.service.IdentificadorService     : ✅ Arquivo TXT gravado com sucesso em: /app/temp/20261005084955-28_sem_os_2/G6C6/G6C6-[3, 6].txt
2026-10-05T08:50:03.686-03:00  INFO 15156 --- [topomanager] [tomcat-handler-7] b.c.s.t.service.IdentificadorService     : ✅ Arquivo TXT gravado com sucesso em: /app/temp/20261005084955-28_sem_os_2/G6C6/G6C6-[3, 9].txt
2026-10-05T08:50:03.687-03:00  INFO 15156 --- [topomanager] [tomcat-handler-7] b.c.s.t.service.IdentificadorService     : ✅ Arquivo TXT gravado com sucesso em: /app/temp/20261005084955-28_sem_os_2/G6C6/G6C6-[3, 14].txt
2026-10-05T08:50:03.688-03:00  INFO 15156 --- [topomanager] [tomcat-handler-7] b.c.s.t.service.IdentificadorService     : ✅ Arquivo TXT gravado com sucesso em: /app/temp/20261005084955-28_sem_os_2/G6C6/G6C6-[3, 16].txt
2026-10-05T08:50:03.688-03:00  INFO 15156 --- [topomanager] [tomcat-handler-7] b.c.s.t.service.IdentificadorService     : ✅ Arquivo TXT gravado com sucesso em: /app/temp/20261005084955-28_sem_os_2/G6C6/G6C6-[3, 18].txt
2026-10-05T08:50:03.689-03:00  INFO 15156 --- [topomanager] [tomcat-handler-7] b.c.s.t.service.IdentificadorService     : ✅ Arquivo TXT gravado com sucesso em: /app/temp/20261005084955-28_sem_os_2/G6C6/G6C6-[3, 23].txt
2026-10-05T08:50:03.691-03:00  INFO 15156 --- [topomanager] [tomcat-handler-7] b.c.s.t.service.IdentificadorService     : ✅ Arquivo TXT gravado com sucesso em: /app/temp/20261005084955-28_sem_os_2/G6C6/G6C6-[3, 24].txt
2026-10-05T08:50:03.691-03:00  INFO 15156 --- [topomanager] [tomcat-handler-7] b.c.s.t.service.IdentificadorService     : ✅ Arquivo TXT gravado com sucesso em: /app/temp/20261005084955-28_sem_os_2/G6C6/G6C6-[3, 25].txt
2026-10-05T08:50:03.692-03:00  INFO 15156 --- [topomanager] [tomcat-handler-7] b.c.s.t.service.IdentificadorService     : ✅ Arquivo TXT gravado com sucesso em: /app/temp/20261005084955-28_sem_os_2/G6C6/G6C6-[5, 6].txt
2026-10-05T08:50:03.692-03:00  INFO 15156 --- [topomanager] [tomcat-handler-7] b.c.s.t.service.IdentificadorService     : ✅ Arquivo TXT gravado com sucesso em: /app/temp/20261005084955-28_sem_os_2/G6C6/G6C6-[5, 9].txt
2026-10-05T08:50:03.693-03:00  INFO 15156 --- [topomanager] [tomcat-handler-7] b.c.s.t.service.IdentificadorService     : ✅ Arquivo TXT gravado com sucesso em: /app/temp/20261005084955-28_sem_os_2/G6C6/G6C6-[5, 14].txt
2026-10-05T08:50:03.693-03:00  INFO 15156 --- [topomanager] [tomcat-handler-7] b.c.s.t.service.IdentificadorService     : ✅ Arquivo TXT gravado com sucesso em: /app/temp/20261005084955-28_sem_os_2/G6C6/G6C6-[5, 16].txt
2026-10-05T08:50:03.694-03:00  INFO 15156 --- [topomanager] [tomcat-handler-7] b.c.s.t.service.IdentificadorService     : ✅ Arquivo TXT gravado com sucesso em: /app/temp/20261005084955-28_sem_os_2/G6C6/G6C6-[5, 18].txt
2026-10-05T08:50:03.695-03:00  INFO 15156 --- [topomanager] [tomcat-handler-7] b.c.s.t.service.IdentificadorService     : ✅ Arquivo TXT gravado com sucesso em: /app/temp/20261005084955-28_sem_os_2/G6C6/G6C6-[5, 23].txt
2026-10-05T08:50:03.695-03:00  INFO 15156 --- [topomanager] [tomcat-handler-7] b.c.s.t.service.IdentificadorService     : ✅ Arquivo TXT gravado com sucesso em: /app/temp/20261005084955-28_sem_os_2/G6C6/G6C6-[5, 24].txt
2026-10-05T08:50:03.696-03:00  INFO 15156 --- [topomanager] [tomcat-handler-7] b.c.s.t.service.IdentificadorService     : ✅ Arquivo TXT gravado com sucesso em: /app/temp/20261005084955-28_sem_os_2/G6C6/G6C6-[5, 25].txt
2026-10-05T08:50:03.696-03:00  INFO 15156 --- [topomanager] [tomcat-handler-7] b.c.s.t.service.IdentificadorService     : ✅ Arquivo TXT gravado com sucesso em: /app/temp/20261005084955-28_sem_os_2/G6C6/G6C6-[6, 9].txt
2026-10-05T08:50:03.713-03:00  INFO 15156 --- [topomanager] [tomcat-handler-7] b.c.s.t.service.IdentificadorService     : ✅ Arquivo TXT gravado com sucesso em: /app/temp/20261005084955-28_sem_os_2/G6C6/G6C6-[6, 14].txt
2026-10-05T08:50:03.713-03:00  INFO 15156 --- [topomanager] [tomcat-handler-7] b.c.s.t.service.IdentificadorService     : ✅ Arquivo TXT gravado com sucesso em: /app/temp/20261005084955-28_sem_os_2/G6C6/G6C6-[6, 16].txt
2026-10-05T08:50:03.714-03:00  INFO 15156 --- [topomanager] [tomcat-handler-7] b.c.s.t.service.IdentificadorService     : ✅ Arquivo TXT gravado com sucesso em: /app/temp/20261005084955-28_sem_os_2/G6C6/G6C6-[6, 18].txt
2026-10-05T08:50:03.714-03:00  INFO 15156 --- [topomanager] [tomcat-handler-7] b.c.s.t.service.IdentificadorService     : ✅ Arquivo TXT gravado com sucesso em: /app/temp/20261005084955-28_sem_os_2/G6C6/G6C6-[6, 23].txt
2026-10-05T08:50:03.715-03:00  INFO 15156 --- [topomanager] [tomcat-handler-7] b.c.s.t.service.IdentificadorService     : ✅ Arquivo TXT gravado com sucesso em: /app/temp/20261005084955-28_sem_os_2/G6C6/G6C6-[6, 24].txt
2026-10-05T08:50:03.716-03:00  INFO 15156 --- [topomanager] [tomcat-handler-7] b.c.s.t.service.IdentificadorService     : ✅ Arquivo TXT gravado com sucesso em: /app/temp/20261005084955-28_sem_os_2/G6C6/G6C6-[6, 25].txt
2026-10-05T08:50:03.716-03:00  INFO 15156 --- [topomanager] [tomcat-handler-7] b.c.s.t.service.IdentificadorService     : ✅ Arquivo TXT gravado com sucesso em: /app/temp/20261005084955-28_sem_os_2/G6C6/G6C6-[9, 14].txt
2026-10-05T08:50:03.717-03:00  INFO 15156 --- [topomanager] [tomcat-handler-7] b.c.s.t.service.IdentificadorService     : ✅ Arquivo TXT gravado com sucesso em: /app/temp/20261005084955-28_sem_os_2/G6C6/G6C6-[9, 16].txt
2026-10-05T08:50:03.717-03:00  INFO 15156 --- [topomanager] [tomcat-handler-7] b.c.s.t.service.IdentificadorService     : ✅ Arquivo TXT gravado com sucesso em: /app/temp/20261005084955-28_sem_os_2/G6C6/G6C6-[9, 18].txt
2026-10-05T08:50:03.718-03:00  INFO 15156 --- [topomanager] [tomcat-handler-7] b.c.s.t.service.IdentificadorService     : ✅ Arquivo TXT gravado com sucesso em: /app/temp/20261005084955-28_sem_os_2/G6C6/G6C6-[9, 23].txt
2026-10-05T08:50:03.719-03:00  INFO 15156 --- [topomanager] [tomcat-handler-7] b.c.s.t.service.IdentificadorService     : ✅ Arquivo TXT gravado com sucesso em: /app/temp/20261005084955-28_sem_os_2/G6C6/G6C6-[9, 24].txt
2026-10-05T08:50:03.719-03:00  INFO 15156 --- [topomanager] [tomcat-handler-7] b.c.s.t.service.IdentificadorService     : ✅ Arquivo TXT gravado com sucesso em: /app/temp/20261005084955-28_sem_os_2/G6C6/G6C6-[9, 25].txt
2026-10-05T08:50:03.720-03:00  INFO 15156 --- [topomanager] [tomcat-handler-7] b.c.s.t.service.IdentificadorService     : ✅ Arquivo TXT gravado com sucesso em: /app/temp/20261005084955-28_sem_os_2/G6C6/G6C6-[14, 16].txt
2026-10-05T08:50:03.721-03:00  INFO 15156 --- [topomanager] [tomcat-handler-7] b.c.s.t.service.IdentificadorService     : ✅ Arquivo TXT gravado com sucesso em: /app/temp/20261005084955-28_sem_os_2/G6C6/G6C6-[14, 18].txt
2026-10-05T08:50:03.721-03:00  INFO 15156 --- [topomanager] [tomcat-handler-7] b.c.s.t.service.IdentificadorService     : ✅ Arquivo TXT gravado com sucesso em: /app/temp/20261005084955-28_sem_os_2/G6C6/G6C6-[14, 23].txt
2026-10-05T08:50:03.722-03:00  INFO 15156 --- [topomanager] [tomcat-handler-7] b.c.s.t.service.IdentificadorService     : ✅ Arquivo TXT gravado com sucesso em: /app/temp/20261005084955-28_sem_os_2/G6C6/G6C6-[14, 24].txt
2026-10-05T08:50:03.722-03:00  INFO 15156 --- [topomanager] [tomcat-handler-7] b.c.s.t.service.IdentificadorService     : ✅ Arquivo TXT gravado com sucesso em: /app/temp/20261005084955-28_sem_os_2/G6C6/G6C6-[14, 25].txt
2026-10-05T08:50:03.724-03:00  INFO 15156 --- [topomanager] [tomcat-handler-7] b.c.s.t.service.IdentificadorService     : ✅ Arquivo TXT gravado com sucesso em: /app/temp/20261005084955-28_sem_os_2/G6C6/G6C6-[16, 18].txt
2026-10-05T08:50:03.725-03:00  INFO 15156 --- [topomanager] [tomcat-handler-7] b.c.s.t.service.IdentificadorService     : ✅ Arquivo TXT gravado com sucesso em: /app/temp/20261005084955-28_sem_os_2/G6C6/G6C6-[16, 23].txt
2026-10-05T08:50:03.725-03:00  INFO 15156 --- [topomanager] [tomcat-handler-7] b.c.s.t.service.IdentificadorService     : ✅ Arquivo TXT gravado com sucesso em: /app/temp/20261005084955-28_sem_os_2/G6C6/G6C6-[16, 24].txt
2026-10-05T08:50:03.726-03:00  INFO 15156 --- [topomanager] [tomcat-handler-7] b.c.s.t.service.IdentificadorService     : ✅ Arquivo TXT gravado com sucesso em: /app/temp/20261005084955-28_sem_os_2/G6C6/G6C6-[16, 25].txt
2026-10-05T08:50:03.726-03:00  INFO 15156 --- [topomanager] [tomcat-handler-7] b.c.s.t.service.IdentificadorService     : ✅ Arquivo TXT gravado com sucesso em: /app/temp/20261005084955-28_sem_os_2/G6C6/G6C6-[18, 23].txt
2026-10-05T08:50:03.727-03:00  INFO 15156 --- [topomanager] [tomcat-handler-7] b.c.s.t.service.IdentificadorService     : ✅ Arquivo TXT gravado com sucesso em: /app/temp/20261005084955-28_sem_os_2/G6C6/G6C6-[18, 24].txt
2026-10-05T08:50:03.728-03:00  INFO 15156 --- [topomanager] [tomcat-handler-7] b.c.s.t.service.IdentificadorService     : ✅ Arquivo TXT gravado com sucesso em: /app/temp/20261005084955-28_sem_os_2/G6C6/G6C6-[18, 25].txt
2026-10-05T08:50:03.728-03:00  INFO 15156 --- [topomanager] [tomcat-handler-7] b.c.s.t.service.IdentificadorService     : ✅ Arquivo TXT gravado com sucesso em: /app/temp/20261005084955-28_sem_os_2/G6C6/G6C6-[23, 24].txt
2026-10-05T08:50:03.729-03:00  INFO 15156 --- [topomanager] [tomcat-handler-7] b.c.s.t.service.IdentificadorService     : ✅ Arquivo TXT gravado com sucesso em: /app/temp/20261005084955-28_sem_os_2/G6C6/G6C6-[23, 25].txt
2026-10-05T08:50:03.729-03:00  INFO 15156 --- [topomanager] [tomcat-handler-7] b.c.s.t.service.IdentificadorService     : ✅ Arquivo TXT gravado com sucesso em: /app/temp/20261005084955-28_sem_os_2/G6C6/G6C6-[24, 25].txt
2026-10-05T08:50:03.730-03:00  INFO 15156 --- [topomanager] [tomcat-handler-7] b.c.s.t.service.IdentificadorService     : ✅ Arquivo TXT gravado com sucesso em: /app/temp/20261005084955-28_sem_os_2/G11C10/G11C10-[2, 5].txt
2026-10-05T08:50:03.731-03:00  INFO 15156 --- [topomanager] [tomcat-handler-7] b.c.s.t.service.IdentificadorService     : ✅ Arquivo TXT gravado com sucesso em: /app/temp/20261005084955-28_sem_os_2/G11C10/G11C10-[2, 6].txt
2026-10-05T08:50:03.731-03:00  INFO 15156 --- [topomanager] [tomcat-handler-7] b.c.s.t.service.IdentificadorService     : ✅ Arquivo TXT gravado com sucesso em: /app/temp/20261005084955-28_sem_os_2/G11C10/G11C10-[2, 9].txt
2026-10-05T08:50:03.732-03:00  INFO 15156 --- [topomanager] [tomcat-handler-7] b.c.s.t.service.IdentificadorService     : ✅ Arquivo TXT gravado com sucesso em: /app/temp/20261005084955-28_sem_os_2/G11C10/G11C10-[2, 10].txt
2026-10-05T08:50:03.732-03:00  INFO 15156 --- [topomanager] [tomcat-handler-7] b.c.s.t.service.IdentificadorService     : ✅ Arquivo TXT gravado com sucesso em: /app/temp/20261005084955-28_sem_os_2/G11C10/G11C10-[2, 11].txt
2026-10-05T08:50:03.733-03:00  INFO 15156 --- [topomanager] [tomcat-handler-7] b.c.s.t.service.IdentificadorService     : ✅ Arquivo TXT gravado com sucesso em: /app/temp/20261005084955-28_sem_os_2/G11C10/G11C10-[2, 13].txt
2026-10-05T08:50:03.734-03:00  INFO 15156 --- [topomanager] [tomcat-handler-7] b.c.s.t.service.IdentificadorService     : ✅ Arquivo TXT gravado com sucesso em: /app/temp/20261005084955-28_sem_os_2/G11C10/G11C10-[2, 14].txt
2026-10-05T08:50:03.734-03:00  INFO 15156 --- [topomanager] [tomcat-handler-7] b.c.s.t.service.IdentificadorService     : ✅ Arquivo TXT gravado com sucesso em: /app/temp/20261005084955-28_sem_os_2/G11C10/G11C10-[2, 16].txt
2026-10-05T08:50:03.735-03:00  INFO 15156 --- [topomanager] [tomcat-handler-7] b.c.s.t.service.IdentificadorService     : ✅ Arquivo TXT gravado com sucesso em: /app/temp/20261005084955-28_sem_os_2/G11C10/G11C10-[2, 20].txt
2026-10-05T08:50:03.736-03:00  INFO 15156 --- [topomanager] [tomcat-handler-7] b.c.s.t.service.IdentificadorService     : ✅ Arquivo TXT gravado com sucesso em: /app/temp/20261005084955-28_sem_os_2/G11C10/G11C10-[2, 25].txt
2026-10-05T08:50:03.736-03:00  INFO 15156 --- [topomanager] [tomcat-handler-7] b.c.s.t.service.IdentificadorService     : ✅ Arquivo TXT gravado com sucesso em: /app/temp/20261005084955-28_sem_os_2/G11C10/G11C10-[5, 6].txt
2026-10-05T08:50:03.737-03:00  INFO 15156 --- [topomanager] [tomcat-handler-7] b.c.s.t.service.IdentificadorService     : ✅ Arquivo TXT gravado com sucesso em: /app/temp/20261005084955-28_sem_os_2/G11C10/G11C10-[5, 9].txt
2026-10-05T08:50:03.737-03:00  INFO 15156 --- [topomanager] [tomcat-handler-7] b.c.s.t.service.IdentificadorService     : ✅ Arquivo TXT gravado com sucesso em: /app/temp/20261005084955-28_sem_os_2/G11C10/G11C10-[5, 10].txt
2026-10-05T08:50:03.738-03:00  INFO 15156 --- [topomanager] [tomcat-handler-7] b.c.s.t.service.IdentificadorService     : ✅ Arquivo TXT gravado com sucesso em: /app/temp/20261005084955-28_sem_os_2/G11C10/G11C10-[5, 11].txt
2026-10-05T08:50:03.739-03:00  INFO 15156 --- [topomanager] [tomcat-handler-7] b.c.s.t.service.IdentificadorService     : ✅ Arquivo TXT gravado com sucesso em: /app/temp/20261005084955-28_sem_os_2/G11C10/G11C10-[5, 13].txt
2026-10-05T08:50:03.739-03:00  INFO 15156 --- [topomanager] [tomcat-handler-7] b.c.s.t.service.IdentificadorService     : ✅ Arquivo TXT gravado com sucesso em: /app/temp/20261005084955-28_sem_os_2/G11C10/G11C10-[5, 14].txt
2026-10-05T08:50:03.740-03:00  INFO 15156 --- [topomanager] [tomcat-handler-7] b.c.s.t.service.IdentificadorService     : ✅ Arquivo TXT gravado com sucesso em: /app/temp/20261005084955-28_sem_os_2/G11C10/G11C10-[5, 16].txt
2026-10-05T08:50:03.741-03:00  INFO 15156 --- [topomanager] [tomcat-handler-7] b.c.s.t.service.IdentificadorService     : ✅ Arquivo TXT gravado com sucesso em: /app/temp/20261005084955-28_sem_os_2/G11C10/G11C10-[5, 20].txt
2026-10-05T08:50:03.741-03:00  INFO 15156 --- [topomanager] [tomcat-handler-7] b.c.s.t.service.IdentificadorService     : ✅ Arquivo TXT gravado com sucesso em: /app/temp/20261005084955-28_sem_os_2/G11C10/G11C10-[5, 25].txt
2026-10-05T08:50:03.742-03:00  INFO 15156 --- [topomanager] [tomcat-handler-7] b.c.s.t.service.IdentificadorService     : ✅ Arquivo TXT gravado com sucesso em: /app/temp/20261005084955-28_sem_os_2/G11C10/G11C10-[6, 9].txt
2026-10-05T08:50:03.743-03:00  INFO 15156 --- [topomanager] [tomcat-handler-7] b.c.s.t.service.IdentificadorService     : ✅ Arquivo TXT gravado com sucesso em: /app/temp/20261005084955-28_sem_os_2/G11C10/G11C10-[6, 10].txt
2026-10-05T08:50:03.745-03:00  INFO 15156 --- [topomanager] [tomcat-handler-7] b.c.s.t.service.IdentificadorService     : ✅ Arquivo TXT gravado com sucesso em: /app/temp/20261005084955-28_sem_os_2/G11C10/G11C10-[6, 11].txt
2026-10-05T08:50:03.745-03:00  INFO 15156 --- [topomanager] [tomcat-handler-7] b.c.s.t.service.IdentificadorService     : ✅ Arquivo TXT gravado com sucesso em: /app/temp/20261005084955-28_sem_os_2/G11C10/G11C10-[6, 13].txt
2026-10-05T08:50:03.746-03:00  INFO 15156 --- [topomanager] [tomcat-handler-7] b.c.s.t.service.IdentificadorService     : ✅ Arquivo TXT gravado com sucesso em: /app/temp/20261005084955-28_sem_os_2/G11C10/G11C10-[6, 14].txt
2026-10-05T08:50:03.747-03:00  INFO 15156 --- [topomanager] [tomcat-handler-7] b.c.s.t.service.IdentificadorService     : ✅ Arquivo TXT gravado com sucesso em: /app/temp/20261005084955-28_sem_os_2/G11C10/G11C10-[6, 16].txt
2026-10-05T08:50:03.748-03:00  INFO 15156 --- [topomanager] [tomcat-handler-7] b.c.s.t.service.IdentificadorService     : ✅ Arquivo TXT gravado com sucesso em: /app/temp/20261005084955-28_sem_os_2/G11C10/G11C10-[6, 20].txt
2026-10-05T08:50:03.748-03:00  INFO 15156 --- [topomanager] [tomcat-handler-7] b.c.s.t.service.IdentificadorService     : ✅ Arquivo TXT gravado com sucesso em: /app/temp/20261005084955-28_sem_os_2/G11C10/G11C10-[6, 25].txt
2026-10-05T08:50:03.749-03:00  INFO 15156 --- [topomanager] [tomcat-handler-7] b.c.s.t.service.IdentificadorService     : ✅ Arquivo TXT gravado com sucesso em: /app/temp/20261005084955-28_sem_os_2/G11C10/G11C10-[9, 10].txt
2026-10-05T08:50:03.750-03:00  INFO 15156 --- [topomanager] [tomcat-handler-7] b.c.s.t.service.IdentificadorService     : ✅ Arquivo TXT gravado com sucesso em: /app/temp/20261005084955-28_sem_os_2/G11C10/G11C10-[9, 11].txt
2026-10-05T08:50:03.751-03:00  INFO 15156 --- [topomanager] [tomcat-handler-7] b.c.s.t.service.IdentificadorService     : ✅ Arquivo TXT gravado com sucesso em: /app/temp/20261005084955-28_sem_os_2/G11C10/G11C10-[9, 13].txt
2026-10-05T08:50:03.752-03:00  INFO 15156 --- [topomanager] [tomcat-handler-7] b.c.s.t.service.IdentificadorService     : ✅ Arquivo TXT gravado com sucesso em: /app/temp/20261005084955-28_sem_os_2/G11C10/G11C10-[9, 14].txt
2026-10-05T08:50:03.752-03:00  INFO 15156 --- [topomanager] [tomcat-handler-7] b.c.s.t.service.IdentificadorService     : ✅ Arquivo TXT gravado com sucesso em: /app/temp/20261005084955-28_sem_os_2/G11C10/G11C10-[9, 16].txt
2026-10-05T08:50:03.753-03:00  INFO 15156 --- [topomanager] [tomcat-handler-7] b.c.s.t.service.IdentificadorService     : ✅ Arquivo TXT gravado com sucesso em: /app/temp/20261005084955-28_sem_os_2/G11C10/G11C10-[9, 20].txt
2026-10-05T08:50:03.754-03:00  INFO 15156 --- [topomanager] [tomcat-handler-7] b.c.s.t.service.IdentificadorService     : ✅ Arquivo TXT gravado com sucesso em: /app/temp/20261005084955-28_sem_os_2/G11C10/G11C10-[9, 25].txt
2026-10-05T08:50:03.755-03:00  INFO 15156 --- [topomanager] [tomcat-handler-7] b.c.s.t.service.IdentificadorService     : ✅ Arquivo TXT gravado com sucesso em: /app/temp/20261005084955-28_sem_os_2/G11C10/G11C10-[10, 11].txt
2026-10-05T08:50:03.755-03:00  INFO 15156 --- [topomanager] [tomcat-handler-7] b.c.s.t.service.IdentificadorService     : ✅ Arquivo TXT gravado com sucesso em: /app/temp/20261005084955-28_sem_os_2/G11C10/G11C10-[10, 13].txt
2026-10-05T08:50:03.756-03:00  INFO 15156 --- [topomanager] [tomcat-handler-7] b.c.s.t.service.IdentificadorService     : ✅ Arquivo TXT gravado com sucesso em: /app/temp/20261005084955-28_sem_os_2/G11C10/G11C10-[10, 14].txt
2026-10-05T08:50:03.757-03:00  INFO 15156 --- [topomanager] [tomcat-handler-7] b.c.s.t.service.IdentificadorService     : ✅ Arquivo TXT gravado com sucesso em: /app/temp/20261005084955-28_sem_os_2/G11C10/G11C10-[10, 16].txt
2026-10-05T08:50:03.758-03:00  INFO 15156 --- [topomanager] [tomcat-handler-7] b.c.s.t.service.IdentificadorService     : ✅ Arquivo TXT gravado com sucesso em: /app/temp/20261005084955-28_sem_os_2/G11C10/G11C10-[10, 20].txt
2026-10-05T08:50:03.758-03:00  INFO 15156 --- [topomanager] [tomcat-handler-7] b.c.s.t.service.IdentificadorService     : ✅ Arquivo TXT gravado com sucesso em: /app/temp/20261005084955-28_sem_os_2/G11C10/G11C10-[10, 25].txt
2026-10-05T08:50:03.759-03:00  INFO 15156 --- [topomanager] [tomcat-handler-7] b.c.s.t.service.IdentificadorService     : ✅ Arquivo TXT gravado com sucesso em: /app/temp/20261005084955-28_sem_os_2/G11C10/G11C10-[11, 13].txt
2026-10-05T08:50:03.760-03:00  INFO 15156 --- [topomanager] [tomcat-handler-7] b.c.s.t.service.IdentificadorService     : ✅ Arquivo TXT gravado com sucesso em: /app/temp/20261005084955-28_sem_os_2/G11C10/G11C10-[11, 14].txt
2026-10-05T08:50:03.760-03:00  INFO 15156 --- [topomanager] [tomcat-handler-7] b.c.s.t.service.IdentificadorService     : ✅ Arquivo TXT gravado com sucesso em: /app/temp/20261005084955-28_sem_os_2/G11C10/G11C10-[11, 16].txt
2026-10-05T08:50:03.761-03:00  INFO 15156 --- [topomanager] [tomcat-handler-7] b.c.s.t.service.IdentificadorService     : ✅ Arquivo TXT gravado com sucesso em: /app/temp/20261005084955-28_sem_os_2/G11C10/G11C10-[11, 20].txt
2026-10-05T08:50:03.762-03:00  INFO 15156 --- [topomanager] [tomcat-handler-7] b.c.s.t.service.IdentificadorService     : ✅ Arquivo TXT gravado com sucesso em: /app/temp/20261005084955-28_sem_os_2/G11C10/G11C10-[11, 25].txt
2026-10-05T08:50:03.762-03:00  INFO 15156 --- [topomanager] [tomcat-handler-7] b.c.s.t.service.IdentificadorService     : ✅ Arquivo TXT gravado com sucesso em: /app/temp/20261005084955-28_sem_os_2/G11C10/G11C10-[13, 14].txt
2026-10-05T08:50:03.763-03:00  INFO 15156 --- [topomanager] [tomcat-handler-7] b.c.s.t.service.IdentificadorService     : ✅ Arquivo TXT gravado com sucesso em: /app/temp/20261005084955-28_sem_os_2/G11C10/G11C10-[13, 16].txt
2026-10-05T08:50:03.764-03:00  INFO 15156 --- [topomanager] [tomcat-handler-7] b.c.s.t.service.IdentificadorService     : ✅ Arquivo TXT gravado com sucesso em: /app/temp/20261005084955-28_sem_os_2/G11C10/G11C10-[13, 20].txt
2026-10-05T08:50:03.764-03:00  INFO 15156 --- [topomanager] [tomcat-handler-7] b.c.s.t.service.IdentificadorService     : ✅ Arquivo TXT gravado com sucesso em: /app/temp/20261005084955-28_sem_os_2/G11C10/G11C10-[13, 25].txt
2026-10-05T08:50:03.765-03:00  INFO 15156 --- [topomanager] [tomcat-handler-7] b.c.s.t.service.IdentificadorService     : ✅ Arquivo TXT gravado com sucesso em: /app/temp/20261005084955-28_sem_os_2/G11C10/G11C10-[14, 16].txt
2026-10-05T08:50:03.766-03:00  INFO 15156 --- [topomanager] [tomcat-handler-7] b.c.s.t.service.IdentificadorService     : ✅ Arquivo TXT gravado com sucesso em: /app/temp/20261005084955-28_sem_os_2/G11C10/G11C10-[14, 20].txt
2026-10-05T08:50:03.767-03:00  INFO 15156 --- [topomanager] [tomcat-handler-7] b.c.s.t.service.IdentificadorService     : ✅ Arquivo TXT gravado com sucesso em: /app/temp/20261005084955-28_sem_os_2/G11C10/G11C10-[14, 25].txt
2026-10-05T08:50:03.767-03:00  INFO 15156 --- [topomanager] [tomcat-handler-7] b.c.s.t.service.IdentificadorService     : ✅ Arquivo TXT gravado com sucesso em: /app/temp/20261005084955-28_sem_os_2/G11C10/G11C10-[16, 20].txt
2026-10-05T08:50:03.768-03:00  INFO 15156 --- [topomanager] [tomcat-handler-7] b.c.s.t.service.IdentificadorService     : ✅ Arquivo TXT gravado com sucesso em: /app/temp/20261005084955-28_sem_os_2/G11C10/G11C10-[16, 25].txt
2026-10-05T08:50:03.769-03:00  INFO 15156 --- [topomanager] [tomcat-handler-7] b.c.s.t.service.IdentificadorService     : ✅ Arquivo TXT gravado com sucesso em: /app/temp/20261005084955-28_sem_os_2/G11C10/G11C10-[20, 25].txt
2026-10-05T08:50:03.769-03:00  INFO 15156 --- [topomanager] [tomcat-handler-7] b.c.s.t.service.IdentificadorService     : ✅ Arquivo TXT gravado com sucesso em: /app/temp/20261005084955-28_sem_os_2/G15C6/G15C6-[3, 6].txt
2026-10-05T08:50:03.770-03:00  INFO 15156 --- [topomanager] [tomcat-handler-7] b.c.s.t.service.IdentificadorService     : ✅ Arquivo TXT gravado com sucesso em: /app/temp/20261005084955-28_sem_os_2/G15C6/G15C6-[3, 9].txt
2026-10-05T08:50:03.771-03:00  INFO 15156 --- [topomanager] [tomcat-handler-7] b.c.s.t.service.IdentificadorService     : ✅ Arquivo TXT gravado com sucesso em: /app/temp/20261005084955-28_sem_os_2/G15C6/G15C6-[3, 10].txt
2026-10-05T08:50:03.772-03:00  INFO 15156 --- [topomanager] [tomcat-handler-7] b.c.s.t.service.IdentificadorService     : ✅ Arquivo TXT gravado com sucesso em: /app/temp/20261005084955-28_sem_os_2/G15C6/G15C6-[3, 11].txt
2026-10-05T08:50:03.772-03:00  INFO 15156 --- [topomanager] [tomcat-handler-7] b.c.s.t.service.IdentificadorService     : ✅ Arquivo TXT gravado com sucesso em: /app/temp/20261005084955-28_sem_os_2/G15C6/G15C6-[3, 14].txt
2026-10-05T08:50:03.773-03:00  INFO 15156 --- [topomanager] [tomcat-handler-7] b.c.s.t.service.IdentificadorService     : ✅ Arquivo TXT gravado com sucesso em: /app/temp/20261005084955-28_sem_os_2/G15C6/G15C6-[3, 16].txt
2026-10-05T08:50:03.774-03:00  INFO 15156 --- [topomanager] [tomcat-handler-7] b.c.s.t.service.IdentificadorService     : ✅ Arquivo TXT gravado com sucesso em: /app/temp/20261005084955-28_sem_os_2/G15C6/G15C6-[3, 18].txt
2026-10-05T08:50:03.774-03:00  INFO 15156 --- [topomanager] [tomcat-handler-7] b.c.s.t.service.IdentificadorService     : ✅ Arquivo TXT gravado com sucesso em: /app/temp/20261005084955-28_sem_os_2/G15C6/G15C6-[3, 20].txt
2026-10-05T08:50:03.775-03:00  INFO 15156 --- [topomanager] [tomcat-handler-7] b.c.s.t.service.IdentificadorService     : ✅ Arquivo TXT gravado com sucesso em: /app/temp/20261005084955-28_sem_os_2/G15C6/G15C6-[3, 23].txt
2026-10-05T08:50:03.777-03:00  INFO 15156 --- [topomanager] [tomcat-handler-7] b.c.s.t.service.IdentificadorService     : ✅ Arquivo TXT gravado com sucesso em: /app/temp/20261005084955-28_sem_os_2/G15C6/G15C6-[3, 24].txt
2026-10-05T08:50:03.778-03:00  INFO 15156 --- [topomanager] [tomcat-handler-7] b.c.s.t.service.IdentificadorService     : ✅ Arquivo TXT gravado com sucesso em: /app/temp/20261005084955-28_sem_os_2/G15C6/G15C6-[6, 9].txt
2026-10-05T08:50:03.778-03:00  INFO 15156 --- [topomanager] [tomcat-handler-7] b.c.s.t.service.IdentificadorService     : ✅ Arquivo TXT gravado com sucesso em: /app/temp/20261005084955-28_sem_os_2/G15C6/G15C6-[6, 10].txt
2026-10-05T08:50:03.779-03:00  INFO 15156 --- [topomanager] [tomcat-handler-7] b.c.s.t.service.IdentificadorService     : ✅ Arquivo TXT gravado com sucesso em: /app/temp/20261005084955-28_sem_os_2/G15C6/G15C6-[6, 11].txt
2026-10-05T08:50:03.780-03:00  INFO 15156 --- [topomanager] [tomcat-handler-7] b.c.s.t.service.IdentificadorService     : ✅ Arquivo TXT gravado com sucesso em: /app/temp/20261005084955-28_sem_os_2/G15C6/G15C6-[6, 14].txt
2026-10-05T08:50:03.780-03:00  INFO 15156 --- [topomanager] [tomcat-handler-7] b.c.s.t.service.IdentificadorService     : ✅ Arquivo TXT gravado com sucesso em: /app/temp/20261005084955-28_sem_os_2/G15C6/G15C6-[6, 16].txt
2026-10-05T08:50:03.781-03:00  INFO 15156 --- [topomanager] [tomcat-handler-7] b.c.s.t.service.IdentificadorService     : ✅ Arquivo TXT gravado com sucesso em: /app/temp/20261005084955-28_sem_os_2/G15C6/G15C6-[6, 18].txt
2026-10-05T08:50:03.782-03:00  INFO 15156 --- [topomanager] [tomcat-handler-7] b.c.s.t.service.IdentificadorService     : ✅ Arquivo TXT gravado com sucesso em: /app/temp/20261005084955-28_sem_os_2/G15C6/G15C6-[6, 20].txt
2026-10-05T08:50:03.783-03:00  INFO 15156 --- [topomanager] [tomcat-handler-7] b.c.s.t.service.IdentificadorService     : ✅ Arquivo TXT gravado com sucesso em: /app/temp/20261005084955-28_sem_os_2/G15C6/G15C6-[6, 23].txt
2026-10-05T08:50:03.783-03:00  INFO 15156 --- [topomanager] [tomcat-handler-7] b.c.s.t.service.IdentificadorService     : ✅ Arquivo TXT gravado com sucesso em: /app/temp/20261005084955-28_sem_os_2/G15C6/G15C6-[6, 24].txt
2026-10-05T08:50:03.783-03:00  INFO 15156 --- [topomanager] [tomcat-handler-7] b.c.s.t.service.IdentificadorService     : ✅ Arquivo TXT gravado com sucesso em: /app/temp/20261005084955-28_sem_os_2/G15C6/G15C6-[9, 10].txt
2026-10-05T08:50:03.784-03:00  INFO 15156 --- [topomanager] [tomcat-handler-7] b.c.s.t.service.IdentificadorService     : ✅ Arquivo TXT gravado com sucesso em: /app/temp/20261005084955-28_sem_os_2/G15C6/G15C6-[9, 11].txt
2026-10-05T08:50:03.784-03:00  INFO 15156 --- [topomanager] [tomcat-handler-7] b.c.s.t.service.IdentificadorService     : ✅ Arquivo TXT gravado com sucesso em: /app/temp/20261005084955-28_sem_os_2/G15C6/G15C6-[9, 14].txt
2026-10-05T08:50:03.785-03:00  INFO 15156 --- [topomanager] [tomcat-handler-7] b.c.s.t.service.IdentificadorService     : ✅ Arquivo TXT gravado com sucesso em: /app/temp/20261005084955-28_sem_os_2/G15C6/G15C6-[9, 16].txt
2026-10-05T08:50:03.786-03:00  INFO 15156 --- [topomanager] [tomcat-handler-7] b.c.s.t.service.IdentificadorService     : ✅ Arquivo TXT gravado com sucesso em: /app/temp/20261005084955-28_sem_os_2/G15C6/G15C6-[9, 18].txt
2026-10-05T08:50:03.786-03:00  INFO 15156 --- [topomanager] [tomcat-handler-7] b.c.s.t.service.IdentificadorService     : ✅ Arquivo TXT gravado com sucesso em: /app/temp/20261005084955-28_sem_os_2/G15C6/G15C6-[9, 20].txt
2026-10-05T08:50:03.787-03:00  INFO 15156 --- [topomanager] [tomcat-handler-7] b.c.s.t.service.IdentificadorService     : ✅ Arquivo TXT gravado com sucesso em: /app/temp/20261005084955-28_sem_os_2/G15C6/G15C6-[9, 23].txt
2026-10-05T08:50:03.787-03:00  INFO 15156 --- [topomanager] [tomcat-handler-7] b.c.s.t.service.IdentificadorService     : ✅ Arquivo TXT gravado com sucesso em: /app/temp/20261005084955-28_sem_os_2/G15C6/G15C6-[9, 24].txt
2026-10-05T08:50:03.788-03:00  INFO 15156 --- [topomanager] [tomcat-handler-7] b.c.s.t.service.IdentificadorService     : ✅ Arquivo TXT gravado com sucesso em: /app/temp/20261005084955-28_sem_os_2/G15C6/G15C6-[10, 11].txt
2026-10-05T08:50:03.789-03:00  INFO 15156 --- [topomanager] [tomcat-handler-7] b.c.s.t.service.IdentificadorService     : ✅ Arquivo TXT gravado com sucesso em: /app/temp/20261005084955-28_sem_os_2/G15C6/G15C6-[10, 14].txt
2026-10-05T08:50:03.789-03:00  INFO 15156 --- [topomanager] [tomcat-handler-7] b.c.s.t.service.IdentificadorService     : ✅ Arquivo TXT gravado com sucesso em: /app/temp/20261005084955-28_sem_os_2/G15C6/G15C6-[10, 16].txt
2026-10-05T08:50:03.790-03:00  INFO 15156 --- [topomanager] [tomcat-handler-7] b.c.s.t.service.IdentificadorService     : ✅ Arquivo TXT gravado com sucesso em: /app/temp/20261005084955-28_sem_os_2/G15C6/G15C6-[10, 18].txt
2026-10-05T08:50:03.790-03:00  INFO 15156 --- [topomanager] [tomcat-handler-7] b.c.s.t.service.IdentificadorService     : ✅ Arquivo TXT gravado com sucesso em: /app/temp/20261005084955-28_sem_os_2/G15C6/G15C6-[10, 20].txt
2026-10-05T08:50:03.791-03:00  INFO 15156 --- [topomanager] [tomcat-handler-7] b.c.s.t.service.IdentificadorService     : ✅ Arquivo TXT gravado com sucesso em: /app/temp/20261005084955-28_sem_os_2/G15C6/G15C6-[10, 23].txt
2026-10-05T08:50:03.792-03:00  INFO 15156 --- [topomanager] [tomcat-handler-7] b.c.s.t.service.IdentificadorService     : ✅ Arquivo TXT gravado com sucesso em: /app/temp/20261005084955-28_sem_os_2/G15C6/G15C6-[10, 24].txt
2026-10-05T08:50:03.792-03:00  INFO 15156 --- [topomanager] [tomcat-handler-7] b.c.s.t.service.IdentificadorService     : ✅ Arquivo TXT gravado com sucesso em: /app/temp/20261005084955-28_sem_os_2/G15C6/G15C6-[11, 14].txt
2026-10-05T08:50:03.793-03:00  INFO 15156 --- [topomanager] [tomcat-handler-7] b.c.s.t.service.IdentificadorService     : ✅ Arquivo TXT gravado com sucesso em: /app/temp/20261005084955-28_sem_os_2/G15C6/G15C6-[11, 16].txt
2026-10-05T08:50:03.794-03:00  INFO 15156 --- [topomanager] [tomcat-handler-7] b.c.s.t.service.IdentificadorService     : ✅ Arquivo TXT gravado com sucesso em: /app/temp/20261005084955-28_sem_os_2/G15C6/G15C6-[11, 18].txt
2026-10-05T08:50:03.795-03:00  INFO 15156 --- [topomanager] [tomcat-handler-7] b.c.s.t.service.IdentificadorService     : ✅ Arquivo TXT gravado com sucesso em: /app/temp/20261005084955-28_sem_os_2/G15C6/G15C6-[11, 20].txt
2026-10-05T08:50:03.796-03:00  INFO 15156 --- [topomanager] [tomcat-handler-7] b.c.s.t.service.IdentificadorService     : ✅ Arquivo TXT gravado com sucesso em: /app/temp/20261005084955-28_sem_os_2/G15C6/G15C6-[11, 23].txt
2026-10-05T08:50:03.797-03:00  INFO 15156 --- [topomanager] [tomcat-handler-7] b.c.s.t.service.IdentificadorService     : ✅ Arquivo TXT gravado com sucesso em: /app/temp/20261005084955-28_sem_os_2/G15C6/G15C6-[11, 24].txt
2026-10-05T08:50:03.798-03:00  INFO 15156 --- [topomanager] [tomcat-handler-7] b.c.s.t.service.IdentificadorService     : ✅ Arquivo TXT gravado com sucesso em: /app/temp/20261005084955-28_sem_os_2/G15C6/G15C6-[14, 16].txt
2026-10-05T08:50:03.798-03:00  INFO 15156 --- [topomanager] [tomcat-handler-7] b.c.s.t.service.IdentificadorService     : ✅ Arquivo TXT gravado com sucesso em: /app/temp/20261005084955-28_sem_os_2/G15C6/G15C6-[14, 18].txt
2026-10-05T08:50:03.799-03:00  INFO 15156 --- [topomanager] [tomcat-handler-7] b.c.s.t.service.IdentificadorService     : ✅ Arquivo TXT gravado com sucesso em: /app/temp/20261005084955-28_sem_os_2/G15C6/G15C6-[14, 20].txt
2026-10-05T08:50:03.800-03:00  INFO 15156 --- [topomanager] [tomcat-handler-7] b.c.s.t.service.IdentificadorService     : ✅ Arquivo TXT gravado com sucesso em: /app/temp/20261005084955-28_sem_os_2/G15C6/G15C6-[14, 23].txt
2026-10-05T08:50:03.801-03:00  INFO 15156 --- [topomanager] [tomcat-handler-7] b.c.s.t.service.IdentificadorService     : ✅ Arquivo TXT gravado com sucesso em: /app/temp/20261005084955-28_sem_os_2/G15C6/G15C6-[14, 24].txt
2026-10-05T08:50:03.801-03:00  INFO 15156 --- [topomanager] [tomcat-handler-7] b.c.s.t.service.IdentificadorService     : ✅ Arquivo TXT gravado com sucesso em: /app/temp/20261005084955-28_sem_os_2/G15C6/G15C6-[16, 18].txt
2026-10-05T08:50:03.802-03:00  INFO 15156 --- [topomanager] [tomcat-handler-7] b.c.s.t.service.IdentificadorService     : ✅ Arquivo TXT gravado com sucesso em: /app/temp/20261005084955-28_sem_os_2/G15C6/G15C6-[16, 20].txt
2026-10-05T08:50:03.803-03:00  INFO 15156 --- [topomanager] [tomcat-handler-7] b.c.s.t.service.IdentificadorService     : ✅ Arquivo TXT gravado com sucesso em: /app/temp/20261005084955-28_sem_os_2/G15C6/G15C6-[16, 23].txt
2026-10-05T08:50:03.803-03:00  INFO 15156 --- [topomanager] [tomcat-handler-7] b.c.s.t.service.IdentificadorService     : ✅ Arquivo TXT gravado com sucesso em: /app/temp/20261005084955-28_sem_os_2/G15C6/G15C6-[16, 24].txt
2026-10-05T08:50:03.804-03:00  INFO 15156 --- [topomanager] [tomcat-handler-7] b.c.s.t.service.IdentificadorService     : ✅ Arquivo TXT gravado com sucesso em: /app/temp/20261005084955-28_sem_os_2/G15C6/G15C6-[18, 20].txt
2026-10-05T08:50:03.805-03:00  INFO 15156 --- [topomanager] [tomcat-handler-7] b.c.s.t.service.IdentificadorService     : ✅ Arquivo TXT gravado com sucesso em: /app/temp/20261005084955-28_sem_os_2/G15C6/G15C6-[18, 23].txt
2026-10-05T08:50:03.806-03:00  INFO 15156 --- [topomanager] [tomcat-handler-7] b.c.s.t.service.IdentificadorService     : ✅ Arquivo TXT gravado com sucesso em: /app/temp/20261005084955-28_sem_os_2/G15C6/G15C6-[18, 24].txt
2026-10-05T08:50:03.806-03:00  INFO 15156 --- [topomanager] [tomcat-handler-7] b.c.s.t.service.IdentificadorService     : ✅ Arquivo TXT gravado com sucesso em: /app/temp/20261005084955-28_sem_os_2/G15C6/G15C6-[20, 23].txt
2026-10-05T08:50:03.807-03:00  INFO 15156 --- [topomanager] [tomcat-handler-7] b.c.s.t.service.IdentificadorService     : ✅ Arquivo TXT gravado com sucesso em: /app/temp/20261005084955-28_sem_os_2/G15C6/G15C6-[20, 24].txt
2026-10-05T08:50:03.808-03:00  INFO 15156 --- [topomanager] [tomcat-handler-7] b.c.s.t.service.IdentificadorService     : ✅ Arquivo TXT gravado com sucesso em: /app/temp/20261005084955-28_sem_os_2/G15C6/G15C6-[23, 24].txt
2026-10-05T08:50:03.808-03:00  INFO 15156 --- [topomanager] [tomcat-handler-7] b.c.s.t.service.IdentificadorService     : ✅ Arquivo TXT gravado com sucesso em: /app/temp/20261005084955-28_sem_os_2/G11C5/G11C5-[2, 5].txt
2026-10-05T08:50:03.809-03:00  INFO 15156 --- [topomanager] [tomcat-handler-7] b.c.s.t.service.IdentificadorService     : ✅ Arquivo TXT gravado com sucesso em: /app/temp/20261005084955-28_sem_os_2/G11C5/G11C5-[2, 6].txt
2026-10-05T08:50:03.809-03:00  INFO 15156 --- [topomanager] [tomcat-handler-7] b.c.s.t.service.IdentificadorService     : ✅ Arquivo TXT gravado com sucesso em: /app/temp/20261005084955-28_sem_os_2/G11C5/G11C5-[2, 9].txt
2026-10-05T08:50:03.810-03:00  INFO 15156 --- [topomanager] [tomcat-handler-7] b.c.s.t.service.IdentificadorService     : ✅ Arquivo TXT gravado com sucesso em: /app/temp/20261005084955-28_sem_os_2/G11C5/G11C5-[2, 10].txt
2026-10-05T08:50:03.810-03:00  INFO 15156 --- [topomanager] [tomcat-handler-7] b.c.s.t.service.IdentificadorService     : ✅ Arquivo TXT gravado com sucesso em: /app/temp/20261005084955-28_sem_os_2/G11C5/G11C5-[2, 11].txt
2026-10-05T08:50:03.813-03:00  INFO 15156 --- [topomanager] [tomcat-handler-7] b.c.s.t.service.IdentificadorService     : ✅ Arquivo TXT gravado com sucesso em: /app/temp/20261005084955-28_sem_os_2/G11C5/G11C5-[2, 13].txt
2026-10-05T08:50:03.814-03:00  INFO 15156 --- [topomanager] [tomcat-handler-7] b.c.s.t.service.IdentificadorService     : ✅ Arquivo TXT gravado com sucesso em: /app/temp/20261005084955-28_sem_os_2/G11C5/G11C5-[2, 14].txt
2026-10-05T08:50:03.814-03:00  INFO 15156 --- [topomanager] [tomcat-handler-7] b.c.s.t.service.IdentificadorService     : ✅ Arquivo TXT gravado com sucesso em: /app/temp/20261005084955-28_sem_os_2/G11C5/G11C5-[2, 16].txt
2026-10-05T08:50:03.815-03:00  INFO 15156 --- [topomanager] [tomcat-handler-7] b.c.s.t.service.IdentificadorService     : ✅ Arquivo TXT gravado com sucesso em: /app/temp/20261005084955-28_sem_os_2/G11C5/G11C5-[2, 20].txt
2026-10-05T08:50:03.816-03:00  INFO 15156 --- [topomanager] [tomcat-handler-7] b.c.s.t.service.IdentificadorService     : ✅ Arquivo TXT gravado com sucesso em: /app/temp/20261005084955-28_sem_os_2/G11C5/G11C5-[2, 24].txt
2026-10-05T08:50:03.816-03:00  INFO 15156 --- [topomanager] [tomcat-handler-7] b.c.s.t.service.IdentificadorService     : ✅ Arquivo TXT gravado com sucesso em: /app/temp/20261005084955-28_sem_os_2/G11C5/G11C5-[5, 6].txt
2026-10-05T08:50:03.817-03:00  INFO 15156 --- [topomanager] [tomcat-handler-7] b.c.s.t.service.IdentificadorService     : ✅ Arquivo TXT gravado com sucesso em: /app/temp/20261005084955-28_sem_os_2/G11C5/G11C5-[5, 9].txt
2026-10-05T08:50:03.818-03:00  INFO 15156 --- [topomanager] [tomcat-handler-7] b.c.s.t.service.IdentificadorService     : ✅ Arquivo TXT gravado com sucesso em: /app/temp/20261005084955-28_sem_os_2/G11C5/G11C5-[5, 10].txt
2026-10-05T08:50:03.818-03:00  INFO 15156 --- [topomanager] [tomcat-handler-7] b.c.s.t.service.IdentificadorService     : ✅ Arquivo TXT gravado com sucesso em: /app/temp/20261005084955-28_sem_os_2/G11C5/G11C5-[5, 11].txt
2026-10-05T08:50:03.819-03:00  INFO 15156 --- [topomanager] [tomcat-handler-7] b.c.s.t.service.IdentificadorService     : ✅ Arquivo TXT gravado com sucesso em: /app/temp/20261005084955-28_sem_os_2/G11C5/G11C5-[5, 13].txt
2026-10-05T08:50:03.819-03:00  INFO 15156 --- [topomanager] [tomcat-handler-7] b.c.s.t.service.IdentificadorService     : ✅ Arquivo TXT gravado com sucesso em: /app/temp/20261005084955-28_sem_os_2/G11C5/G11C5-[5, 14].txt
2026-10-05T08:50:03.820-03:00  INFO 15156 --- [topomanager] [tomcat-handler-7] b.c.s.t.service.IdentificadorService     : ✅ Arquivo TXT gravado com sucesso em: /app/temp/20261005084955-28_sem_os_2/G11C5/G11C5-[5, 16].txt
2026-10-05T08:50:03.821-03:00  INFO 15156 --- [topomanager] [tomcat-handler-7] b.c.s.t.service.IdentificadorService     : ✅ Arquivo TXT gravado com sucesso em: /app/temp/20261005084955-28_sem_os_2/G11C5/G11C5-[5, 20].txt
2026-10-05T08:50:03.821-03:00  INFO 15156 --- [topomanager] [tomcat-handler-7] b.c.s.t.service.IdentificadorService     : ✅ Arquivo TXT gravado com sucesso em: /app/temp/20261005084955-28_sem_os_2/G11C5/G11C5-[5, 24].txt
2026-10-05T08:50:03.822-03:00  INFO 15156 --- [topomanager] [tomcat-handler-7] b.c.s.t.service.IdentificadorService     : ✅ Arquivo TXT gravado com sucesso em: /app/temp/20261005084955-28_sem_os_2/G11C5/G11C5-[6, 9].txt
2026-10-05T08:50:03.823-03:00  INFO 15156 --- [topomanager] [tomcat-handler-7] b.c.s.t.service.IdentificadorService     : ✅ Arquivo TXT gravado com sucesso em: /app/temp/20261005084955-28_sem_os_2/G11C5/G11C5-[6, 10].txt
2026-10-05T08:50:03.823-03:00  INFO 15156 --- [topomanager] [tomcat-handler-7] b.c.s.t.service.IdentificadorService     : ✅ Arquivo TXT gravado com sucesso em: /app/temp/20261005084955-28_sem_os_2/G11C5/G11C5-[6, 11].txt
2026-10-05T08:50:03.824-03:00  INFO 15156 --- [topomanager] [tomcat-handler-7] b.c.s.t.service.IdentificadorService     : ✅ Arquivo TXT gravado com sucesso em: /app/temp/20261005084955-28_sem_os_2/G11C5/G11C5-[6, 13].txt
2026-10-05T08:50:03.825-03:00  INFO 15156 --- [topomanager] [tomcat-handler-7] b.c.s.t.service.IdentificadorService     : ✅ Arquivo TXT gravado com sucesso em: /app/temp/20261005084955-28_sem_os_2/G11C5/G11C5-[6, 14].txt
2026-10-05T08:50:03.825-03:00  INFO 15156 --- [topomanager] [tomcat-handler-7] b.c.s.t.service.IdentificadorService     : ✅ Arquivo TXT gravado com sucesso em: /app/temp/20261005084955-28_sem_os_2/G11C5/G11C5-[6, 16].txt
2026-10-05T08:50:03.826-03:00  INFO 15156 --- [topomanager] [tomcat-handler-7] b.c.s.t.service.IdentificadorService     : ✅ Arquivo TXT gravado com sucesso em: /app/temp/20261005084955-28_sem_os_2/G11C5/G11C5-[6, 20].txt
2026-10-05T08:50:03.827-03:00  INFO 15156 --- [topomanager] [tomcat-handler-7] b.c.s.t.service.IdentificadorService     : ✅ Arquivo TXT gravado com sucesso em: /app/temp/20261005084955-28_sem_os_2/G11C5/G11C5-[6, 24].txt
2026-10-05T08:50:03.828-03:00  INFO 15156 --- [topomanager] [tomcat-handler-7] b.c.s.t.service.IdentificadorService     : ✅ Arquivo TXT gravado com sucesso em: /app/temp/20261005084955-28_sem_os_2/G11C5/G11C5-[9, 10].txt
2026-10-05T08:50:03.828-03:00  INFO 15156 --- [topomanager] [tomcat-handler-7] b.c.s.t.service.IdentificadorService     : ✅ Arquivo TXT gravado com sucesso em: /app/temp/20261005084955-28_sem_os_2/G11C5/G11C5-[9, 11].txt
2026-10-05T08:50:03.829-03:00  INFO 15156 --- [topomanager] [tomcat-handler-7] b.c.s.t.service.IdentificadorService     : ✅ Arquivo TXT gravado com sucesso em: /app/temp/20261005084955-28_sem_os_2/G11C5/G11C5-[9, 13].txt
2026-10-05T08:50:03.830-03:00  INFO 15156 --- [topomanager] [tomcat-handler-7] b.c.s.t.service.IdentificadorService     : ✅ Arquivo TXT gravado com sucesso em: /app/temp/20261005084955-28_sem_os_2/G11C5/G11C5-[9, 14].txt
2026-10-05T08:50:03.831-03:00  INFO 15156 --- [topomanager] [tomcat-handler-7] b.c.s.t.service.IdentificadorService     : ✅ Arquivo TXT gravado com sucesso em: /app/temp/20261005084955-28_sem_os_2/G11C5/G11C5-[9, 16].txt
2026-10-05T08:50:03.831-03:00  INFO 15156 --- [topomanager] [tomcat-handler-7] b.c.s.t.service.IdentificadorService     : ✅ Arquivo TXT gravado com sucesso em: /app/temp/20261005084955-28_sem_os_2/G11C5/G11C5-[9, 20].txt
2026-10-05T08:50:03.832-03:00  INFO 15156 --- [topomanager] [tomcat-handler-7] b.c.s.t.service.IdentificadorService     : ✅ Arquivo TXT gravado com sucesso em: /app/temp/20261005084955-28_sem_os_2/G11C5/G11C5-[9, 24].txt
2026-10-05T08:50:03.833-03:00  INFO 15156 --- [topomanager] [tomcat-handler-7] b.c.s.t.service.IdentificadorService     : ✅ Arquivo TXT gravado com sucesso em: /app/temp/20261005084955-28_sem_os_2/G11C5/G11C5-[10, 11].txt
2026-10-05T08:50:03.833-03:00  INFO 15156 --- [topomanager] [tomcat-handler-7] b.c.s.t.service.IdentificadorService     : ✅ Arquivo TXT gravado com sucesso em: /app/temp/20261005084955-28_sem_os_2/G11C5/G11C5-[10, 13].txt
2026-10-05T08:50:03.834-03:00  INFO 15156 --- [topomanager] [tomcat-handler-7] b.c.s.t.service.IdentificadorService     : ✅ Arquivo TXT gravado com sucesso em: /app/temp/20261005084955-28_sem_os_2/G11C5/G11C5-[10, 14].txt
2026-10-05T08:50:03.835-03:00  INFO 15156 --- [topomanager] [tomcat-handler-7] b.c.s.t.service.IdentificadorService     : ✅ Arquivo TXT gravado com sucesso em: /app/temp/20261005084955-28_sem_os_2/G11C5/G11C5-[10, 16].txt
2026-10-05T08:50:03.835-03:00  INFO 15156 --- [topomanager] [tomcat-handler-7] b.c.s.t.service.IdentificadorService     : ✅ Arquivo TXT gravado com sucesso em: /app/temp/20261005084955-28_sem_os_2/G11C5/G11C5-[10, 20].txt
2026-10-05T08:50:03.836-03:00  INFO 15156 --- [topomanager] [tomcat-handler-7] b.c.s.t.service.IdentificadorService     : ✅ Arquivo TXT gravado com sucesso em: /app/temp/20261005084955-28_sem_os_2/G11C5/G11C5-[10, 24].txt
2026-10-05T08:50:03.837-03:00  INFO 15156 --- [topomanager] [tomcat-handler-7] b.c.s.t.service.IdentificadorService     : ✅ Arquivo TXT gravado com sucesso em: /app/temp/20261005084955-28_sem_os_2/G11C5/G11C5-[11, 13].txt
2026-10-05T08:50:03.837-03:00  INFO 15156 --- [topomanager] [tomcat-handler-7] b.c.s.t.service.IdentificadorService     : ✅ Arquivo TXT gravado com sucesso em: /app/temp/20261005084955-28_sem_os_2/G11C5/G11C5-[11, 14].txt
2026-10-05T08:50:03.838-03:00  INFO 15156 --- [topomanager] [tomcat-handler-7] b.c.s.t.service.IdentificadorService     : ✅ Arquivo TXT gravado com sucesso em: /app/temp/20261005084955-28_sem_os_2/G11C5/G11C5-[11, 16].txt
2026-10-05T08:50:03.839-03:00  INFO 15156 --- [topomanager] [tomcat-handler-7] b.c.s.t.service.IdentificadorService     : ✅ Arquivo TXT gravado com sucesso em: /app/temp/20261005084955-28_sem_os_2/G11C5/G11C5-[11, 20].txt
2026-10-05T08:50:03.839-03:00  INFO 15156 --- [topomanager] [tomcat-handler-7] b.c.s.t.service.IdentificadorService     : ✅ Arquivo TXT gravado com sucesso em: /app/temp/20261005084955-28_sem_os_2/G11C5/G11C5-[11, 24].txt
2026-10-05T08:50:03.840-03:00  INFO 15156 --- [topomanager] [tomcat-handler-7] b.c.s.t.service.IdentificadorService     : ✅ Arquivo TXT gravado com sucesso em: /app/temp/20261005084955-28_sem_os_2/G11C5/G11C5-[13, 14].txt
2026-10-05T08:50:03.841-03:00  INFO 15156 --- [topomanager] [tomcat-handler-7] b.c.s.t.service.IdentificadorService     : ✅ Arquivo TXT gravado com sucesso em: /app/temp/20261005084955-28_sem_os_2/G11C5/G11C5-[13, 16].txt
2026-10-05T08:50:03.841-03:00  INFO 15156 --- [topomanager] [tomcat-handler-7] b.c.s.t.service.IdentificadorService     : ✅ Arquivo TXT gravado com sucesso em: /app/temp/20261005084955-28_sem_os_2/G11C5/G11C5-[13, 20].txt
2026-10-05T08:50:03.842-03:00  INFO 15156 --- [topomanager] [tomcat-handler-7] b.c.s.t.service.IdentificadorService     : ✅ Arquivo TXT gravado com sucesso em: /app/temp/20261005084955-28_sem_os_2/G11C5/G11C5-[13, 24].txt
2026-10-05T08:50:03.843-03:00  INFO 15156 --- [topomanager] [tomcat-handler-7] b.c.s.t.service.IdentificadorService     : ✅ Arquivo TXT gravado com sucesso em: /app/temp/20261005084955-28_sem_os_2/G11C5/G11C5-[14, 16].txt
2026-10-05T08:50:03.844-03:00  INFO 15156 --- [topomanager] [tomcat-handler-7] b.c.s.t.service.IdentificadorService     : ✅ Arquivo TXT gravado com sucesso em: /app/temp/20261005084955-28_sem_os_2/G11C5/G11C5-[14, 20].txt
2026-10-05T08:50:03.845-03:00  INFO 15156 --- [topomanager] [tomcat-handler-7] b.c.s.t.service.IdentificadorService     : ✅ Arquivo TXT gravado com sucesso em: /app/temp/20261005084955-28_sem_os_2/G11C5/G11C5-[14, 24].txt
2026-10-05T08:50:03.845-03:00  INFO 15156 --- [topomanager] [tomcat-handler-7] b.c.s.t.service.IdentificadorService     : ✅ Arquivo TXT gravado com sucesso em: /app/temp/20261005084955-28_sem_os_2/G11C5/G11C5-[16, 20].txt
2026-10-05T08:50:03.846-03:00  INFO 15156 --- [topomanager] [tomcat-handler-7] b.c.s.t.service.IdentificadorService     : ✅ Arquivo TXT gravado com sucesso em: /app/temp/20261005084955-28_sem_os_2/G11C5/G11C5-[16, 24].txt
2026-10-05T08:50:03.847-03:00  INFO 15156 --- [topomanager] [tomcat-handler-7] b.c.s.t.service.IdentificadorService     : ✅ Arquivo TXT gravado com sucesso em: /app/temp/20261005084955-28_sem_os_2/G11C5/G11C5-[20, 24].txt
2026-10-05T08:50:03.847-03:00  INFO 15156 --- [topomanager] [tomcat-handler-7] b.c.s.t.service.IdentificadorService     : ✅ Arquivo TXT gravado com sucesso em: /app/temp/20261005084955-28_sem_os_2/G11C9/G11C9-[2, 5].txt
2026-10-05T08:50:03.848-03:00  INFO 15156 --- [topomanager] [tomcat-handler-7] b.c.s.t.service.IdentificadorService     : ✅ Arquivo TXT gravado com sucesso em: /app/temp/20261005084955-28_sem_os_2/G11C9/G11C9-[2, 6].txt
2026-10-05T08:50:03.849-03:00  INFO 15156 --- [topomanager] [tomcat-handler-7] b.c.s.t.service.IdentificadorService     : ✅ Arquivo TXT gravado com sucesso em: /app/temp/20261005084955-28_sem_os_2/G11C9/G11C9-[2, 9].txt
2026-10-05T08:50:03.849-03:00  INFO 15156 --- [topomanager] [tomcat-handler-7] b.c.s.t.service.IdentificadorService     : ✅ Arquivo TXT gravado com sucesso em: /app/temp/20261005084955-28_sem_os_2/G11C9/G11C9-[2, 10].txt
2026-10-05T08:50:03.850-03:00  INFO 15156 --- [topomanager] [tomcat-handler-7] b.c.s.t.service.IdentificadorService     : ✅ Arquivo TXT gravado com sucesso em: /app/temp/20261005084955-28_sem_os_2/G11C9/G11C9-[2, 11].txt
2026-10-05T08:50:03.851-03:00  INFO 15156 --- [topomanager] [tomcat-handler-7] b.c.s.t.service.IdentificadorService     : ✅ Arquivo TXT gravado com sucesso em: /app/temp/20261005084955-28_sem_os_2/G11C9/G11C9-[2, 13].txt
2026-10-05T08:50:03.851-03:00  INFO 15156 --- [topomanager] [tomcat-handler-7] b.c.s.t.service.IdentificadorService     : ✅ Arquivo TXT gravado com sucesso em: /app/temp/20261005084955-28_sem_os_2/G11C9/G11C9-[2, 14].txt
2026-10-05T08:50:03.852-03:00  INFO 15156 --- [topomanager] [tomcat-handler-7] b.c.s.t.service.IdentificadorService     : ✅ Arquivo TXT gravado com sucesso em: /app/temp/20261005084955-28_sem_os_2/G11C9/G11C9-[2, 16].txt
2026-10-05T08:50:03.852-03:00  INFO 15156 --- [topomanager] [tomcat-handler-7] b.c.s.t.service.IdentificadorService     : ✅ Arquivo TXT gravado com sucesso em: /app/temp/20261005084955-28_sem_os_2/G11C9/G11C9-[2, 20].txt
2026-10-05T08:50:03.853-03:00  INFO 15156 --- [topomanager] [tomcat-handler-7] b.c.s.t.service.IdentificadorService     : ✅ Arquivo TXT gravado com sucesso em: /app/temp/20261005084955-28_sem_os_2/G11C9/G11C9-[2, 25].txt
2026-10-05T08:50:03.854-03:00  INFO 15156 --- [topomanager] [tomcat-handler-7] b.c.s.t.service.IdentificadorService     : ✅ Arquivo TXT gravado com sucesso em: /app/temp/20261005084955-28_sem_os_2/G11C9/G11C9-[5, 6].txt
2026-10-05T08:50:03.855-03:00  INFO 15156 --- [topomanager] [tomcat-handler-7] b.c.s.t.service.IdentificadorService     : ✅ Arquivo TXT gravado com sucesso em: /app/temp/20261005084955-28_sem_os_2/G11C9/G11C9-[5, 9].txt
2026-10-05T08:50:03.855-03:00  INFO 15156 --- [topomanager] [tomcat-handler-7] b.c.s.t.service.IdentificadorService     : ✅ Arquivo TXT gravado com sucesso em: /app/temp/20261005084955-28_sem_os_2/G11C9/G11C9-[5, 10].txt
2026-10-05T08:50:03.856-03:00  INFO 15156 --- [topomanager] [tomcat-handler-7] b.c.s.t.service.IdentificadorService     : ✅ Arquivo TXT gravado com sucesso em: /app/temp/20261005084955-28_sem_os_2/G11C9/G11C9-[5, 11].txt
2026-10-05T08:50:03.857-03:00  INFO 15156 --- [topomanager] [tomcat-handler-7] b.c.s.t.service.IdentificadorService     : ✅ Arquivo TXT gravado com sucesso em: /app/temp/20261005084955-28_sem_os_2/G11C9/G11C9-[5, 13].txt
2026-10-05T08:50:03.858-03:00  INFO 15156 --- [topomanager] [tomcat-handler-7] b.c.s.t.service.IdentificadorService     : ✅ Arquivo TXT gravado com sucesso em: /app/temp/20261005084955-28_sem_os_2/G11C9/G11C9-[5, 14].txt
2026-10-05T08:50:03.859-03:00  INFO 15156 --- [topomanager] [tomcat-handler-7] b.c.s.t.service.IdentificadorService     : ✅ Arquivo TXT gravado com sucesso em: /app/temp/20261005084955-28_sem_os_2/G11C9/G11C9-[5, 16].txt
2026-10-05T08:50:03.859-03:00  INFO 15156 --- [topomanager] [tomcat-handler-7] b.c.s.t.service.IdentificadorService     : ✅ Arquivo TXT gravado com sucesso em: /app/temp/20261005084955-28_sem_os_2/G11C9/G11C9-[5, 20].txt
2026-10-05T08:50:03.860-03:00  INFO 15156 --- [topomanager] [tomcat-handler-7] b.c.s.t.service.IdentificadorService     : ✅ Arquivo TXT gravado com sucesso em: /app/temp/20261005084955-28_sem_os_2/G11C9/G11C9-[5, 25].txt
2026-10-05T08:50:03.861-03:00  INFO 15156 --- [topomanager] [tomcat-handler-7] b.c.s.t.service.IdentificadorService     : ✅ Arquivo TXT gravado com sucesso em: /app/temp/20261005084955-28_sem_os_2/G11C9/G11C9-[6, 9].txt
2026-10-05T08:50:03.861-03:00  INFO 15156 --- [topomanager] [tomcat-handler-7] b.c.s.t.service.IdentificadorService     : ✅ Arquivo TXT gravado com sucesso em: /app/temp/20261005084955-28_sem_os_2/G11C9/G11C9-[6, 10].txt
2026-10-05T08:50:03.862-03:00  INFO 15156 --- [topomanager] [tomcat-handler-7] b.c.s.t.service.IdentificadorService     : ✅ Arquivo TXT gravado com sucesso em: /app/temp/20261005084955-28_sem_os_2/G11C9/G11C9-[6, 11].txt
2026-10-05T08:50:03.863-03:00  INFO 15156 --- [topomanager] [tomcat-handler-7] b.c.s.t.service.IdentificadorService     : ✅ Arquivo TXT gravado com sucesso em: /app/temp/20261005084955-28_sem_os_2/G11C9/G11C9-[6, 13].txt
2026-10-05T08:50:03.863-03:00  INFO 15156 --- [topomanager] [tomcat-handler-7] b.c.s.t.service.IdentificadorService     : ✅ Arquivo TXT gravado com sucesso em: /app/temp/20261005084955-28_sem_os_2/G11C9/G11C9-[6, 14].txt
2026-10-05T08:50:03.864-03:00  INFO 15156 --- [topomanager] [tomcat-handler-7] b.c.s.t.service.IdentificadorService     : ✅ Arquivo TXT gravado com sucesso em: /app/temp/20261005084955-28_sem_os_2/G11C9/G11C9-[6, 16].txt
2026-10-05T08:50:03.864-03:00  INFO 15156 --- [topomanager] [tomcat-handler-7] b.c.s.t.service.IdentificadorService     : ✅ Arquivo TXT gravado com sucesso em: /app/temp/20261005084955-28_sem_os_2/G11C9/G11C9-[6, 20].txt
2026-10-05T08:50:03.865-03:00  INFO 15156 --- [topomanager] [tomcat-handler-7] b.c.s.t.service.IdentificadorService     : ✅ Arquivo TXT gravado com sucesso em: /app/temp/20261005084955-28_sem_os_2/G11C9/G11C9-[6, 25].txt
2026-10-05T08:50:03.865-03:00  INFO 15156 --- [topomanager] [tomcat-handler-7] b.c.s.t.service.IdentificadorService     : ✅ Arquivo TXT gravado com sucesso em: /app/temp/20261005084955-28_sem_os_2/G11C9/G11C9-[9, 10].txt
2026-10-05T08:50:03.866-03:00  INFO 15156 --- [topomanager] [tomcat-handler-7] b.c.s.t.service.IdentificadorService     : ✅ Arquivo TXT gravado com sucesso em: /app/temp/20261005084955-28_sem_os_2/G11C9/G11C9-[9, 11].txt
2026-10-05T08:50:03.867-03:00  INFO 15156 --- [topomanager] [tomcat-handler-7] b.c.s.t.service.IdentificadorService     : ✅ Arquivo TXT gravado com sucesso em: /app/temp/20261005084955-28_sem_os_2/G11C9/G11C9-[9, 13].txt
2026-10-05T08:50:03.868-03:00  INFO 15156 --- [topomanager] [tomcat-handler-7] b.c.s.t.service.IdentificadorService     : ✅ Arquivo TXT gravado com sucesso em: /app/temp/20261005084955-28_sem_os_2/G11C9/G11C9-[9, 14].txt
2026-10-05T08:50:03.868-03:00  INFO 15156 --- [topomanager] [tomcat-handler-7] b.c.s.t.service.IdentificadorService     : ✅ Arquivo TXT gravado com sucesso em: /app/temp/20261005084955-28_sem_os_2/G11C9/G11C9-[9, 16].txt
2026-10-05T08:50:03.869-03:00  INFO 15156 --- [topomanager] [tomcat-handler-7] b.c.s.t.service.IdentificadorService     : ✅ Arquivo TXT gravado com sucesso em: /app/temp/20261005084955-28_sem_os_2/G11C9/G11C9-[9, 20].txt
2026-10-05T08:50:03.870-03:00  INFO 15156 --- [topomanager] [tomcat-handler-7] b.c.s.t.service.IdentificadorService     : ✅ Arquivo TXT gravado com sucesso em: /app/temp/20261005084955-28_sem_os_2/G11C9/G11C9-[9, 25].txt
2026-10-05T08:50:03.871-03:00  INFO 15156 --- [topomanager] [tomcat-handler-7] b.c.s.t.service.IdentificadorService     : ✅ Arquivo TXT gravado com sucesso em: /app/temp/20261005084955-28_sem_os_2/G11C9/G11C9-[10, 11].txt
2026-10-05T08:50:03.871-03:00  INFO 15156 --- [topomanager] [tomcat-handler-7] b.c.s.t.service.IdentificadorService     : ✅ Arquivo TXT gravado com sucesso em: /app/temp/20261005084955-28_sem_os_2/G11C9/G11C9-[10, 13].txt
2026-10-05T08:50:03.872-03:00  INFO 15156 --- [topomanager] [tomcat-handler-7] b.c.s.t.service.IdentificadorService     : ✅ Arquivo TXT gravado com sucesso em: /app/temp/20261005084955-28_sem_os_2/G11C9/G11C9-[10, 14].txt
2026-10-05T08:50:03.873-03:00  INFO 15156 --- [topomanager] [tomcat-handler-7] b.c.s.t.service.IdentificadorService     : ✅ Arquivo TXT gravado com sucesso em: /app/temp/20261005084955-28_sem_os_2/G11C9/G11C9-[10, 16].txt
2026-10-05T08:50:03.873-03:00  INFO 15156 --- [topomanager] [tomcat-handler-7] b.c.s.t.service.IdentificadorService     : ✅ Arquivo TXT gravado com sucesso em: /app/temp/20261005084955-28_sem_os_2/G11C9/G11C9-[10, 20].txt
2026-10-05T08:50:03.874-03:00  INFO 15156 --- [topomanager] [tomcat-handler-7] b.c.s.t.service.IdentificadorService     : ✅ Arquivo TXT gravado com sucesso em: /app/temp/20261005084955-28_sem_os_2/G11C9/G11C9-[10, 25].txt
2026-10-05T08:50:03.875-03:00  INFO 15156 --- [topomanager] [tomcat-handler-7] b.c.s.t.service.IdentificadorService     : ✅ Arquivo TXT gravado com sucesso em: /app/temp/20261005084955-28_sem_os_2/G11C9/G11C9-[11, 13].txt
2026-10-05T08:50:03.876-03:00  INFO 15156 --- [topomanager] [tomcat-handler-7] b.c.s.t.service.IdentificadorService     : ✅ Arquivo TXT gravado com sucesso em: /app/temp/20261005084955-28_sem_os_2/G11C9/G11C9-[11, 14].txt
2026-10-05T08:50:03.877-03:00  INFO 15156 --- [topomanager] [tomcat-handler-7] b.c.s.t.service.IdentificadorService     : ✅ Arquivo TXT gravado com sucesso em: /app/temp/20261005084955-28_sem_os_2/G11C9/G11C9-[11, 16].txt
2026-10-05T08:50:03.877-03:00  INFO 15156 --- [topomanager] [tomcat-handler-7] b.c.s.t.service.IdentificadorService     : ✅ Arquivo TXT gravado com sucesso em: /app/temp/20261005084955-28_sem_os_2/G11C9/G11C9-[11, 20].txt
2026-10-05T08:50:03.878-03:00  INFO 15156 --- [topomanager] [tomcat-handler-7] b.c.s.t.service.IdentificadorService     : ✅ Arquivo TXT gravado com sucesso em: /app/temp/20261005084955-28_sem_os_2/G11C9/G11C9-[11, 25].txt
2026-10-05T08:50:03.879-03:00  INFO 15156 --- [topomanager] [tomcat-handler-7] b.c.s.t.service.IdentificadorService     : ✅ Arquivo TXT gravado com sucesso em: /app/temp/20261005084955-28_sem_os_2/G11C9/G11C9-[13, 14].txt
2026-10-05T08:50:03.879-03:00  INFO 15156 --- [topomanager] [tomcat-handler-7] b.c.s.t.service.IdentificadorService     : ✅ Arquivo TXT gravado com sucesso em: /app/temp/20261005084955-28_sem_os_2/G11C9/G11C9-[13, 16].txt
2026-10-05T08:50:03.880-03:00  INFO 15156 --- [topomanager] [tomcat-handler-7] b.c.s.t.service.IdentificadorService     : ✅ Arquivo TXT gravado com sucesso em: /app/temp/20261005084955-28_sem_os_2/G11C9/G11C9-[13, 20].txt
2026-10-05T08:50:03.881-03:00  INFO 15156 --- [topomanager] [tomcat-handler-7] b.c.s.t.service.IdentificadorService     : ✅ Arquivo TXT gravado com sucesso em: /app/temp/20261005084955-28_sem_os_2/G11C9/G11C9-[13, 25].txt
2026-10-05T08:50:03.881-03:00  INFO 15156 --- [topomanager] [tomcat-handler-7] b.c.s.t.service.IdentificadorService     : ✅ Arquivo TXT gravado com sucesso em: /app/temp/20261005084955-28_sem_os_2/G11C9/G11C9-[14, 16].txt
2026-10-05T08:50:03.882-03:00  INFO 15156 --- [topomanager] [tomcat-handler-7] b.c.s.t.service.IdentificadorService     : ✅ Arquivo TXT gravado com sucesso em: /app/temp/20261005084955-28_sem_os_2/G11C9/G11C9-[14, 20].txt
2026-10-05T08:50:03.883-03:00  INFO 15156 --- [topomanager] [tomcat-handler-7] b.c.s.t.service.IdentificadorService     : ✅ Arquivo TXT gravado com sucesso em: /app/temp/20261005084955-28_sem_os_2/G11C9/G11C9-[14, 25].txt
2026-10-05T08:50:03.884-03:00  INFO 15156 --- [topomanager] [tomcat-handler-7] b.c.s.t.service.IdentificadorService     : ✅ Arquivo TXT gravado com sucesso em: /app/temp/20261005084955-28_sem_os_2/G11C9/G11C9-[16, 20].txt
2026-10-05T08:50:03.885-03:00  INFO 15156 --- [topomanager] [tomcat-handler-7] b.c.s.t.service.IdentificadorService     : ✅ Arquivo TXT gravado com sucesso em: /app/temp/20261005084955-28_sem_os_2/G11C9/G11C9-[16, 25].txt
2026-10-05T08:50:03.886-03:00  INFO 15156 --- [topomanager] [tomcat-handler-7] b.c.s.t.service.IdentificadorService     : ✅ Arquivo TXT gravado com sucesso em: /app/temp/20261005084955-28_sem_os_2/G11C9/G11C9-[20, 25].txt
2026-10-05T08:50:03.886-03:00  INFO 15156 --- [topomanager] [tomcat-handler-7] b.c.s.t.service.IdentificadorService     : ✅ Arquivo TXT gravado com sucesso em: /app/temp/20261005084955-28_sem_os_2/G9C6/G9C6-[2, 3].txt
2026-10-05T08:50:03.887-03:00  INFO 15156 --- [topomanager] [tomcat-handler-7] b.c.s.t.service.IdentificadorService     : ✅ Arquivo TXT gravado com sucesso em: /app/temp/20261005084955-28_sem_os_2/G9C6/G9C6-[2, 5].txt
2026-10-05T08:50:03.888-03:00  INFO 15156 --- [topomanager] [tomcat-handler-7] b.c.s.t.service.IdentificadorService     : ✅ Arquivo TXT gravado com sucesso em: /app/temp/20261005084955-28_sem_os_2/G9C6/G9C6-[2, 6].txt
2026-10-05T08:50:03.889-03:00  INFO 15156 --- [topomanager] [tomcat-handler-7] b.c.s.t.service.IdentificadorService     : ✅ Arquivo TXT gravado com sucesso em: /app/temp/20261005084955-28_sem_os_2/G9C6/G9C6-[2, 11].txt
2026-10-05T08:50:03.890-03:00  INFO 15156 --- [topomanager] [tomcat-handler-7] b.c.s.t.service.IdentificadorService     : ✅ Arquivo TXT gravado com sucesso em: /app/temp/20261005084955-28_sem_os_2/G9C6/G9C6-[2, 14].txt
2026-10-05T08:50:03.891-03:00  INFO 15156 --- [topomanager] [tomcat-handler-7] b.c.s.t.service.IdentificadorService     : ✅ Arquivo TXT gravado com sucesso em: /app/temp/20261005084955-28_sem_os_2/G9C6/G9C6-[2, 18].txt
2026-10-05T08:50:03.891-03:00  INFO 15156 --- [topomanager] [tomcat-handler-7] b.c.s.t.service.IdentificadorService     : ✅ Arquivo TXT gravado com sucesso em: /app/temp/20261005084955-28_sem_os_2/G9C6/G9C6-[2, 20].txt
2026-10-05T08:50:03.892-03:00  INFO 15156 --- [topomanager] [tomcat-handler-7] b.c.s.t.service.IdentificadorService     : ✅ Arquivo TXT gravado com sucesso em: /app/temp/20261005084955-28_sem_os_2/G9C6/G9C6-[2, 23].txt
2026-10-05T08:50:03.892-03:00  INFO 15156 --- [topomanager] [tomcat-handler-7] b.c.s.t.service.IdentificadorService     : ✅ Arquivo TXT gravado com sucesso em: /app/temp/20261005084955-28_sem_os_2/G9C6/G9C6-[2, 24].txt
2026-10-05T08:50:03.893-03:00  INFO 15156 --- [topomanager] [tomcat-handler-7] b.c.s.t.service.IdentificadorService     : ✅ Arquivo TXT gravado com sucesso em: /app/temp/20261005084955-28_sem_os_2/G9C6/G9C6-[2, 25].txt
2026-10-05T08:50:03.894-03:00  INFO 15156 --- [topomanager] [tomcat-handler-7] b.c.s.t.service.IdentificadorService     : ✅ Arquivo TXT gravado com sucesso em: /app/temp/20261005084955-28_sem_os_2/G9C6/G9C6-[3, 5].txt
2026-10-05T08:50:03.895-03:00  INFO 15156 --- [topomanager] [tomcat-handler-7] b.c.s.t.service.IdentificadorService     : ✅ Arquivo TXT gravado com sucesso em: /app/temp/20261005084955-28_sem_os_2/G9C6/G9C6-[3, 6].txt
2026-10-05T08:50:03.895-03:00  INFO 15156 --- [topomanager] [tomcat-handler-7] b.c.s.t.service.IdentificadorService     : ✅ Arquivo TXT gravado com sucesso em: /app/temp/20261005084955-28_sem_os_2/G9C6/G9C6-[3, 11].txt
2026-10-05T08:50:03.896-03:00  INFO 15156 --- [topomanager] [tomcat-handler-7] b.c.s.t.service.IdentificadorService     : ✅ Arquivo TXT gravado com sucesso em: /app/temp/20261005084955-28_sem_os_2/G9C6/G9C6-[3, 14].txt
2026-10-05T08:50:03.897-03:00  INFO 15156 --- [topomanager] [tomcat-handler-7] b.c.s.t.service.IdentificadorService     : ✅ Arquivo TXT gravado com sucesso em: /app/temp/20261005084955-28_sem_os_2/G9C6/G9C6-[3, 18].txt
2026-10-05T08:50:03.898-03:00  INFO 15156 --- [topomanager] [tomcat-handler-7] b.c.s.t.service.IdentificadorService     : ✅ Arquivo TXT gravado com sucesso em: /app/temp/20261005084955-28_sem_os_2/G9C6/G9C6-[3, 20].txt
2026-10-05T08:50:03.898-03:00  INFO 15156 --- [topomanager] [tomcat-handler-7] b.c.s.t.service.IdentificadorService     : ✅ Arquivo TXT gravado com sucesso em: /app/temp/20261005084955-28_sem_os_2/G9C6/G9C6-[3, 23].txt
2026-10-05T08:50:03.899-03:00  INFO 15156 --- [topomanager] [tomcat-handler-7] b.c.s.t.service.IdentificadorService     : ✅ Arquivo TXT gravado com sucesso em: /app/temp/20261005084955-28_sem_os_2/G9C6/G9C6-[3, 24].txt
2026-10-05T08:50:03.900-03:00  INFO 15156 --- [topomanager] [tomcat-handler-7] b.c.s.t.service.IdentificadorService     : ✅ Arquivo TXT gravado com sucesso em: /app/temp/20261005084955-28_sem_os_2/G9C6/G9C6-[3, 25].txt
2026-10-05T08:50:03.900-03:00  INFO 15156 --- [topomanager] [tomcat-handler-7] b.c.s.t.service.IdentificadorService     : ✅ Arquivo TXT gravado com sucesso em: /app/temp/20261005084955-28_sem_os_2/G9C6/G9C6-[5, 6].txt
2026-10-05T08:50:03.901-03:00  INFO 15156 --- [topomanager] [tomcat-handler-7] b.c.s.t.service.IdentificadorService     : ✅ Arquivo TXT gravado com sucesso em: /app/temp/20261005084955-28_sem_os_2/G9C6/G9C6-[5, 11].txt
2026-10-05T08:50:03.902-03:00  INFO 15156 --- [topomanager] [tomcat-handler-7] b.c.s.t.service.IdentificadorService     : ✅ Arquivo TXT gravado com sucesso em: /app/temp/20261005084955-28_sem_os_2/G9C6/G9C6-[5, 14].txt
2026-10-05T08:50:03.903-03:00  INFO 15156 --- [topomanager] [tomcat-handler-7] b.c.s.t.service.IdentificadorService     : ✅ Arquivo TXT gravado com sucesso em: /app/temp/20261005084955-28_sem_os_2/G9C6/G9C6-[5, 18].txt
2026-10-05T08:50:03.903-03:00  INFO 15156 --- [topomanager] [tomcat-handler-7] b.c.s.t.service.IdentificadorService     : ✅ Arquivo TXT gravado com sucesso em: /app/temp/20261005084955-28_sem_os_2/G9C6/G9C6-[5, 20].txt
2026-10-05T08:50:03.904-03:00  INFO 15156 --- [topomanager] [tomcat-handler-7] b.c.s.t.service.IdentificadorService     : ✅ Arquivo TXT gravado com sucesso em: /app/temp/20261005084955-28_sem_os_2/G9C6/G9C6-[5, 23].txt
2026-10-05T08:50:03.905-03:00  INFO 15156 --- [topomanager] [tomcat-handler-7] b.c.s.t.service.IdentificadorService     : ✅ Arquivo TXT gravado com sucesso em: /app/temp/20261005084955-28_sem_os_2/G9C6/G9C6-[5, 24].txt
2026-10-05T08:50:03.906-03:00  INFO 15156 --- [topomanager] [tomcat-handler-7] b.c.s.t.service.IdentificadorService     : ✅ Arquivo TXT gravado com sucesso em: /app/temp/20261005084955-28_sem_os_2/G9C6/G9C6-[5, 25].txt
2026-10-05T08:50:03.907-03:00  INFO 15156 --- [topomanager] [tomcat-handler-7] b.c.s.t.service.IdentificadorService     : ✅ Arquivo TXT gravado com sucesso em: /app/temp/20261005084955-28_sem_os_2/G9C6/G9C6-[6, 11].txt
2026-10-05T08:50:03.907-03:00  INFO 15156 --- [topomanager] [tomcat-handler-7] b.c.s.t.service.IdentificadorService     : ✅ Arquivo TXT gravado com sucesso em: /app/temp/20261005084955-28_sem_os_2/G9C6/G9C6-[6, 14].txt
2026-10-05T08:50:03.908-03:00  INFO 15156 --- [topomanager] [tomcat-handler-7] b.c.s.t.service.IdentificadorService     : ✅ Arquivo TXT gravado com sucesso em: /app/temp/20261005084955-28_sem_os_2/G9C6/G9C6-[6, 18].txt
2026-10-05T08:50:03.909-03:00  INFO 15156 --- [topomanager] [tomcat-handler-7] b.c.s.t.service.IdentificadorService     : ✅ Arquivo TXT gravado com sucesso em: /app/temp/20261005084955-28_sem_os_2/G9C6/G9C6-[6, 20].txt
2026-10-05T08:50:03.910-03:00  INFO 15156 --- [topomanager] [tomcat-handler-7] b.c.s.t.service.IdentificadorService     : ✅ Arquivo TXT gravado com sucesso em: /app/temp/20261005084955-28_sem_os_2/G9C6/G9C6-[6, 23].txt
2026-10-05T08:50:03.911-03:00  INFO 15156 --- [topomanager] [tomcat-handler-7] b.c.s.t.service.IdentificadorService     : ✅ Arquivo TXT gravado com sucesso em: /app/temp/20261005084955-28_sem_os_2/G9C6/G9C6-[6, 24].txt
2026-10-05T08:50:03.939-03:00  INFO 15156 --- [topomanager] [tomcat-handler-7] b.c.s.t.service.IdentificadorService     : ✅ Arquivo TXT gravado com sucesso em: /app/temp/20261005084955-28_sem_os_2/G9C6/G9C6-[6, 25].txt
2026-10-05T08:50:03.940-03:00  INFO 15156 --- [topomanager] [tomcat-handler-7] b.c.s.t.service.IdentificadorService     : ✅ Arquivo TXT gravado com sucesso em: /app/temp/20261005084955-28_sem_os_2/G9C6/G9C6-[11, 14].txt
2026-10-05T08:50:03.940-03:00  INFO 15156 --- [topomanager] [tomcat-handler-7] b.c.s.t.service.IdentificadorService     : ✅ Arquivo TXT gravado com sucesso em: /app/temp/20261005084955-28_sem_os_2/G9C6/G9C6-[11, 18].txt
2026-10-05T08:50:03.941-03:00  INFO 15156 --- [topomanager] [tomcat-handler-7] b.c.s.t.service.IdentificadorService     : ✅ Arquivo TXT gravado com sucesso em: /app/temp/20261005084955-28_sem_os_2/G9C6/G9C6-[11, 20].txt
2026-10-05T08:50:03.942-03:00  INFO 15156 --- [topomanager] [tomcat-handler-7] b.c.s.t.service.IdentificadorService     : ✅ Arquivo TXT gravado com sucesso em: /app/temp/20261005084955-28_sem_os_2/G9C6/G9C6-[11, 23].txt
2026-10-05T08:50:03.967-03:00  INFO 15156 --- [topomanager] [tomcat-handler-7] b.c.s.t.service.IdentificadorService     : ✅ Arquivo TXT gravado com sucesso em: /app/temp/20261005084955-28_sem_os_2/G9C6/G9C6-[11, 24].txt
2026-10-05T08:50:03.968-03:00  INFO 15156 --- [topomanager] [tomcat-handler-7] b.c.s.t.service.IdentificadorService     : ✅ Arquivo TXT gravado com sucesso em: /app/temp/20261005084955-28_sem_os_2/G9C6/G9C6-[11, 25].txt
2026-10-05T08:50:03.969-03:00  INFO 15156 --- [topomanager] [tomcat-handler-7] b.c.s.t.service.IdentificadorService     : ✅ Arquivo TXT gravado com sucesso em: /app/temp/20261005084955-28_sem_os_2/G9C6/G9C6-[14, 18].txt
2026-10-05T08:50:03.970-03:00  INFO 15156 --- [topomanager] [tomcat-handler-7] b.c.s.t.service.IdentificadorService     : ✅ Arquivo TXT gravado com sucesso em: /app/temp/20261005084955-28_sem_os_2/G9C6/G9C6-[14, 20].txt
2026-10-05T08:50:03.971-03:00  INFO 15156 --- [topomanager] [tomcat-handler-7] b.c.s.t.service.IdentificadorService     : ✅ Arquivo TXT gravado com sucesso em: /app/temp/20261005084955-28_sem_os_2/G9C6/G9C6-[14, 23].txt
2026-10-05T08:50:03.971-03:00  INFO 15156 --- [topomanager] [tomcat-handler-7] b.c.s.t.service.IdentificadorService     : ✅ Arquivo TXT gravado com sucesso em: /app/temp/20261005084955-28_sem_os_2/G9C6/G9C6-[14, 24].txt
2026-10-05T08:50:03.972-03:00  INFO 15156 --- [topomanager] [tomcat-handler-7] b.c.s.t.service.IdentificadorService     : ✅ Arquivo TXT gravado com sucesso em: /app/temp/20261005084955-28_sem_os_2/G9C6/G9C6-[14, 25].txt
2026-10-05T08:50:03.973-03:00  INFO 15156 --- [topomanager] [tomcat-handler-7] b.c.s.t.service.IdentificadorService     : ✅ Arquivo TXT gravado com sucesso em: /app/temp/20261005084955-28_sem_os_2/G9C6/G9C6-[18, 20].txt
2026-10-05T08:50:03.973-03:00  INFO 15156 --- [topomanager] [tomcat-handler-7] b.c.s.t.service.IdentificadorService     : ✅ Arquivo TXT gravado com sucesso em: /app/temp/20261005084955-28_sem_os_2/G9C6/G9C6-[18, 23].txt
2026-10-05T08:50:03.974-03:00  INFO 15156 --- [topomanager] [tomcat-handler-7] b.c.s.t.service.IdentificadorService     : ✅ Arquivo TXT gravado com sucesso em: /app/temp/20261005084955-28_sem_os_2/G9C6/G9C6-[18, 24].txt
2026-10-05T08:50:03.975-03:00  INFO 15156 --- [topomanager] [tomcat-handler-7] b.c.s.t.service.IdentificadorService     : ✅ Arquivo TXT gravado com sucesso em: /app/temp/20261005084955-28_sem_os_2/G9C6/G9C6-[18, 25].txt
2026-10-05T08:50:03.976-03:00  INFO 15156 --- [topomanager] [tomcat-handler-7] b.c.s.t.service.IdentificadorService     : ✅ Arquivo TXT gravado com sucesso em: /app/temp/20261005084955-28_sem_os_2/G9C6/G9C6-[20, 23].txt
2026-10-05T08:50:03.976-03:00  INFO 15156 --- [topomanager] [tomcat-handler-7] b.c.s.t.service.IdentificadorService     : ✅ Arquivo TXT gravado com sucesso em: /app/temp/20261005084955-28_sem_os_2/G9C6/G9C6-[20, 24].txt
2026-10-05T08:50:03.978-03:00  INFO 15156 --- [topomanager] [tomcat-handler-7] b.c.s.t.service.IdentificadorService     : ✅ Arquivo TXT gravado com sucesso em: /app/temp/20261005084955-28_sem_os_2/G9C6/G9C6-[20, 25].txt
2026-10-05T08:50:03.978-03:00  INFO 15156 --- [topomanager] [tomcat-handler-7] b.c.s.t.service.IdentificadorService     : ✅ Arquivo TXT gravado com sucesso em: /app/temp/20261005084955-28_sem_os_2/G9C6/G9C6-[23, 24].txt
2026-10-05T08:50:03.979-03:00  INFO 15156 --- [topomanager] [tomcat-handler-7] b.c.s.t.service.IdentificadorService     : ✅ Arquivo TXT gravado com sucesso em: /app/temp/20261005084955-28_sem_os_2/G9C6/G9C6-[23, 25].txt
2026-10-05T08:50:03.980-03:00  INFO 15156 --- [topomanager] [tomcat-handler-7] b.c.s.t.service.IdentificadorService     : ✅ Arquivo TXT gravado com sucesso em: /app/temp/20261005084955-28_sem_os_2/G9C6/G9C6-[24, 25].txt
2026-10-05T08:50:03.980-03:00  INFO 15156 --- [topomanager] [tomcat-handler-7] b.c.s.t.service.IdentificadorService     : ✅ Arquivo TXT gravado com sucesso em: /app/temp/20261005084955-28_sem_os_2/G9C7/G9C7-[2, 3].txt
2026-10-05T08:50:03.981-03:00  INFO 15156 --- [topomanager] [tomcat-handler-7] b.c.s.t.service.IdentificadorService     : ✅ Arquivo TXT gravado com sucesso em: /app/temp/20261005084955-28_sem_os_2/G9C7/G9C7-[2, 5].txt
2026-10-05T08:50:03.982-03:00  INFO 15156 --- [topomanager] [tomcat-handler-7] b.c.s.t.service.IdentificadorService     : ✅ Arquivo TXT gravado com sucesso em: /app/temp/20261005084955-28_sem_os_2/G9C7/G9C7-[2, 6].txt
2026-10-05T08:50:03.983-03:00  INFO 15156 --- [topomanager] [tomcat-handler-7] b.c.s.t.service.IdentificadorService     : ✅ Arquivo TXT gravado com sucesso em: /app/temp/20261005084955-28_sem_os_2/G9C7/G9C7-[2, 9].txt
2026-10-05T08:50:03.984-03:00  INFO 15156 --- [topomanager] [tomcat-handler-7] b.c.s.t.service.IdentificadorService     : ✅ Arquivo TXT gravado com sucesso em: /app/temp/20261005084955-28_sem_os_2/G9C7/G9C7-[2, 10].txt
2026-10-05T08:50:03.985-03:00  INFO 15156 --- [topomanager] [tomcat-handler-7] b.c.s.t.service.IdentificadorService     : ✅ Arquivo TXT gravado com sucesso em: /app/temp/20261005084955-28_sem_os_2/G9C7/G9C7-[2, 14].txt
2026-10-05T08:50:03.986-03:00  INFO 15156 --- [topomanager] [tomcat-handler-7] b.c.s.t.service.IdentificadorService     : ✅ Arquivo TXT gravado com sucesso em: /app/temp/20261005084955-28_sem_os_2/G9C7/G9C7-[2, 18].txt
2026-10-05T08:50:03.986-03:00  INFO 15156 --- [topomanager] [tomcat-handler-7] b.c.s.t.service.IdentificadorService     : ✅ Arquivo TXT gravado com sucesso em: /app/temp/20261005084955-28_sem_os_2/G9C7/G9C7-[2, 23].txt
2026-10-05T08:50:03.987-03:00  INFO 15156 --- [topomanager] [tomcat-handler-7] b.c.s.t.service.IdentificadorService     : ✅ Arquivo TXT gravado com sucesso em: /app/temp/20261005084955-28_sem_os_2/G9C7/G9C7-[2, 24].txt
2026-10-05T08:50:03.988-03:00  INFO 15156 --- [topomanager] [tomcat-handler-7] b.c.s.t.service.IdentificadorService     : ✅ Arquivo TXT gravado com sucesso em: /app/temp/20261005084955-28_sem_os_2/G9C7/G9C7-[2, 25].txt
2026-10-05T08:50:03.989-03:00  INFO 15156 --- [topomanager] [tomcat-handler-7] b.c.s.t.service.IdentificadorService     : ✅ Arquivo TXT gravado com sucesso em: /app/temp/20261005084955-28_sem_os_2/G9C7/G9C7-[3, 5].txt
2026-10-05T08:50:03.989-03:00  INFO 15156 --- [topomanager] [tomcat-handler-7] b.c.s.t.service.IdentificadorService     : ✅ Arquivo TXT gravado com sucesso em: /app/temp/20261005084955-28_sem_os_2/G9C7/G9C7-[3, 6].txt
2026-10-05T08:50:03.990-03:00  INFO 15156 --- [topomanager] [tomcat-handler-7] b.c.s.t.service.IdentificadorService     : ✅ Arquivo TXT gravado com sucesso em: /app/temp/20261005084955-28_sem_os_2/G9C7/G9C7-[3, 9].txt
2026-10-05T08:50:03.991-03:00  INFO 15156 --- [topomanager] [tomcat-handler-7] b.c.s.t.service.IdentificadorService     : ✅ Arquivo TXT gravado com sucesso em: /app/temp/20261005084955-28_sem_os_2/G9C7/G9C7-[3, 10].txt
2026-10-05T08:50:03.991-03:00  INFO 15156 --- [topomanager] [tomcat-handler-7] b.c.s.t.service.IdentificadorService     : ✅ Arquivo TXT gravado com sucesso em: /app/temp/20261005084955-28_sem_os_2/G9C7/G9C7-[3, 14].txt
2026-10-05T08:50:03.992-03:00  INFO 15156 --- [topomanager] [tomcat-handler-7] b.c.s.t.service.IdentificadorService     : ✅ Arquivo TXT gravado com sucesso em: /app/temp/20261005084955-28_sem_os_2/G9C7/G9C7-[3, 18].txt
2026-10-05T08:50:03.992-03:00  INFO 15156 --- [topomanager] [tomcat-handler-7] b.c.s.t.service.IdentificadorService     : ✅ Arquivo TXT gravado com sucesso em: /app/temp/20261005084955-28_sem_os_2/G9C7/G9C7-[3, 23].txt
2026-10-05T08:50:03.993-03:00  INFO 15156 --- [topomanager] [tomcat-handler-7] b.c.s.t.service.IdentificadorService     : ✅ Arquivo TXT gravado com sucesso em: /app/temp/20261005084955-28_sem_os_2/G9C7/G9C7-[3, 24].txt
2026-10-05T08:50:03.994-03:00  INFO 15156 --- [topomanager] [tomcat-handler-7] b.c.s.t.service.IdentificadorService     : ✅ Arquivo TXT gravado com sucesso em: /app/temp/20261005084955-28_sem_os_2/G9C7/G9C7-[3, 25].txt
2026-10-05T08:50:03.995-03:00  INFO 15156 --- [topomanager] [tomcat-handler-7] b.c.s.t.service.IdentificadorService     : ✅ Arquivo TXT gravado com sucesso em: /app/temp/20261005084955-28_sem_os_2/G9C7/G9C7-[5, 6].txt
2026-10-05T08:50:03.995-03:00  INFO 15156 --- [topomanager] [tomcat-handler-7] b.c.s.t.service.IdentificadorService     : ✅ Arquivo TXT gravado com sucesso em: /app/temp/20261005084955-28_sem_os_2/G9C7/G9C7-[5, 9].txt
2026-10-05T08:50:03.996-03:00  INFO 15156 --- [topomanager] [tomcat-handler-7] b.c.s.t.service.IdentificadorService     : ✅ Arquivo TXT gravado com sucesso em: /app/temp/20261005084955-28_sem_os_2/G9C7/G9C7-[5, 10].txt
2026-10-05T08:50:03.997-03:00  INFO 15156 --- [topomanager] [tomcat-handler-7] b.c.s.t.service.IdentificadorService     : ✅ Arquivo TXT gravado com sucesso em: /app/temp/20261005084955-28_sem_os_2/G9C7/G9C7-[5, 14].txt
2026-10-05T08:50:03.998-03:00  INFO 15156 --- [topomanager] [tomcat-handler-7] b.c.s.t.service.IdentificadorService     : ✅ Arquivo TXT gravado com sucesso em: /app/temp/20261005084955-28_sem_os_2/G9C7/G9C7-[5, 18].txt
2026-10-05T08:50:03.998-03:00  INFO 15156 --- [topomanager] [tomcat-handler-7] b.c.s.t.service.IdentificadorService     : ✅ Arquivo TXT gravado com sucesso em: /app/temp/20261005084955-28_sem_os_2/G9C7/G9C7-[5, 23].txt
2026-10-05T08:50:04.002-03:00  INFO 15156 --- [topomanager] [tomcat-handler-7] b.c.s.t.service.IdentificadorService     : ✅ Arquivo TXT gravado com sucesso em: /app/temp/20261005084955-28_sem_os_2/G9C7/G9C7-[5, 24].txt
2026-10-05T08:50:04.002-03:00  INFO 15156 --- [topomanager] [tomcat-handler-7] b.c.s.t.service.IdentificadorService     : ✅ Arquivo TXT gravado com sucesso em: /app/temp/20261005084955-28_sem_os_2/G9C7/G9C7-[5, 25].txt
2026-10-05T08:50:04.003-03:00  INFO 15156 --- [topomanager] [tomcat-handler-7] b.c.s.t.service.IdentificadorService     : ✅ Arquivo TXT gravado com sucesso em: /app/temp/20261005084955-28_sem_os_2/G9C7/G9C7-[6, 9].txt
2026-10-05T08:50:04.004-03:00  INFO 15156 --- [topomanager] [tomcat-handler-7] b.c.s.t.service.IdentificadorService     : ✅ Arquivo TXT gravado com sucesso em: /app/temp/20261005084955-28_sem_os_2/G9C7/G9C7-[6, 10].txt
2026-10-05T08:50:04.004-03:00  INFO 15156 --- [topomanager] [tomcat-handler-7] b.c.s.t.service.IdentificadorService     : ✅ Arquivo TXT gravado com sucesso em: /app/temp/20261005084955-28_sem_os_2/G9C7/G9C7-[6, 14].txt
2026-10-05T08:50:04.005-03:00  INFO 15156 --- [topomanager] [tomcat-handler-7] b.c.s.t.service.IdentificadorService     : ✅ Arquivo TXT gravado com sucesso em: /app/temp/20261005084955-28_sem_os_2/G9C7/G9C7-[6, 18].txt
2026-10-05T08:50:04.006-03:00  INFO 15156 --- [topomanager] [tomcat-handler-7] b.c.s.t.service.IdentificadorService     : ✅ Arquivo TXT gravado com sucesso em: /app/temp/20261005084955-28_sem_os_2/G9C7/G9C7-[6, 23].txt
2026-10-05T08:50:04.006-03:00  INFO 15156 --- [topomanager] [tomcat-handler-7] b.c.s.t.service.IdentificadorService     : ✅ Arquivo TXT gravado com sucesso em: /app/temp/20261005084955-28_sem_os_2/G9C7/G9C7-[6, 24].txt
2026-10-05T08:50:04.007-03:00  INFO 15156 --- [topomanager] [tomcat-handler-7] b.c.s.t.service.IdentificadorService     : ✅ Arquivo TXT gravado com sucesso em: /app/temp/20261005084955-28_sem_os_2/G9C7/G9C7-[6, 25].txt
2026-10-05T08:50:04.008-03:00  INFO 15156 --- [topomanager] [tomcat-handler-7] b.c.s.t.service.IdentificadorService     : ✅ Arquivo TXT gravado com sucesso em: /app/temp/20261005084955-28_sem_os_2/G9C7/G9C7-[9, 10].txt
2026-10-05T08:50:04.009-03:00  INFO 15156 --- [topomanager] [tomcat-handler-7] b.c.s.t.service.IdentificadorService     : ✅ Arquivo TXT gravado com sucesso em: /app/temp/20261005084955-28_sem_os_2/G9C7/G9C7-[9, 14].txt
2026-10-05T08:50:04.009-03:00  INFO 15156 --- [topomanager] [tomcat-handler-7] b.c.s.t.service.IdentificadorService     : ✅ Arquivo TXT gravado com sucesso em: /app/temp/20261005084955-28_sem_os_2/G9C7/G9C7-[9, 18].txt
2026-10-05T08:50:04.010-03:00  INFO 15156 --- [topomanager] [tomcat-handler-7] b.c.s.t.service.IdentificadorService     : ✅ Arquivo TXT gravado com sucesso em: /app/temp/20261005084955-28_sem_os_2/G9C7/G9C7-[9, 23].txt
2026-10-05T08:50:04.011-03:00  INFO 15156 --- [topomanager] [tomcat-handler-7] b.c.s.t.service.IdentificadorService     : ✅ Arquivo TXT gravado com sucesso em: /app/temp/20261005084955-28_sem_os_2/G9C7/G9C7-[9, 24].txt
2026-10-05T08:50:04.012-03:00  INFO 15156 --- [topomanager] [tomcat-handler-7] b.c.s.t.service.IdentificadorService     : ✅ Arquivo TXT gravado com sucesso em: /app/temp/20261005084955-28_sem_os_2/G9C7/G9C7-[9, 25].txt
2026-10-05T08:50:04.013-03:00  INFO 15156 --- [topomanager] [tomcat-handler-7] b.c.s.t.service.IdentificadorService     : ✅ Arquivo TXT gravado com sucesso em: /app/temp/20261005084955-28_sem_os_2/G9C7/G9C7-[10, 14].txt
2026-10-05T08:50:04.013-03:00  INFO 15156 --- [topomanager] [tomcat-handler-7] b.c.s.t.service.IdentificadorService     : ✅ Arquivo TXT gravado com sucesso em: /app/temp/20261005084955-28_sem_os_2/G9C7/G9C7-[10, 18].txt
2026-10-05T08:50:04.014-03:00  INFO 15156 --- [topomanager] [tomcat-handler-7] b.c.s.t.service.IdentificadorService     : ✅ Arquivo TXT gravado com sucesso em: /app/temp/20261005084955-28_sem_os_2/G9C7/G9C7-[10, 23].txt
2026-10-05T08:50:04.015-03:00  INFO 15156 --- [topomanager] [tomcat-handler-7] b.c.s.t.service.IdentificadorService     : ✅ Arquivo TXT gravado com sucesso em: /app/temp/20261005084955-28_sem_os_2/G9C7/G9C7-[10, 24].txt
2026-10-05T08:50:04.015-03:00  INFO 15156 --- [topomanager] [tomcat-handler-7] b.c.s.t.service.IdentificadorService     : ✅ Arquivo TXT gravado com sucesso em: /app/temp/20261005084955-28_sem_os_2/G9C7/G9C7-[10, 25].txt
2026-10-05T08:50:04.016-03:00  INFO 15156 --- [topomanager] [tomcat-handler-7] b.c.s.t.service.IdentificadorService     : ✅ Arquivo TXT gravado com sucesso em: /app/temp/20261005084955-28_sem_os_2/G9C7/G9C7-[14, 18].txt
2026-10-05T08:50:04.017-03:00  INFO 15156 --- [topomanager] [tomcat-handler-7] b.c.s.t.service.IdentificadorService     : ✅ Arquivo TXT gravado com sucesso em: /app/temp/20261005084955-28_sem_os_2/G9C7/G9C7-[14, 23].txt
2026-10-05T08:50:04.017-03:00  INFO 15156 --- [topomanager] [tomcat-handler-7] b.c.s.t.service.IdentificadorService     : ✅ Arquivo TXT gravado com sucesso em: /app/temp/20261005084955-28_sem_os_2/G9C7/G9C7-[14, 24].txt
2026-10-05T08:50:04.018-03:00  INFO 15156 --- [topomanager] [tomcat-handler-7] b.c.s.t.service.IdentificadorService     : ✅ Arquivo TXT gravado com sucesso em: /app/temp/20261005084955-28_sem_os_2/G9C7/G9C7-[14, 25].txt
2026-10-05T08:50:04.019-03:00  INFO 15156 --- [topomanager] [tomcat-handler-7] b.c.s.t.service.IdentificadorService     : ✅ Arquivo TXT gravado com sucesso em: /app/temp/20261005084955-28_sem_os_2/G9C7/G9C7-[18, 23].txt
2026-10-05T08:50:04.020-03:00  INFO 15156 --- [topomanager] [tomcat-handler-7] b.c.s.t.service.IdentificadorService     : ✅ Arquivo TXT gravado com sucesso em: /app/temp/20261005084955-28_sem_os_2/G9C7/G9C7-[18, 24].txt
2026-10-05T08:50:04.020-03:00  INFO 15156 --- [topomanager] [tomcat-handler-7] b.c.s.t.service.IdentificadorService     : ✅ Arquivo TXT gravado com sucesso em: /app/temp/20261005084955-28_sem_os_2/G9C7/G9C7-[18, 25].txt
2026-10-05T08:50:04.021-03:00  INFO 15156 --- [topomanager] [tomcat-handler-7] b.c.s.t.service.IdentificadorService     : ✅ Arquivo TXT gravado com sucesso em: /app/temp/20261005084955-28_sem_os_2/G9C7/G9C7-[23, 24].txt
2026-10-05T08:50:04.022-03:00  INFO 15156 --- [topomanager] [tomcat-handler-7] b.c.s.t.service.IdentificadorService     : ✅ Arquivo TXT gravado com sucesso em: /app/temp/20261005084955-28_sem_os_2/G9C7/G9C7-[23, 25].txt
2026-10-05T08:50:04.022-03:00  INFO 15156 --- [topomanager] [tomcat-handler-7] b.c.s.t.service.IdentificadorService     : ✅ Arquivo TXT gravado com sucesso em: /app/temp/20261005084955-28_sem_os_2/G9C7/G9C7-[24, 25].txt
2026-10-05T08:50:04.023-03:00  INFO 15156 --- [topomanager] [tomcat-handler-7] b.c.s.t.service.IdentificadorService     : ✅ Arquivo TXT gravado com sucesso em: /app/temp/20261005084955-28_sem_os_2/G9C1/G9C1-[2, 5].txt
2026-10-05T08:50:04.024-03:00  INFO 15156 --- [topomanager] [tomcat-handler-7] b.c.s.t.service.IdentificadorService     : ✅ Arquivo TXT gravado com sucesso em: /app/temp/20261005084955-28_sem_os_2/G9C1/G9C1-[2, 6].txt
2026-10-05T08:50:04.024-03:00  INFO 15156 --- [topomanager] [tomcat-handler-7] b.c.s.t.service.IdentificadorService     : ✅ Arquivo TXT gravado com sucesso em: /app/temp/20261005084955-28_sem_os_2/G9C1/G9C1-[2, 9].txt
2026-10-05T08:50:04.025-03:00  INFO 15156 --- [topomanager] [tomcat-handler-7] b.c.s.t.service.IdentificadorService     : ✅ Arquivo TXT gravado com sucesso em: /app/temp/20261005084955-28_sem_os_2/G9C1/G9C1-[2, 10].txt
2026-10-05T08:50:04.025-03:00  INFO 15156 --- [topomanager] [tomcat-handler-7] b.c.s.t.service.IdentificadorService     : ✅ Arquivo TXT gravado com sucesso em: /app/temp/20261005084955-28_sem_os_2/G9C1/G9C1-[2, 11].txt
2026-10-05T08:50:04.027-03:00  INFO 15156 --- [topomanager] [tomcat-handler-7] b.c.s.t.service.IdentificadorService     : ✅ Arquivo TXT gravado com sucesso em: /app/temp/20261005084955-28_sem_os_2/G9C1/G9C1-[2, 18].txt
2026-10-05T08:50:04.027-03:00  INFO 15156 --- [topomanager] [tomcat-handler-7] b.c.s.t.service.IdentificadorService     : ✅ Arquivo TXT gravado com sucesso em: /app/temp/20261005084955-28_sem_os_2/G9C1/G9C1-[2, 20].txt
2026-10-05T08:50:04.028-03:00  INFO 15156 --- [topomanager] [tomcat-handler-7] b.c.s.t.service.IdentificadorService     : ✅ Arquivo TXT gravado com sucesso em: /app/temp/20261005084955-28_sem_os_2/G9C1/G9C1-[2, 23].txt
2026-10-05T08:50:04.029-03:00  INFO 15156 --- [topomanager] [tomcat-handler-7] b.c.s.t.service.IdentificadorService     : ✅ Arquivo TXT gravado com sucesso em: /app/temp/20261005084955-28_sem_os_2/G9C1/G9C1-[2, 24].txt
2026-10-05T08:50:04.030-03:00  INFO 15156 --- [topomanager] [tomcat-handler-7] b.c.s.t.service.IdentificadorService     : ✅ Arquivo TXT gravado com sucesso em: /app/temp/20261005084955-28_sem_os_2/G9C1/G9C1-[2, 25].txt
2026-10-05T08:50:04.030-03:00  INFO 15156 --- [topomanager] [tomcat-handler-7] b.c.s.t.service.IdentificadorService     : ✅ Arquivo TXT gravado com sucesso em: /app/temp/20261005084955-28_sem_os_2/G9C1/G9C1-[5, 6].txt
2026-10-05T08:50:04.031-03:00  INFO 15156 --- [topomanager] [tomcat-handler-7] b.c.s.t.service.IdentificadorService     : ✅ Arquivo TXT gravado com sucesso em: /app/temp/20261005084955-28_sem_os_2/G9C1/G9C1-[5, 9].txt
2026-10-05T08:50:04.032-03:00  INFO 15156 --- [topomanager] [tomcat-handler-7] b.c.s.t.service.IdentificadorService     : ✅ Arquivo TXT gravado com sucesso em: /app/temp/20261005084955-28_sem_os_2/G9C1/G9C1-[5, 10].txt
2026-10-05T08:50:04.033-03:00  INFO 15156 --- [topomanager] [tomcat-handler-7] b.c.s.t.service.IdentificadorService     : ✅ Arquivo TXT gravado com sucesso em: /app/temp/20261005084955-28_sem_os_2/G9C1/G9C1-[5, 11].txt
2026-10-05T08:50:04.033-03:00  INFO 15156 --- [topomanager] [tomcat-handler-7] b.c.s.t.service.IdentificadorService     : ✅ Arquivo TXT gravado com sucesso em: /app/temp/20261005084955-28_sem_os_2/G9C1/G9C1-[5, 18].txt
2026-10-05T08:50:04.034-03:00  INFO 15156 --- [topomanager] [tomcat-handler-7] b.c.s.t.service.IdentificadorService     : ✅ Arquivo TXT gravado com sucesso em: /app/temp/20261005084955-28_sem_os_2/G9C1/G9C1-[5, 20].txt
2026-10-05T08:50:04.035-03:00  INFO 15156 --- [topomanager] [tomcat-handler-7] b.c.s.t.service.IdentificadorService     : ✅ Arquivo TXT gravado com sucesso em: /app/temp/20261005084955-28_sem_os_2/G9C1/G9C1-[5, 23].txt
2026-10-05T08:50:04.036-03:00  INFO 15156 --- [topomanager] [tomcat-handler-7] b.c.s.t.service.IdentificadorService     : ✅ Arquivo TXT gravado com sucesso em: /app/temp/20261005084955-28_sem_os_2/G9C1/G9C1-[5, 24].txt
2026-10-05T08:50:04.037-03:00  INFO 15156 --- [topomanager] [tomcat-handler-7] b.c.s.t.service.IdentificadorService     : ✅ Arquivo TXT gravado com sucesso em: /app/temp/20261005084955-28_sem_os_2/G9C1/G9C1-[5, 25].txt
2026-10-05T08:50:04.037-03:00  INFO 15156 --- [topomanager] [tomcat-handler-7] b.c.s.t.service.IdentificadorService     : ✅ Arquivo TXT gravado com sucesso em: /app/temp/20261005084955-28_sem_os_2/G9C1/G9C1-[6, 9].txt
2026-10-05T08:50:04.038-03:00  INFO 15156 --- [topomanager] [tomcat-handler-7] b.c.s.t.service.IdentificadorService     : ✅ Arquivo TXT gravado com sucesso em: /app/temp/20261005084955-28_sem_os_2/G9C1/G9C1-[6, 10].txt
2026-10-05T08:50:04.039-03:00  INFO 15156 --- [topomanager] [tomcat-handler-7] b.c.s.t.service.IdentificadorService     : ✅ Arquivo TXT gravado com sucesso em: /app/temp/20261005084955-28_sem_os_2/G9C1/G9C1-[6, 11].txt
2026-10-05T08:50:04.040-03:00  INFO 15156 --- [topomanager] [tomcat-handler-7] b.c.s.t.service.IdentificadorService     : ✅ Arquivo TXT gravado com sucesso em: /app/temp/20261005084955-28_sem_os_2/G9C1/G9C1-[6, 18].txt
2026-10-05T08:50:04.040-03:00  INFO 15156 --- [topomanager] [tomcat-handler-7] b.c.s.t.service.IdentificadorService     : ✅ Arquivo TXT gravado com sucesso em: /app/temp/20261005084955-28_sem_os_2/G9C1/G9C1-[6, 20].txt
2026-10-05T08:50:04.041-03:00  INFO 15156 --- [topomanager] [tomcat-handler-7] b.c.s.t.service.IdentificadorService     : ✅ Arquivo TXT gravado com sucesso em: /app/temp/20261005084955-28_sem_os_2/G9C1/G9C1-[6, 23].txt
2026-10-05T08:50:04.042-03:00  INFO 15156 --- [topomanager] [tomcat-handler-7] b.c.s.t.service.IdentificadorService     : ✅ Arquivo TXT gravado com sucesso em: /app/temp/20261005084955-28_sem_os_2/G9C1/G9C1-[6, 24].txt
2026-10-05T08:50:04.042-03:00  INFO 15156 --- [topomanager] [tomcat-handler-7] b.c.s.t.service.IdentificadorService     : ✅ Arquivo TXT gravado com sucesso em: /app/temp/20261005084955-28_sem_os_2/G9C1/G9C1-[6, 25].txt
2026-10-05T08:50:04.043-03:00  INFO 15156 --- [topomanager] [tomcat-handler-7] b.c.s.t.service.IdentificadorService     : ✅ Arquivo TXT gravado com sucesso em: /app/temp/20261005084955-28_sem_os_2/G9C1/G9C1-[9, 10].txt
2026-10-05T08:50:04.044-03:00  INFO 15156 --- [topomanager] [tomcat-handler-7] b.c.s.t.service.IdentificadorService     : ✅ Arquivo TXT gravado com sucesso em: /app/temp/20261005084955-28_sem_os_2/G9C1/G9C1-[9, 11].txt
2026-10-05T08:50:04.045-03:00  INFO 15156 --- [topomanager] [tomcat-handler-7] b.c.s.t.service.IdentificadorService     : ✅ Arquivo TXT gravado com sucesso em: /app/temp/20261005084955-28_sem_os_2/G9C1/G9C1-[9, 18].txt
2026-10-05T08:50:04.045-03:00  INFO 15156 --- [topomanager] [tomcat-handler-7] b.c.s.t.service.IdentificadorService     : ✅ Arquivo TXT gravado com sucesso em: /app/temp/20261005084955-28_sem_os_2/G9C1/G9C1-[9, 20].txt
2026-10-05T08:50:04.046-03:00  INFO 15156 --- [topomanager] [tomcat-handler-7] b.c.s.t.service.IdentificadorService     : ✅ Arquivo TXT gravado com sucesso em: /app/temp/20261005084955-28_sem_os_2/G9C1/G9C1-[9, 23].txt
2026-10-05T08:50:04.047-03:00  INFO 15156 --- [topomanager] [tomcat-handler-7] b.c.s.t.service.IdentificadorService     : ✅ Arquivo TXT gravado com sucesso em: /app/temp/20261005084955-28_sem_os_2/G9C1/G9C1-[9, 24].txt
2026-10-05T08:50:04.072-03:00  INFO 15156 --- [topomanager] [tomcat-handler-7] b.c.s.t.service.IdentificadorService     : ✅ Arquivo TXT gravado com sucesso em: /app/temp/20261005084955-28_sem_os_2/G9C1/G9C1-[9, 25].txt
2026-10-05T08:50:04.073-03:00  INFO 15156 --- [topomanager] [tomcat-handler-7] b.c.s.t.service.IdentificadorService     : ✅ Arquivo TXT gravado com sucesso em: /app/temp/20261005084955-28_sem_os_2/G9C1/G9C1-[10, 11].txt
2026-10-05T08:50:04.074-03:00  INFO 15156 --- [topomanager] [tomcat-handler-7] b.c.s.t.service.IdentificadorService     : ✅ Arquivo TXT gravado com sucesso em: /app/temp/20261005084955-28_sem_os_2/G9C1/G9C1-[10, 18].txt
2026-10-05T08:50:04.075-03:00  INFO 15156 --- [topomanager] [tomcat-handler-7] b.c.s.t.service.IdentificadorService     : ✅ Arquivo TXT gravado com sucesso em: /app/temp/20261005084955-28_sem_os_2/G9C1/G9C1-[10, 20].txt
2026-10-05T08:50:04.076-03:00  INFO 15156 --- [topomanager] [tomcat-handler-7] b.c.s.t.service.IdentificadorService     : ✅ Arquivo TXT gravado com sucesso em: /app/temp/20261005084955-28_sem_os_2/G9C1/G9C1-[10, 23].txt
2026-10-05T08:50:04.077-03:00  INFO 15156 --- [topomanager] [tomcat-handler-7] b.c.s.t.service.IdentificadorService     : ✅ Arquivo TXT gravado com sucesso em: /app/temp/20261005084955-28_sem_os_2/G9C1/G9C1-[10, 24].txt
2026-10-05T08:50:04.077-03:00  INFO 15156 --- [topomanager] [tomcat-handler-7] b.c.s.t.service.IdentificadorService     : ✅ Arquivo TXT gravado com sucesso em: /app/temp/20261005084955-28_sem_os_2/G9C1/G9C1-[10, 25].txt
2026-10-05T08:50:04.078-03:00  INFO 15156 --- [topomanager] [tomcat-handler-7] b.c.s.t.service.IdentificadorService     : ✅ Arquivo TXT gravado com sucesso em: /app/temp/20261005084955-28_sem_os_2/G9C1/G9C1-[11, 18].txt
2026-10-05T08:50:04.080-03:00  INFO 15156 --- [topomanager] [tomcat-handler-7] b.c.s.t.service.IdentificadorService     : ✅ Arquivo TXT gravado com sucesso em: /app/temp/20261005084955-28_sem_os_2/G9C1/G9C1-[11, 20].txt
2026-10-05T08:50:04.080-03:00  INFO 15156 --- [topomanager] [tomcat-handler-7] b.c.s.t.service.IdentificadorService     : ✅ Arquivo TXT gravado com sucesso em: /app/temp/20261005084955-28_sem_os_2/G9C1/G9C1-[11, 23].txt
2026-10-05T08:50:04.081-03:00  INFO 15156 --- [topomanager] [tomcat-handler-7] b.c.s.t.service.IdentificadorService     : ✅ Arquivo TXT gravado com sucesso em: /app/temp/20261005084955-28_sem_os_2/G9C1/G9C1-[11, 24].txt
2026-10-05T08:50:04.082-03:00  INFO 15156 --- [topomanager] [tomcat-handler-7] b.c.s.t.service.IdentificadorService     : ✅ Arquivo TXT gravado com sucesso em: /app/temp/20261005084955-28_sem_os_2/G9C1/G9C1-[11, 25].txt
2026-10-05T08:50:04.082-03:00  INFO 15156 --- [topomanager] [tomcat-handler-7] b.c.s.t.service.IdentificadorService     : ✅ Arquivo TXT gravado com sucesso em: /app/temp/20261005084955-28_sem_os_2/G9C1/G9C1-[18, 20].txt
2026-10-05T08:50:04.083-03:00  INFO 15156 --- [topomanager] [tomcat-handler-7] b.c.s.t.service.IdentificadorService     : ✅ Arquivo TXT gravado com sucesso em: /app/temp/20261005084955-28_sem_os_2/G9C1/G9C1-[18, 23].txt
2026-10-05T08:50:04.084-03:00  INFO 15156 --- [topomanager] [tomcat-handler-7] b.c.s.t.service.IdentificadorService     : ✅ Arquivo TXT gravado com sucesso em: /app/temp/20261005084955-28_sem_os_2/G9C1/G9C1-[18, 24].txt
2026-10-05T08:50:04.084-03:00  INFO 15156 --- [topomanager] [tomcat-handler-7] b.c.s.t.service.IdentificadorService     : ✅ Arquivo TXT gravado com sucesso em: /app/temp/20261005084955-28_sem_os_2/G9C1/G9C1-[18, 25].txt
2026-10-05T08:50:04.085-03:00  INFO 15156 --- [topomanager] [tomcat-handler-7] b.c.s.t.service.IdentificadorService     : ✅ Arquivo TXT gravado com sucesso em: /app/temp/20261005084955-28_sem_os_2/G9C1/G9C1-[20, 23].txt
2026-10-05T08:50:04.086-03:00  INFO 15156 --- [topomanager] [tomcat-handler-7] b.c.s.t.service.IdentificadorService     : ✅ Arquivo TXT gravado com sucesso em: /app/temp/20261005084955-28_sem_os_2/G9C1/G9C1-[20, 24].txt
2026-10-05T08:50:04.087-03:00  INFO 15156 --- [topomanager] [tomcat-handler-7] b.c.s.t.service.IdentificadorService     : ✅ Arquivo TXT gravado com sucesso em: /app/temp/20261005084955-28_sem_os_2/G9C1/G9C1-[20, 25].txt
2026-10-05T08:50:04.088-03:00  INFO 15156 --- [topomanager] [tomcat-handler-7] b.c.s.t.service.IdentificadorService     : ✅ Arquivo TXT gravado com sucesso em: /app/temp/20261005084955-28_sem_os_2/G9C1/G9C1-[23, 24].txt
2026-10-05T08:50:04.089-03:00  INFO 15156 --- [topomanager] [tomcat-handler-7] b.c.s.t.service.IdentificadorService     : ✅ Arquivo TXT gravado com sucesso em: /app/temp/20261005084955-28_sem_os_2/G9C1/G9C1-[23, 25].txt
2026-10-05T08:50:04.089-03:00  INFO 15156 --- [topomanager] [tomcat-handler-7] b.c.s.t.service.IdentificadorService     : ✅ Arquivo TXT gravado com sucesso em: /app/temp/20261005084955-28_sem_os_2/G9C1/G9C1-[24, 25].txt
2026-10-05T08:50:04.090-03:00  INFO 15156 --- [topomanager] [tomcat-handler-7] b.c.s.t.service.IdentificadorService     : ✅ Arquivo TXT gravado com sucesso em: /app/temp/20261005084955-28_sem_os_2/G5C3/G5C3-[2, 3].txt
2026-10-05T08:50:04.091-03:00  INFO 15156 --- [topomanager] [tomcat-handler-7] b.c.s.t.service.IdentificadorService     : ✅ Arquivo TXT gravado com sucesso em: /app/temp/20261005084955-28_sem_os_2/G5C3/G5C3-[2, 5].txt
2026-10-05T08:50:04.091-03:00  INFO 15156 --- [topomanager] [tomcat-handler-7] b.c.s.t.service.IdentificadorService     : ✅ Arquivo TXT gravado com sucesso em: /app/temp/20261005084955-28_sem_os_2/G5C3/G5C3-[2, 6].txt
2026-10-05T08:50:04.092-03:00  INFO 15156 --- [topomanager] [tomcat-handler-7] b.c.s.t.service.IdentificadorService     : ✅ Arquivo TXT gravado com sucesso em: /app/temp/20261005084955-28_sem_os_2/G5C3/G5C3-[2, 9].txt
2026-10-05T08:50:04.093-03:00  INFO 15156 --- [topomanager] [tomcat-handler-7] b.c.s.t.service.IdentificadorService     : ✅ Arquivo TXT gravado com sucesso em: /app/temp/20261005084955-28_sem_os_2/G5C3/G5C3-[2, 10].txt
2026-10-05T08:50:04.094-03:00  INFO 15156 --- [topomanager] [tomcat-handler-7] b.c.s.t.service.IdentificadorService     : ✅ Arquivo TXT gravado com sucesso em: /app/temp/20261005084955-28_sem_os_2/G5C3/G5C3-[2, 11].txt
2026-10-05T08:50:04.094-03:00  INFO 15156 --- [topomanager] [tomcat-handler-7] b.c.s.t.service.IdentificadorService     : ✅ Arquivo TXT gravado com sucesso em: /app/temp/20261005084955-28_sem_os_2/G5C3/G5C3-[2, 14].txt
2026-10-05T08:50:04.095-03:00  INFO 15156 --- [topomanager] [tomcat-handler-7] b.c.s.t.service.IdentificadorService     : ✅ Arquivo TXT gravado com sucesso em: /app/temp/20261005084955-28_sem_os_2/G5C3/G5C3-[2, 18].txt
2026-10-05T08:50:04.096-03:00  INFO 15156 --- [topomanager] [tomcat-handler-7] b.c.s.t.service.IdentificadorService     : ✅ Arquivo TXT gravado com sucesso em: /app/temp/20261005084955-28_sem_os_2/G5C3/G5C3-[2, 23].txt
2026-10-05T08:50:04.097-03:00  INFO 15156 --- [topomanager] [tomcat-handler-7] b.c.s.t.service.IdentificadorService     : ✅ Arquivo TXT gravado com sucesso em: /app/temp/20261005084955-28_sem_os_2/G5C3/G5C3-[2, 24].txt
2026-10-05T08:50:04.098-03:00  INFO 15156 --- [topomanager] [tomcat-handler-7] b.c.s.t.service.IdentificadorService     : ✅ Arquivo TXT gravado com sucesso em: /app/temp/20261005084955-28_sem_os_2/G5C3/G5C3-[3, 5].txt
2026-10-05T08:50:04.099-03:00  INFO 15156 --- [topomanager] [tomcat-handler-7] b.c.s.t.service.IdentificadorService     : ✅ Arquivo TXT gravado com sucesso em: /app/temp/20261005084955-28_sem_os_2/G5C3/G5C3-[3, 6].txt
2026-10-05T08:50:04.100-03:00  INFO 15156 --- [topomanager] [tomcat-handler-7] b.c.s.t.service.IdentificadorService     : ✅ Arquivo TXT gravado com sucesso em: /app/temp/20261005084955-28_sem_os_2/G5C3/G5C3-[3, 9].txt
2026-10-05T08:50:04.101-03:00  INFO 15156 --- [topomanager] [tomcat-handler-7] b.c.s.t.service.IdentificadorService     : ✅ Arquivo TXT gravado com sucesso em: /app/temp/20261005084955-28_sem_os_2/G5C3/G5C3-[3, 10].txt
2026-10-05T08:50:04.102-03:00  INFO 15156 --- [topomanager] [tomcat-handler-7] b.c.s.t.service.IdentificadorService     : ✅ Arquivo TXT gravado com sucesso em: /app/temp/20261005084955-28_sem_os_2/G5C3/G5C3-[3, 11].txt
2026-10-05T08:50:04.103-03:00  INFO 15156 --- [topomanager] [tomcat-handler-7] b.c.s.t.service.IdentificadorService     : ✅ Arquivo TXT gravado com sucesso em: /app/temp/20261005084955-28_sem_os_2/G5C3/G5C3-[3, 14].txt
2026-10-05T08:50:04.104-03:00  INFO 15156 --- [topomanager] [tomcat-handler-7] b.c.s.t.service.IdentificadorService     : ✅ Arquivo TXT gravado com sucesso em: /app/temp/20261005084955-28_sem_os_2/G5C3/G5C3-[3, 18].txt
2026-10-05T08:50:04.105-03:00  INFO 15156 --- [topomanager] [tomcat-handler-7] b.c.s.t.service.IdentificadorService     : ✅ Arquivo TXT gravado com sucesso em: /app/temp/20261005084955-28_sem_os_2/G5C3/G5C3-[3, 23].txt
2026-10-05T08:50:04.106-03:00  INFO 15156 --- [topomanager] [tomcat-handler-7] b.c.s.t.service.IdentificadorService     : ✅ Arquivo TXT gravado com sucesso em: /app/temp/20261005084955-28_sem_os_2/G5C3/G5C3-[3, 24].txt
2026-10-05T08:50:04.107-03:00  INFO 15156 --- [topomanager] [tomcat-handler-7] b.c.s.t.service.IdentificadorService     : ✅ Arquivo TXT gravado com sucesso em: /app/temp/20261005084955-28_sem_os_2/G5C3/G5C3-[5, 6].txt
2026-10-05T08:50:04.107-03:00  INFO 15156 --- [topomanager] [tomcat-handler-7] b.c.s.t.service.IdentificadorService     : ✅ Arquivo TXT gravado com sucesso em: /app/temp/20261005084955-28_sem_os_2/G5C3/G5C3-[5, 9].txt
2026-10-05T08:50:04.108-03:00  INFO 15156 --- [topomanager] [tomcat-handler-7] b.c.s.t.service.IdentificadorService     : ✅ Arquivo TXT gravado com sucesso em: /app/temp/20261005084955-28_sem_os_2/G5C3/G5C3-[5, 10].txt
2026-10-05T08:50:04.109-03:00  INFO 15156 --- [topomanager] [tomcat-handler-7] b.c.s.t.service.IdentificadorService     : ✅ Arquivo TXT gravado com sucesso em: /app/temp/20261005084955-28_sem_os_2/G5C3/G5C3-[5, 11].txt
2026-10-05T08:50:04.110-03:00  INFO 15156 --- [topomanager] [tomcat-handler-7] b.c.s.t.service.IdentificadorService     : ✅ Arquivo TXT gravado com sucesso em: /app/temp/20261005084955-28_sem_os_2/G5C3/G5C3-[5, 14].txt
2026-10-05T08:50:04.111-03:00  INFO 15156 --- [topomanager] [tomcat-handler-7] b.c.s.t.service.IdentificadorService     : ✅ Arquivo TXT gravado com sucesso em: /app/temp/20261005084955-28_sem_os_2/G5C3/G5C3-[5, 18].txt
2026-10-05T08:50:04.112-03:00  INFO 15156 --- [topomanager] [tomcat-handler-7] b.c.s.t.service.IdentificadorService     : ✅ Arquivo TXT gravado com sucesso em: /app/temp/20261005084955-28_sem_os_2/G5C3/G5C3-[5, 23].txt
2026-10-05T08:50:04.113-03:00  INFO 15156 --- [topomanager] [tomcat-handler-7] b.c.s.t.service.IdentificadorService     : ✅ Arquivo TXT gravado com sucesso em: /app/temp/20261005084955-28_sem_os_2/G5C3/G5C3-[5, 24].txt
2026-10-05T08:50:04.113-03:00  INFO 15156 --- [topomanager] [tomcat-handler-7] b.c.s.t.service.IdentificadorService     : ✅ Arquivo TXT gravado com sucesso em: /app/temp/20261005084955-28_sem_os_2/G5C3/G5C3-[6, 9].txt
2026-10-05T08:50:04.114-03:00  INFO 15156 --- [topomanager] [tomcat-handler-7] b.c.s.t.service.IdentificadorService     : ✅ Arquivo TXT gravado com sucesso em: /app/temp/20261005084955-28_sem_os_2/G5C3/G5C3-[6, 10].txt
2026-10-05T08:50:04.115-03:00  INFO 15156 --- [topomanager] [tomcat-handler-7] b.c.s.t.service.IdentificadorService     : ✅ Arquivo TXT gravado com sucesso em: /app/temp/20261005084955-28_sem_os_2/G5C3/G5C3-[6, 11].txt
2026-10-05T08:50:04.115-03:00  INFO 15156 --- [topomanager] [tomcat-handler-7] b.c.s.t.service.IdentificadorService     : ✅ Arquivo TXT gravado com sucesso em: /app/temp/20261005084955-28_sem_os_2/G5C3/G5C3-[6, 14].txt
2026-10-05T08:50:04.116-03:00  INFO 15156 --- [topomanager] [tomcat-handler-7] b.c.s.t.service.IdentificadorService     : ✅ Arquivo TXT gravado com sucesso em: /app/temp/20261005084955-28_sem_os_2/G5C3/G5C3-[6, 18].txt
2026-10-05T08:50:04.117-03:00  INFO 15156 --- [topomanager] [tomcat-handler-7] b.c.s.t.service.IdentificadorService     : ✅ Arquivo TXT gravado com sucesso em: /app/temp/20261005084955-28_sem_os_2/G5C3/G5C3-[6, 23].txt
2026-10-05T08:50:04.118-03:00  INFO 15156 --- [topomanager] [tomcat-handler-7] b.c.s.t.service.IdentificadorService     : ✅ Arquivo TXT gravado com sucesso em: /app/temp/20261005084955-28_sem_os_2/G5C3/G5C3-[6, 24].txt
2026-10-05T08:50:04.119-03:00  INFO 15156 --- [topomanager] [tomcat-handler-7] b.c.s.t.service.IdentificadorService     : ✅ Arquivo TXT gravado com sucesso em: /app/temp/20261005084955-28_sem_os_2/G5C3/G5C3-[9, 10].txt
2026-10-05T08:50:04.120-03:00  INFO 15156 --- [topomanager] [tomcat-handler-7] b.c.s.t.service.IdentificadorService     : ✅ Arquivo TXT gravado com sucesso em: /app/temp/20261005084955-28_sem_os_2/G5C3/G5C3-[9, 11].txt
2026-10-05T08:50:04.120-03:00  INFO 15156 --- [topomanager] [tomcat-handler-7] b.c.s.t.service.IdentificadorService     : ✅ Arquivo TXT gravado com sucesso em: /app/temp/20261005084955-28_sem_os_2/G5C3/G5C3-[9, 14].txt
2026-10-05T08:50:04.122-03:00  INFO 15156 --- [topomanager] [tomcat-handler-7] b.c.s.t.service.IdentificadorService     : ✅ Arquivo TXT gravado com sucesso em: /app/temp/20261005084955-28_sem_os_2/G5C3/G5C3-[9, 18].txt
2026-10-05T08:50:04.123-03:00  INFO 15156 --- [topomanager] [tomcat-handler-7] b.c.s.t.service.IdentificadorService     : ✅ Arquivo TXT gravado com sucesso em: /app/temp/20261005084955-28_sem_os_2/G5C3/G5C3-[9, 23].txt
2026-10-05T08:50:04.123-03:00  INFO 15156 --- [topomanager] [tomcat-handler-7] b.c.s.t.service.IdentificadorService     : ✅ Arquivo TXT gravado com sucesso em: /app/temp/20261005084955-28_sem_os_2/G5C3/G5C3-[9, 24].txt
2026-10-05T08:50:04.124-03:00  INFO 15156 --- [topomanager] [tomcat-handler-7] b.c.s.t.service.IdentificadorService     : ✅ Arquivo TXT gravado com sucesso em: /app/temp/20261005084955-28_sem_os_2/G5C3/G5C3-[10, 11].txt
2026-10-05T08:50:04.127-03:00  INFO 15156 --- [topomanager] [tomcat-handler-7] b.c.s.t.service.IdentificadorService     : ✅ Arquivo TXT gravado com sucesso em: /app/temp/20261005084955-28_sem_os_2/G5C3/G5C3-[10, 14].txt
2026-10-05T08:50:04.127-03:00  INFO 15156 --- [topomanager] [tomcat-handler-7] b.c.s.t.service.IdentificadorService     : ✅ Arquivo TXT gravado com sucesso em: /app/temp/20261005084955-28_sem_os_2/G5C3/G5C3-[10, 18].txt
2026-10-05T08:50:04.128-03:00  INFO 15156 --- [topomanager] [tomcat-handler-7] b.c.s.t.service.IdentificadorService     : ✅ Arquivo TXT gravado com sucesso em: /app/temp/20261005084955-28_sem_os_2/G5C3/G5C3-[10, 23].txt
2026-10-05T08:50:04.129-03:00  INFO 15156 --- [topomanager] [tomcat-handler-7] b.c.s.t.service.IdentificadorService     : ✅ Arquivo TXT gravado com sucesso em: /app/temp/20261005084955-28_sem_os_2/G5C3/G5C3-[10, 24].txt
2026-10-05T08:50:04.130-03:00  INFO 15156 --- [topomanager] [tomcat-handler-7] b.c.s.t.service.IdentificadorService     : ✅ Arquivo TXT gravado com sucesso em: /app/temp/20261005084955-28_sem_os_2/G5C3/G5C3-[11, 14].txt
2026-10-05T08:50:04.130-03:00  INFO 15156 --- [topomanager] [tomcat-handler-7] b.c.s.t.service.IdentificadorService     : ✅ Arquivo TXT gravado com sucesso em: /app/temp/20261005084955-28_sem_os_2/G5C3/G5C3-[11, 18].txt
2026-10-05T08:50:04.131-03:00  INFO 15156 --- [topomanager] [tomcat-handler-7] b.c.s.t.service.IdentificadorService     : ✅ Arquivo TXT gravado com sucesso em: /app/temp/20261005084955-28_sem_os_2/G5C3/G5C3-[11, 23].txt
2026-10-05T08:50:04.132-03:00  INFO 15156 --- [topomanager] [tomcat-handler-7] b.c.s.t.service.IdentificadorService     : ✅ Arquivo TXT gravado com sucesso em: /app/temp/20261005084955-28_sem_os_2/G5C3/G5C3-[11, 24].txt
2026-10-05T08:50:04.133-03:00  INFO 15156 --- [topomanager] [tomcat-handler-7] b.c.s.t.service.IdentificadorService     : ✅ Arquivo TXT gravado com sucesso em: /app/temp/20261005084955-28_sem_os_2/G5C3/G5C3-[14, 18].txt
2026-10-05T08:50:04.133-03:00  INFO 15156 --- [topomanager] [tomcat-handler-7] b.c.s.t.service.IdentificadorService     : ✅ Arquivo TXT gravado com sucesso em: /app/temp/20261005084955-28_sem_os_2/G5C3/G5C3-[14, 23].txt
2026-10-05T08:50:04.134-03:00  INFO 15156 --- [topomanager] [tomcat-handler-7] b.c.s.t.service.IdentificadorService     : ✅ Arquivo TXT gravado com sucesso em: /app/temp/20261005084955-28_sem_os_2/G5C3/G5C3-[14, 24].txt
2026-10-05T08:50:04.134-03:00  INFO 15156 --- [topomanager] [tomcat-handler-7] b.c.s.t.service.IdentificadorService     : ✅ Arquivo TXT gravado com sucesso em: /app/temp/20261005084955-28_sem_os_2/G5C3/G5C3-[18, 23].txt
2026-10-05T08:50:04.135-03:00  INFO 15156 --- [topomanager] [tomcat-handler-7] b.c.s.t.service.IdentificadorService     : ✅ Arquivo TXT gravado com sucesso em: /app/temp/20261005084955-28_sem_os_2/G5C3/G5C3-[18, 24].txt
2026-10-05T08:50:04.136-03:00  INFO 15156 --- [topomanager] [tomcat-handler-7] b.c.s.t.service.IdentificadorService     : ✅ Arquivo TXT gravado com sucesso em: /app/temp/20261005084955-28_sem_os_2/G5C3/G5C3-[23, 24].txt
2026-10-05T08:50:04.137-03:00  INFO 15156 --- [topomanager] [tomcat-handler-7] b.c.s.t.service.IdentificadorService     : ✅ Arquivo TXT gravado com sucesso em: /app/temp/20261005084955-28_sem_os_2/G9C3/G9C3-[2, 3].txt
2026-10-05T08:50:04.138-03:00  INFO 15156 --- [topomanager] [tomcat-handler-7] b.c.s.t.service.IdentificadorService     : ✅ Arquivo TXT gravado com sucesso em: /app/temp/20261005084955-28_sem_os_2/G9C3/G9C3-[2, 5].txt
2026-10-05T08:50:04.139-03:00  INFO 15156 --- [topomanager] [tomcat-handler-7] b.c.s.t.service.IdentificadorService     : ✅ Arquivo TXT gravado com sucesso em: /app/temp/20261005084955-28_sem_os_2/G9C3/G9C3-[2, 9].txt
2026-10-05T08:50:04.139-03:00  INFO 15156 --- [topomanager] [tomcat-handler-7] b.c.s.t.service.IdentificadorService     : ✅ Arquivo TXT gravado com sucesso em: /app/temp/20261005084955-28_sem_os_2/G9C3/G9C3-[2, 10].txt
2026-10-05T08:50:04.140-03:00  INFO 15156 --- [topomanager] [tomcat-handler-7] b.c.s.t.service.IdentificadorService     : ✅ Arquivo TXT gravado com sucesso em: /app/temp/20261005084955-28_sem_os_2/G9C3/G9C3-[2, 11].txt
2026-10-05T08:50:04.141-03:00  INFO 15156 --- [topomanager] [tomcat-handler-7] b.c.s.t.service.IdentificadorService     : ✅ Arquivo TXT gravado com sucesso em: /app/temp/20261005084955-28_sem_os_2/G9C3/G9C3-[2, 14].txt
2026-10-05T08:50:04.142-03:00  INFO 15156 --- [topomanager] [tomcat-handler-7] b.c.s.t.service.IdentificadorService     : ✅ Arquivo TXT gravado com sucesso em: /app/temp/20261005084955-28_sem_os_2/G9C3/G9C3-[2, 18].txt
2026-10-05T08:50:04.142-03:00  INFO 15156 --- [topomanager] [tomcat-handler-7] b.c.s.t.service.IdentificadorService     : ✅ Arquivo TXT gravado com sucesso em: /app/temp/20261005084955-28_sem_os_2/G9C3/G9C3-[2, 20].txt
2026-10-05T08:50:04.143-03:00  INFO 15156 --- [topomanager] [tomcat-handler-7] b.c.s.t.service.IdentificadorService     : ✅ Arquivo TXT gravado com sucesso em: /app/temp/20261005084955-28_sem_os_2/G9C3/G9C3-[2, 23].txt
2026-10-05T08:50:04.144-03:00  INFO 15156 --- [topomanager] [tomcat-handler-7] b.c.s.t.service.IdentificadorService     : ✅ Arquivo TXT gravado com sucesso em: /app/temp/20261005084955-28_sem_os_2/G9C3/G9C3-[2, 25].txt
2026-10-05T08:50:04.145-03:00  INFO 15156 --- [topomanager] [tomcat-handler-7] b.c.s.t.service.IdentificadorService     : ✅ Arquivo TXT gravado com sucesso em: /app/temp/20261005084955-28_sem_os_2/G9C3/G9C3-[3, 5].txt
2026-10-05T08:50:04.145-03:00  INFO 15156 --- [topomanager] [tomcat-handler-7] b.c.s.t.service.IdentificadorService     : ✅ Arquivo TXT gravado com sucesso em: /app/temp/20261005084955-28_sem_os_2/G9C3/G9C3-[3, 9].txt
2026-10-05T08:50:04.146-03:00  INFO 15156 --- [topomanager] [tomcat-handler-7] b.c.s.t.service.IdentificadorService     : ✅ Arquivo TXT gravado com sucesso em: /app/temp/20261005084955-28_sem_os_2/G9C3/G9C3-[3, 10].txt
2026-10-05T08:50:04.147-03:00  INFO 15156 --- [topomanager] [tomcat-handler-7] b.c.s.t.service.IdentificadorService     : ✅ Arquivo TXT gravado com sucesso em: /app/temp/20261005084955-28_sem_os_2/G9C3/G9C3-[3, 11].txt
2026-10-05T08:50:04.148-03:00  INFO 15156 --- [topomanager] [tomcat-handler-7] b.c.s.t.service.IdentificadorService     : ✅ Arquivo TXT gravado com sucesso em: /app/temp/20261005084955-28_sem_os_2/G9C3/G9C3-[3, 14].txt
2026-10-05T08:50:04.149-03:00  INFO 15156 --- [topomanager] [tomcat-handler-7] b.c.s.t.service.IdentificadorService     : ✅ Arquivo TXT gravado com sucesso em: /app/temp/20261005084955-28_sem_os_2/G9C3/G9C3-[3, 18].txt
2026-10-05T08:50:04.149-03:00  INFO 15156 --- [topomanager] [tomcat-handler-7] b.c.s.t.service.IdentificadorService     : ✅ Arquivo TXT gravado com sucesso em: /app/temp/20261005084955-28_sem_os_2/G9C3/G9C3-[3, 20].txt
2026-10-05T08:50:04.150-03:00  INFO 15156 --- [topomanager] [tomcat-handler-7] b.c.s.t.service.IdentificadorService     : ✅ Arquivo TXT gravado com sucesso em: /app/temp/20261005084955-28_sem_os_2/G9C3/G9C3-[3, 23].txt
2026-10-05T08:50:04.150-03:00  INFO 15156 --- [topomanager] [tomcat-handler-7] b.c.s.t.service.IdentificadorService     : ✅ Arquivo TXT gravado com sucesso em: /app/temp/20261005084955-28_sem_os_2/G9C3/G9C3-[3, 25].txt
2026-10-05T08:50:04.151-03:00  INFO 15156 --- [topomanager] [tomcat-handler-7] b.c.s.t.service.IdentificadorService     : ✅ Arquivo TXT gravado com sucesso em: /app/temp/20261005084955-28_sem_os_2/G9C3/G9C3-[5, 9].txt
2026-10-05T08:50:04.152-03:00  INFO 15156 --- [topomanager] [tomcat-handler-7] b.c.s.t.service.IdentificadorService     : ✅ Arquivo TXT gravado com sucesso em: /app/temp/20261005084955-28_sem_os_2/G9C3/G9C3-[5, 10].txt
2026-10-05T08:50:04.152-03:00  INFO 15156 --- [topomanager] [tomcat-handler-7] b.c.s.t.service.IdentificadorService     : ✅ Arquivo TXT gravado com sucesso em: /app/temp/20261005084955-28_sem_os_2/G9C3/G9C3-[5, 11].txt
2026-10-05T08:50:04.153-03:00  INFO 15156 --- [topomanager] [tomcat-handler-7] b.c.s.t.service.IdentificadorService     : ✅ Arquivo TXT gravado com sucesso em: /app/temp/20261005084955-28_sem_os_2/G9C3/G9C3-[5, 14].txt
2026-10-05T08:50:04.154-03:00  INFO 15156 --- [topomanager] [tomcat-handler-7] b.c.s.t.service.IdentificadorService     : ✅ Arquivo TXT gravado com sucesso em: /app/temp/20261005084955-28_sem_os_2/G9C3/G9C3-[5, 18].txt
2026-10-05T08:50:04.154-03:00  INFO 15156 --- [topomanager] [tomcat-handler-7] b.c.s.t.service.IdentificadorService     : ✅ Arquivo TXT gravado com sucesso em: /app/temp/20261005084955-28_sem_os_2/G9C3/G9C3-[5, 20].txt
2026-10-05T08:50:04.155-03:00  INFO 15156 --- [topomanager] [tomcat-handler-7] b.c.s.t.service.IdentificadorService     : ✅ Arquivo TXT gravado com sucesso em: /app/temp/20261005084955-28_sem_os_2/G9C3/G9C3-[5, 23].txt
2026-10-05T08:50:04.156-03:00  INFO 15156 --- [topomanager] [tomcat-handler-7] b.c.s.t.service.IdentificadorService     : ✅ Arquivo TXT gravado com sucesso em: /app/temp/20261005084955-28_sem_os_2/G9C3/G9C3-[5, 25].txt
2026-10-05T08:50:04.156-03:00  INFO 15156 --- [topomanager] [tomcat-handler-7] b.c.s.t.service.IdentificadorService     : ✅ Arquivo TXT gravado com sucesso em: /app/temp/20261005084955-28_sem_os_2/G9C3/G9C3-[9, 10].txt
2026-10-05T08:50:04.156-03:00  INFO 15156 --- [topomanager] [tomcat-handler-7] b.c.s.t.service.IdentificadorService     : ✅ Arquivo TXT gravado com sucesso em: /app/temp/20261005084955-28_sem_os_2/G9C3/G9C3-[9, 11].txt
2026-10-05T08:50:04.157-03:00  INFO 15156 --- [topomanager] [tomcat-handler-7] b.c.s.t.service.IdentificadorService     : ✅ Arquivo TXT gravado com sucesso em: /app/temp/20261005084955-28_sem_os_2/G9C3/G9C3-[9, 14].txt
2026-10-05T08:50:04.157-03:00  INFO 15156 --- [topomanager] [tomcat-handler-7] b.c.s.t.service.IdentificadorService     : ✅ Arquivo TXT gravado com sucesso em: /app/temp/20261005084955-28_sem_os_2/G9C3/G9C3-[9, 18].txt
2026-10-05T08:50:04.158-03:00  INFO 15156 --- [topomanager] [tomcat-handler-7] b.c.s.t.service.IdentificadorService     : ✅ Arquivo TXT gravado com sucesso em: /app/temp/20261005084955-28_sem_os_2/G9C3/G9C3-[9, 20].txt
2026-10-05T08:50:04.158-03:00  INFO 15156 --- [topomanager] [tomcat-handler-7] b.c.s.t.service.IdentificadorService     : ✅ Arquivo TXT gravado com sucesso em: /app/temp/20261005084955-28_sem_os_2/G9C3/G9C3-[9, 23].txt
2026-10-05T08:50:04.159-03:00  INFO 15156 --- [topomanager] [tomcat-handler-7] b.c.s.t.service.IdentificadorService     : ✅ Arquivo TXT gravado com sucesso em: /app/temp/20261005084955-28_sem_os_2/G9C3/G9C3-[9, 25].txt
2026-10-05T08:50:04.160-03:00  INFO 15156 --- [topomanager] [tomcat-handler-7] b.c.s.t.service.IdentificadorService     : ✅ Arquivo TXT gravado com sucesso em: /app/temp/20261005084955-28_sem_os_2/G9C3/G9C3-[10, 11].txt
2026-10-05T08:50:04.161-03:00  INFO 15156 --- [topomanager] [tomcat-handler-7] b.c.s.t.service.IdentificadorService     : ✅ Arquivo TXT gravado com sucesso em: /app/temp/20261005084955-28_sem_os_2/G9C3/G9C3-[10, 14].txt
2026-10-05T08:50:04.161-03:00  INFO 15156 --- [topomanager] [tomcat-handler-7] b.c.s.t.service.IdentificadorService     : ✅ Arquivo TXT gravado com sucesso em: /app/temp/20261005084955-28_sem_os_2/G9C3/G9C3-[10, 18].txt
2026-10-05T08:50:04.162-03:00  INFO 15156 --- [topomanager] [tomcat-handler-7] b.c.s.t.service.IdentificadorService     : ✅ Arquivo TXT gravado com sucesso em: /app/temp/20261005084955-28_sem_os_2/G9C3/G9C3-[10, 20].txt
2026-10-05T08:50:04.163-03:00  INFO 15156 --- [topomanager] [tomcat-handler-7] b.c.s.t.service.IdentificadorService     : ✅ Arquivo TXT gravado com sucesso em: /app/temp/20261005084955-28_sem_os_2/G9C3/G9C3-[10, 23].txt
2026-10-05T08:50:04.163-03:00  INFO 15156 --- [topomanager] [tomcat-handler-7] b.c.s.t.service.IdentificadorService     : ✅ Arquivo TXT gravado com sucesso em: /app/temp/20261005084955-28_sem_os_2/G9C3/G9C3-[10, 25].txt
2026-10-05T08:50:04.164-03:00  INFO 15156 --- [topomanager] [tomcat-handler-7] b.c.s.t.service.IdentificadorService     : ✅ Arquivo TXT gravado com sucesso em: /app/temp/20261005084955-28_sem_os_2/G9C3/G9C3-[11, 14].txt
2026-10-05T08:50:04.164-03:00  INFO 15156 --- [topomanager] [tomcat-handler-7] b.c.s.t.service.IdentificadorService     : ✅ Arquivo TXT gravado com sucesso em: /app/temp/20261005084955-28_sem_os_2/G9C3/G9C3-[11, 18].txt
2026-10-05T08:50:04.165-03:00  INFO 15156 --- [topomanager] [tomcat-handler-7] b.c.s.t.service.IdentificadorService     : ✅ Arquivo TXT gravado com sucesso em: /app/temp/20261005084955-28_sem_os_2/G9C3/G9C3-[11, 20].txt
2026-10-05T08:50:04.166-03:00  INFO 15156 --- [topomanager] [tomcat-handler-7] b.c.s.t.service.IdentificadorService     : ✅ Arquivo TXT gravado com sucesso em: /app/temp/20261005084955-28_sem_os_2/G9C3/G9C3-[11, 23].txt
2026-10-05T08:50:04.166-03:00  INFO 15156 --- [topomanager] [tomcat-handler-7] b.c.s.t.service.IdentificadorService     : ✅ Arquivo TXT gravado com sucesso em: /app/temp/20261005084955-28_sem_os_2/G9C3/G9C3-[11, 25].txt
2026-10-05T08:50:04.167-03:00  INFO 15156 --- [topomanager] [tomcat-handler-7] b.c.s.t.service.IdentificadorService     : ✅ Arquivo TXT gravado com sucesso em: /app/temp/20261005084955-28_sem_os_2/G9C3/G9C3-[14, 18].txt
2026-10-05T08:50:04.168-03:00  INFO 15156 --- [topomanager] [tomcat-handler-7] b.c.s.t.service.IdentificadorService     : ✅ Arquivo TXT gravado com sucesso em: /app/temp/20261005084955-28_sem_os_2/G9C3/G9C3-[14, 20].txt
2026-10-05T08:50:04.169-03:00  INFO 15156 --- [topomanager] [tomcat-handler-7] b.c.s.t.service.IdentificadorService     : ✅ Arquivo TXT gravado com sucesso em: /app/temp/20261005084955-28_sem_os_2/G9C3/G9C3-[14, 23].txt
2026-10-05T08:50:04.169-03:00  INFO 15156 --- [topomanager] [tomcat-handler-7] b.c.s.t.service.IdentificadorService     : ✅ Arquivo TXT gravado com sucesso em: /app/temp/20261005084955-28_sem_os_2/G9C3/G9C3-[14, 25].txt
2026-10-05T08:50:04.170-03:00  INFO 15156 --- [topomanager] [tomcat-handler-7] b.c.s.t.service.IdentificadorService     : ✅ Arquivo TXT gravado com sucesso em: /app/temp/20261005084955-28_sem_os_2/G9C3/G9C3-[18, 20].txt
2026-10-05T08:50:04.170-03:00  INFO 15156 --- [topomanager] [tomcat-handler-7] b.c.s.t.service.IdentificadorService     : ✅ Arquivo TXT gravado com sucesso em: /app/temp/20261005084955-28_sem_os_2/G9C3/G9C3-[18, 23].txt
2026-10-05T08:50:04.172-03:00  INFO 15156 --- [topomanager] [tomcat-handler-7] b.c.s.t.service.IdentificadorService     : ✅ Arquivo TXT gravado com sucesso em: /app/temp/20261005084955-28_sem_os_2/G9C3/G9C3-[18, 25].txt
2026-10-05T08:50:04.172-03:00  INFO 15156 --- [topomanager] [tomcat-handler-7] b.c.s.t.service.IdentificadorService     : ✅ Arquivo TXT gravado com sucesso em: /app/temp/20261005084955-28_sem_os_2/G9C3/G9C3-[20, 23].txt
2026-10-05T08:50:04.173-03:00  INFO 15156 --- [topomanager] [tomcat-handler-7] b.c.s.t.service.IdentificadorService     : ✅ Arquivo TXT gravado com sucesso em: /app/temp/20261005084955-28_sem_os_2/G9C3/G9C3-[20, 25].txt
2026-10-05T08:50:04.173-03:00  INFO 15156 --- [topomanager] [tomcat-handler-7] b.c.s.t.service.IdentificadorService     : ✅ Arquivo TXT gravado com sucesso em: /app/temp/20261005084955-28_sem_os_2/G9C3/G9C3-[23, 25].txt
2026-10-05T08:50:04.174-03:00  INFO 15156 --- [topomanager] [tomcat-handler-7] b.c.s.t.service.IdentificadorService     : ✅ Arquivo TXT gravado com sucesso em: /app/temp/20261005084955-28_sem_os_2/G5C7/G5C7-[2, 3].txt
2026-10-05T08:50:04.174-03:00  INFO 15156 --- [topomanager] [tomcat-handler-7] b.c.s.t.service.IdentificadorService     : ✅ Arquivo TXT gravado com sucesso em: /app/temp/20261005084955-28_sem_os_2/G5C7/G5C7-[2, 5].txt
2026-10-05T08:50:04.175-03:00  INFO 15156 --- [topomanager] [tomcat-handler-7] b.c.s.t.service.IdentificadorService     : ✅ Arquivo TXT gravado com sucesso em: /app/temp/20261005084955-28_sem_os_2/G5C7/G5C7-[2, 6].txt
2026-10-05T08:50:04.176-03:00  INFO 15156 --- [topomanager] [tomcat-handler-7] b.c.s.t.service.IdentificadorService     : ✅ Arquivo TXT gravado com sucesso em: /app/temp/20261005084955-28_sem_os_2/G5C7/G5C7-[2, 9].txt
2026-10-05T08:50:04.176-03:00  INFO 15156 --- [topomanager] [tomcat-handler-7] b.c.s.t.service.IdentificadorService     : ✅ Arquivo TXT gravado com sucesso em: /app/temp/20261005084955-28_sem_os_2/G5C7/G5C7-[2, 10].txt
2026-10-05T08:50:04.178-03:00  INFO 15156 --- [topomanager] [tomcat-handler-7] b.c.s.t.service.IdentificadorService     : ✅ Arquivo TXT gravado com sucesso em: /app/temp/20261005084955-28_sem_os_2/G5C7/G5C7-[2, 13].txt
2026-10-05T08:50:04.179-03:00  INFO 15156 --- [topomanager] [tomcat-handler-7] b.c.s.t.service.IdentificadorService     : ✅ Arquivo TXT gravado com sucesso em: /app/temp/20261005084955-28_sem_os_2/G5C7/G5C7-[2, 14].txt
2026-10-05T08:50:04.180-03:00  INFO 15156 --- [topomanager] [tomcat-handler-7] b.c.s.t.service.IdentificadorService     : ✅ Arquivo TXT gravado com sucesso em: /app/temp/20261005084955-28_sem_os_2/G5C7/G5C7-[2, 18].txt
2026-10-05T08:50:04.180-03:00  INFO 15156 --- [topomanager] [tomcat-handler-7] b.c.s.t.service.IdentificadorService     : ✅ Arquivo TXT gravado com sucesso em: /app/temp/20261005084955-28_sem_os_2/G5C7/G5C7-[2, 23].txt
2026-10-05T08:50:04.181-03:00  INFO 15156 --- [topomanager] [tomcat-handler-7] b.c.s.t.service.IdentificadorService     : ✅ Arquivo TXT gravado com sucesso em: /app/temp/20261005084955-28_sem_os_2/G5C7/G5C7-[2, 24].txt
2026-10-05T08:50:04.181-03:00  INFO 15156 --- [topomanager] [tomcat-handler-7] b.c.s.t.service.IdentificadorService     : ✅ Arquivo TXT gravado com sucesso em: /app/temp/20261005084955-28_sem_os_2/G5C7/G5C7-[3, 5].txt
2026-10-05T08:50:04.182-03:00  INFO 15156 --- [topomanager] [tomcat-handler-7] b.c.s.t.service.IdentificadorService     : ✅ Arquivo TXT gravado com sucesso em: /app/temp/20261005084955-28_sem_os_2/G5C7/G5C7-[3, 6].txt
2026-10-05T08:50:04.183-03:00  INFO 15156 --- [topomanager] [tomcat-handler-7] b.c.s.t.service.IdentificadorService     : ✅ Arquivo TXT gravado com sucesso em: /app/temp/20261005084955-28_sem_os_2/G5C7/G5C7-[3, 9].txt
2026-10-05T08:50:04.184-03:00  INFO 15156 --- [topomanager] [tomcat-handler-7] b.c.s.t.service.IdentificadorService     : ✅ Arquivo TXT gravado com sucesso em: /app/temp/20261005084955-28_sem_os_2/G5C7/G5C7-[3, 10].txt
2026-10-05T08:50:04.185-03:00  INFO 15156 --- [topomanager] [tomcat-handler-7] b.c.s.t.service.IdentificadorService     : ✅ Arquivo TXT gravado com sucesso em: /app/temp/20261005084955-28_sem_os_2/G5C7/G5C7-[3, 13].txt
2026-10-05T08:50:04.186-03:00  INFO 15156 --- [topomanager] [tomcat-handler-7] b.c.s.t.service.IdentificadorService     : ✅ Arquivo TXT gravado com sucesso em: /app/temp/20261005084955-28_sem_os_2/G5C7/G5C7-[3, 14].txt
2026-10-05T08:50:04.187-03:00  INFO 15156 --- [topomanager] [tomcat-handler-7] b.c.s.t.service.IdentificadorService     : ✅ Arquivo TXT gravado com sucesso em: /app/temp/20261005084955-28_sem_os_2/G5C7/G5C7-[3, 18].txt
2026-10-05T08:50:04.187-03:00  INFO 15156 --- [topomanager] [tomcat-handler-7] b.c.s.t.service.IdentificadorService     : ✅ Arquivo TXT gravado com sucesso em: /app/temp/20261005084955-28_sem_os_2/G5C7/G5C7-[3, 23].txt
2026-10-05T08:50:04.188-03:00  INFO 15156 --- [topomanager] [tomcat-handler-7] b.c.s.t.service.IdentificadorService     : ✅ Arquivo TXT gravado com sucesso em: /app/temp/20261005084955-28_sem_os_2/G5C7/G5C7-[3, 24].txt
2026-10-05T08:50:04.189-03:00  INFO 15156 --- [topomanager] [tomcat-handler-7] b.c.s.t.service.IdentificadorService     : ✅ Arquivo TXT gravado com sucesso em: /app/temp/20261005084955-28_sem_os_2/G5C7/G5C7-[5, 6].txt
2026-10-05T08:50:04.189-03:00  INFO 15156 --- [topomanager] [tomcat-handler-7] b.c.s.t.service.IdentificadorService     : ✅ Arquivo TXT gravado com sucesso em: /app/temp/20261005084955-28_sem_os_2/G5C7/G5C7-[5, 9].txt
2026-10-05T08:50:04.190-03:00  INFO 15156 --- [topomanager] [tomcat-handler-7] b.c.s.t.service.IdentificadorService     : ✅ Arquivo TXT gravado com sucesso em: /app/temp/20261005084955-28_sem_os_2/G5C7/G5C7-[5, 10].txt
2026-10-05T08:50:04.190-03:00  INFO 15156 --- [topomanager] [tomcat-handler-7] b.c.s.t.service.IdentificadorService     : ✅ Arquivo TXT gravado com sucesso em: /app/temp/20261005084955-28_sem_os_2/G5C7/G5C7-[5, 13].txt
2026-10-05T08:50:04.191-03:00  INFO 15156 --- [topomanager] [tomcat-handler-7] b.c.s.t.service.IdentificadorService     : ✅ Arquivo TXT gravado com sucesso em: /app/temp/20261005084955-28_sem_os_2/G5C7/G5C7-[5, 14].txt
2026-10-05T08:50:04.191-03:00  INFO 15156 --- [topomanager] [tomcat-handler-7] b.c.s.t.service.IdentificadorService     : ✅ Arquivo TXT gravado com sucesso em: /app/temp/20261005084955-28_sem_os_2/G5C7/G5C7-[5, 18].txt
2026-10-05T08:50:04.192-03:00  INFO 15156 --- [topomanager] [tomcat-handler-7] b.c.s.t.service.IdentificadorService     : ✅ Arquivo TXT gravado com sucesso em: /app/temp/20261005084955-28_sem_os_2/G5C7/G5C7-[5, 23].txt
2026-10-05T08:50:04.193-03:00  INFO 15156 --- [topomanager] [tomcat-handler-7] b.c.s.t.service.IdentificadorService     : ✅ Arquivo TXT gravado com sucesso em: /app/temp/20261005084955-28_sem_os_2/G5C7/G5C7-[5, 24].txt
2026-10-05T08:50:04.193-03:00  INFO 15156 --- [topomanager] [tomcat-handler-7] b.c.s.t.service.IdentificadorService     : ✅ Arquivo TXT gravado com sucesso em: /app/temp/20261005084955-28_sem_os_2/G5C7/G5C7-[6, 9].txt
2026-10-05T08:50:04.194-03:00  INFO 15156 --- [topomanager] [tomcat-handler-7] b.c.s.t.service.IdentificadorService     : ✅ Arquivo TXT gravado com sucesso em: /app/temp/20261005084955-28_sem_os_2/G5C7/G5C7-[6, 10].txt
2026-10-05T08:50:04.194-03:00  INFO 15156 --- [topomanager] [tomcat-handler-7] b.c.s.t.service.IdentificadorService     : ✅ Arquivo TXT gravado com sucesso em: /app/temp/20261005084955-28_sem_os_2/G5C7/G5C7-[6, 13].txt
2026-10-05T08:50:04.195-03:00  INFO 15156 --- [topomanager] [tomcat-handler-7] b.c.s.t.service.IdentificadorService     : ✅ Arquivo TXT gravado com sucesso em: /app/temp/20261005084955-28_sem_os_2/G5C7/G5C7-[6, 14].txt
2026-10-05T08:50:04.196-03:00  INFO 15156 --- [topomanager] [tomcat-handler-7] b.c.s.t.service.IdentificadorService     : ✅ Arquivo TXT gravado com sucesso em: /app/temp/20261005084955-28_sem_os_2/G5C7/G5C7-[6, 18].txt
2026-10-05T08:50:04.196-03:00  INFO 15156 --- [topomanager] [tomcat-handler-7] b.c.s.t.service.IdentificadorService     : ✅ Arquivo TXT gravado com sucesso em: /app/temp/20261005084955-28_sem_os_2/G5C7/G5C7-[6, 23].txt
2026-10-05T08:50:04.197-03:00  INFO 15156 --- [topomanager] [tomcat-handler-7] b.c.s.t.service.IdentificadorService     : ✅ Arquivo TXT gravado com sucesso em: /app/temp/20261005084955-28_sem_os_2/G5C7/G5C7-[6, 24].txt
2026-10-05T08:50:04.198-03:00  INFO 15156 --- [topomanager] [tomcat-handler-7] b.c.s.t.service.IdentificadorService     : ✅ Arquivo TXT gravado com sucesso em: /app/temp/20261005084955-28_sem_os_2/G5C7/G5C7-[9, 10].txt
2026-10-05T08:50:04.198-03:00  INFO 15156 --- [topomanager] [tomcat-handler-7] b.c.s.t.service.IdentificadorService     : ✅ Arquivo TXT gravado com sucesso em: /app/temp/20261005084955-28_sem_os_2/G5C7/G5C7-[9, 13].txt
2026-10-05T08:50:04.199-03:00  INFO 15156 --- [topomanager] [tomcat-handler-7] b.c.s.t.service.IdentificadorService     : ✅ Arquivo TXT gravado com sucesso em: /app/temp/20261005084955-28_sem_os_2/G5C7/G5C7-[9, 14].txt
2026-10-05T08:50:04.200-03:00  INFO 15156 --- [topomanager] [tomcat-handler-7] b.c.s.t.service.IdentificadorService     : ✅ Arquivo TXT gravado com sucesso em: /app/temp/20261005084955-28_sem_os_2/G5C7/G5C7-[9, 18].txt
2026-10-05T08:50:04.200-03:00  INFO 15156 --- [topomanager] [tomcat-handler-7] b.c.s.t.service.IdentificadorService     : ✅ Arquivo TXT gravado com sucesso em: /app/temp/20261005084955-28_sem_os_2/G5C7/G5C7-[9, 23].txt
2026-10-05T08:50:04.201-03:00  INFO 15156 --- [topomanager] [tomcat-handler-7] b.c.s.t.service.IdentificadorService     : ✅ Arquivo TXT gravado com sucesso em: /app/temp/20261005084955-28_sem_os_2/G5C7/G5C7-[9, 24].txt
2026-10-05T08:50:04.202-03:00  INFO 15156 --- [topomanager] [tomcat-handler-7] b.c.s.t.service.IdentificadorService     : ✅ Arquivo TXT gravado com sucesso em: /app/temp/20261005084955-28_sem_os_2/G5C7/G5C7-[10, 13].txt
2026-10-05T08:50:04.202-03:00  INFO 15156 --- [topomanager] [tomcat-handler-7] b.c.s.t.service.IdentificadorService     : ✅ Arquivo TXT gravado com sucesso em: /app/temp/20261005084955-28_sem_os_2/G5C7/G5C7-[10, 14].txt
2026-10-05T08:50:04.204-03:00  INFO 15156 --- [topomanager] [tomcat-handler-7] b.c.s.t.service.IdentificadorService     : ✅ Arquivo TXT gravado com sucesso em: /app/temp/20261005084955-28_sem_os_2/G5C7/G5C7-[10, 18].txt
2026-10-05T08:50:04.205-03:00  INFO 15156 --- [topomanager] [tomcat-handler-7] b.c.s.t.service.IdentificadorService     : ✅ Arquivo TXT gravado com sucesso em: /app/temp/20261005084955-28_sem_os_2/G5C7/G5C7-[10, 23].txt
2026-10-05T08:50:04.205-03:00  INFO 15156 --- [topomanager] [tomcat-handler-7] b.c.s.t.service.IdentificadorService     : ✅ Arquivo TXT gravado com sucesso em: /app/temp/20261005084955-28_sem_os_2/G5C7/G5C7-[10, 24].txt
2026-10-05T08:50:04.206-03:00  INFO 15156 --- [topomanager] [tomcat-handler-7] b.c.s.t.service.IdentificadorService     : ✅ Arquivo TXT gravado com sucesso em: /app/temp/20261005084955-28_sem_os_2/G5C7/G5C7-[13, 14].txt
2026-10-05T08:50:04.207-03:00  INFO 15156 --- [topomanager] [tomcat-handler-7] b.c.s.t.service.IdentificadorService     : ✅ Arquivo TXT gravado com sucesso em: /app/temp/20261005084955-28_sem_os_2/G5C7/G5C7-[13, 18].txt
2026-10-05T08:50:04.208-03:00  INFO 15156 --- [topomanager] [tomcat-handler-7] b.c.s.t.service.IdentificadorService     : ✅ Arquivo TXT gravado com sucesso em: /app/temp/20261005084955-28_sem_os_2/G5C7/G5C7-[13, 23].txt
2026-10-05T08:50:04.208-03:00  INFO 15156 --- [topomanager] [tomcat-handler-7] b.c.s.t.service.IdentificadorService     : ✅ Arquivo TXT gravado com sucesso em: /app/temp/20261005084955-28_sem_os_2/G5C7/G5C7-[13, 24].txt
2026-10-05T08:50:04.209-03:00  INFO 15156 --- [topomanager] [tomcat-handler-7] b.c.s.t.service.IdentificadorService     : ✅ Arquivo TXT gravado com sucesso em: /app/temp/20261005084955-28_sem_os_2/G5C7/G5C7-[14, 18].txt
2026-10-05T08:50:04.209-03:00  INFO 15156 --- [topomanager] [tomcat-handler-7] b.c.s.t.service.IdentificadorService     : ✅ Arquivo TXT gravado com sucesso em: /app/temp/20261005084955-28_sem_os_2/G5C7/G5C7-[14, 23].txt
2026-10-05T08:50:04.210-03:00  INFO 15156 --- [topomanager] [tomcat-handler-7] b.c.s.t.service.IdentificadorService     : ✅ Arquivo TXT gravado com sucesso em: /app/temp/20261005084955-28_sem_os_2/G5C7/G5C7-[14, 24].txt
2026-10-05T08:50:04.210-03:00  INFO 15156 --- [topomanager] [tomcat-handler-7] b.c.s.t.service.IdentificadorService     : ✅ Arquivo TXT gravado com sucesso em: /app/temp/20261005084955-28_sem_os_2/G5C7/G5C7-[18, 23].txt
2026-10-05T08:50:04.211-03:00  INFO 15156 --- [topomanager] [tomcat-handler-7] b.c.s.t.service.IdentificadorService     : ✅ Arquivo TXT gravado com sucesso em: /app/temp/20261005084955-28_sem_os_2/G5C7/G5C7-[18, 24].txt
2026-10-05T08:50:04.212-03:00  INFO 15156 --- [topomanager] [tomcat-handler-7] b.c.s.t.service.IdentificadorService     : ✅ Arquivo TXT gravado com sucesso em: /app/temp/20261005084955-28_sem_os_2/G5C7/G5C7-[23, 24].txt
2026-10-05T08:50:04.212-03:00  INFO 15156 --- [topomanager] [tomcat-handler-7] b.c.s.t.service.IdentificadorService     : ✅ Arquivo TXT gravado com sucesso em: /app/temp/20261005084955-28_sem_os_2/G5C6/G5C6-[2, 3].txt
2026-10-05T08:50:04.213-03:00  INFO 15156 --- [topomanager] [tomcat-handler-7] b.c.s.t.service.IdentificadorService     : ✅ Arquivo TXT gravado com sucesso em: /app/temp/20261005084955-28_sem_os_2/G5C6/G5C6-[2, 5].txt
2026-10-05T08:50:04.215-03:00  INFO 15156 --- [topomanager] [tomcat-handler-7] b.c.s.t.service.IdentificadorService     : ✅ Arquivo TXT gravado com sucesso em: /app/temp/20261005084955-28_sem_os_2/G5C6/G5C6-[2, 6].txt
2026-10-05T08:50:04.215-03:00  INFO 15156 --- [topomanager] [tomcat-handler-7] b.c.s.t.service.IdentificadorService     : ✅ Arquivo TXT gravado com sucesso em: /app/temp/20261005084955-28_sem_os_2/G5C6/G5C6-[2, 11].txt
2026-10-05T08:50:04.216-03:00  INFO 15156 --- [topomanager] [tomcat-handler-7] b.c.s.t.service.IdentificadorService     : ✅ Arquivo TXT gravado com sucesso em: /app/temp/20261005084955-28_sem_os_2/G5C6/G5C6-[2, 13].txt
2026-10-05T08:50:04.217-03:00  INFO 15156 --- [topomanager] [tomcat-handler-7] b.c.s.t.service.IdentificadorService     : ✅ Arquivo TXT gravado com sucesso em: /app/temp/20261005084955-28_sem_os_2/G5C6/G5C6-[2, 14].txt
2026-10-05T08:50:04.217-03:00  INFO 15156 --- [topomanager] [tomcat-handler-7] b.c.s.t.service.IdentificadorService     : ✅ Arquivo TXT gravado com sucesso em: /app/temp/20261005084955-28_sem_os_2/G5C6/G5C6-[2, 18].txt
2026-10-05T08:50:04.218-03:00  INFO 15156 --- [topomanager] [tomcat-handler-7] b.c.s.t.service.IdentificadorService     : ✅ Arquivo TXT gravado com sucesso em: /app/temp/20261005084955-28_sem_os_2/G5C6/G5C6-[2, 20].txt
2026-10-05T08:50:04.219-03:00  INFO 15156 --- [topomanager] [tomcat-handler-7] b.c.s.t.service.IdentificadorService     : ✅ Arquivo TXT gravado com sucesso em: /app/temp/20261005084955-28_sem_os_2/G5C6/G5C6-[2, 23].txt
2026-10-05T08:50:04.219-03:00  INFO 15156 --- [topomanager] [tomcat-handler-7] b.c.s.t.service.IdentificadorService     : ✅ Arquivo TXT gravado com sucesso em: /app/temp/20261005084955-28_sem_os_2/G5C6/G5C6-[2, 24].txt
2026-10-05T08:50:04.220-03:00  INFO 15156 --- [topomanager] [tomcat-handler-7] b.c.s.t.service.IdentificadorService     : ✅ Arquivo TXT gravado com sucesso em: /app/temp/20261005084955-28_sem_os_2/G5C6/G5C6-[3, 5].txt
2026-10-05T08:50:04.220-03:00  INFO 15156 --- [topomanager] [tomcat-handler-7] b.c.s.t.service.IdentificadorService     : ✅ Arquivo TXT gravado com sucesso em: /app/temp/20261005084955-28_sem_os_2/G5C6/G5C6-[3, 6].txt
2026-10-05T08:50:04.221-03:00  INFO 15156 --- [topomanager] [tomcat-handler-7] b.c.s.t.service.IdentificadorService     : ✅ Arquivo TXT gravado com sucesso em: /app/temp/20261005084955-28_sem_os_2/G5C6/G5C6-[3, 11].txt
2026-10-05T08:50:04.222-03:00  INFO 15156 --- [topomanager] [tomcat-handler-7] b.c.s.t.service.IdentificadorService     : ✅ Arquivo TXT gravado com sucesso em: /app/temp/20261005084955-28_sem_os_2/G5C6/G5C6-[3, 13].txt
2026-10-05T08:50:04.222-03:00  INFO 15156 --- [topomanager] [tomcat-handler-7] b.c.s.t.service.IdentificadorService     : ✅ Arquivo TXT gravado com sucesso em: /app/temp/20261005084955-28_sem_os_2/G5C6/G5C6-[3, 14].txt
2026-10-05T08:50:04.223-03:00  INFO 15156 --- [topomanager] [tomcat-handler-7] b.c.s.t.service.IdentificadorService     : ✅ Arquivo TXT gravado com sucesso em: /app/temp/20261005084955-28_sem_os_2/G5C6/G5C6-[3, 18].txt
2026-10-05T08:50:04.223-03:00  INFO 15156 --- [topomanager] [tomcat-handler-7] b.c.s.t.service.IdentificadorService     : ✅ Arquivo TXT gravado com sucesso em: /app/temp/20261005084955-28_sem_os_2/G5C6/G5C6-[3, 20].txt
2026-10-05T08:50:04.224-03:00  INFO 15156 --- [topomanager] [tomcat-handler-7] b.c.s.t.service.IdentificadorService     : ✅ Arquivo TXT gravado com sucesso em: /app/temp/20261005084955-28_sem_os_2/G5C6/G5C6-[3, 23].txt
2026-10-05T08:50:04.224-03:00  INFO 15156 --- [topomanager] [tomcat-handler-7] b.c.s.t.service.IdentificadorService     : ✅ Arquivo TXT gravado com sucesso em: /app/temp/20261005084955-28_sem_os_2/G5C6/G5C6-[3, 24].txt
2026-10-05T08:50:04.225-03:00  INFO 15156 --- [topomanager] [tomcat-handler-7] b.c.s.t.service.IdentificadorService     : ✅ Arquivo TXT gravado com sucesso em: /app/temp/20261005084955-28_sem_os_2/G5C6/G5C6-[5, 6].txt
2026-10-05T08:50:04.226-03:00  INFO 15156 --- [topomanager] [tomcat-handler-7] b.c.s.t.service.IdentificadorService     : ✅ Arquivo TXT gravado com sucesso em: /app/temp/20261005084955-28_sem_os_2/G5C6/G5C6-[5, 11].txt
2026-10-05T08:50:04.226-03:00  INFO 15156 --- [topomanager] [tomcat-handler-7] b.c.s.t.service.IdentificadorService     : ✅ Arquivo TXT gravado com sucesso em: /app/temp/20261005084955-28_sem_os_2/G5C6/G5C6-[5, 13].txt
2026-10-05T08:50:04.227-03:00  INFO 15156 --- [topomanager] [tomcat-handler-7] b.c.s.t.service.IdentificadorService     : ✅ Arquivo TXT gravado com sucesso em: /app/temp/20261005084955-28_sem_os_2/G5C6/G5C6-[5, 14].txt
2026-10-05T08:50:04.227-03:00  INFO 15156 --- [topomanager] [tomcat-handler-7] b.c.s.t.service.IdentificadorService     : ✅ Arquivo TXT gravado com sucesso em: /app/temp/20261005084955-28_sem_os_2/G5C6/G5C6-[5, 18].txt
2026-10-05T08:50:04.228-03:00  INFO 15156 --- [topomanager] [tomcat-handler-7] b.c.s.t.service.IdentificadorService     : ✅ Arquivo TXT gravado com sucesso em: /app/temp/20261005084955-28_sem_os_2/G5C6/G5C6-[5, 20].txt
2026-10-05T08:50:04.228-03:00  INFO 15156 --- [topomanager] [tomcat-handler-7] b.c.s.t.service.IdentificadorService     : ✅ Arquivo TXT gravado com sucesso em: /app/temp/20261005084955-28_sem_os_2/G5C6/G5C6-[5, 23].txt
2026-10-05T08:50:04.229-03:00  INFO 15156 --- [topomanager] [tomcat-handler-7] b.c.s.t.service.IdentificadorService     : ✅ Arquivo TXT gravado com sucesso em: /app/temp/20261005084955-28_sem_os_2/G5C6/G5C6-[5, 24].txt
2026-10-05T08:50:04.230-03:00  INFO 15156 --- [topomanager] [tomcat-handler-7] b.c.s.t.service.IdentificadorService     : ✅ Arquivo TXT gravado com sucesso em: /app/temp/20261005084955-28_sem_os_2/G5C6/G5C6-[6, 11].txt
2026-10-05T08:50:04.233-03:00  INFO 15156 --- [topomanager] [tomcat-handler-7] b.c.s.t.service.IdentificadorService     : ✅ Arquivo TXT gravado com sucesso em: /app/temp/20261005084955-28_sem_os_2/G5C6/G5C6-[6, 13].txt
2026-10-05T08:50:04.234-03:00  INFO 15156 --- [topomanager] [tomcat-handler-7] b.c.s.t.service.IdentificadorService     : ✅ Arquivo TXT gravado com sucesso em: /app/temp/20261005084955-28_sem_os_2/G5C6/G5C6-[6, 14].txt
2026-10-05T08:50:04.234-03:00  INFO 15156 --- [topomanager] [tomcat-handler-7] b.c.s.t.service.IdentificadorService     : ✅ Arquivo TXT gravado com sucesso em: /app/temp/20261005084955-28_sem_os_2/G5C6/G5C6-[6, 18].txt
2026-10-05T08:50:04.247-03:00  INFO 15156 --- [topomanager] [tomcat-handler-7] b.c.s.t.service.IdentificadorService     : ✅ Arquivo TXT gravado com sucesso em: /app/temp/20261005084955-28_sem_os_2/G5C6/G5C6-[6, 20].txt
2026-10-05T08:50:04.248-03:00  INFO 15156 --- [topomanager] [tomcat-handler-7] b.c.s.t.service.IdentificadorService     : ✅ Arquivo TXT gravado com sucesso em: /app/temp/20261005084955-28_sem_os_2/G5C6/G5C6-[6, 23].txt
2026-10-05T08:50:04.251-03:00  INFO 15156 --- [topomanager] [tomcat-handler-7] b.c.s.t.service.IdentificadorService     : ✅ Arquivo TXT gravado com sucesso em: /app/temp/20261005084955-28_sem_os_2/G5C6/G5C6-[6, 24].txt
2026-10-05T08:50:04.276-03:00  INFO 15156 --- [topomanager] [tomcat-handler-7] b.c.s.t.service.IdentificadorService     : ✅ Arquivo TXT gravado com sucesso em: /app/temp/20261005084955-28_sem_os_2/G5C6/G5C6-[11, 13].txt
2026-10-05T08:50:04.277-03:00  INFO 15156 --- [topomanager] [tomcat-handler-7] b.c.s.t.service.IdentificadorService     : ✅ Arquivo TXT gravado com sucesso em: /app/temp/20261005084955-28_sem_os_2/G5C6/G5C6-[11, 14].txt
2026-10-05T08:50:04.277-03:00  INFO 15156 --- [topomanager] [tomcat-handler-7] b.c.s.t.service.IdentificadorService     : ✅ Arquivo TXT gravado com sucesso em: /app/temp/20261005084955-28_sem_os_2/G5C6/G5C6-[11, 18].txt
2026-10-05T08:50:04.282-03:00  INFO 15156 --- [topomanager] [tomcat-handler-7] b.c.s.t.service.IdentificadorService     : ✅ Arquivo TXT gravado com sucesso em: /app/temp/20261005084955-28_sem_os_2/G5C6/G5C6-[11, 20].txt
2026-10-05T08:50:04.282-03:00  INFO 15156 --- [topomanager] [tomcat-handler-7] b.c.s.t.service.IdentificadorService     : ✅ Arquivo TXT gravado com sucesso em: /app/temp/20261005084955-28_sem_os_2/G5C6/G5C6-[11, 23].txt
2026-10-05T08:50:04.335-03:00  INFO 15156 --- [topomanager] [tomcat-handler-7] b.c.s.t.service.IdentificadorService     : ✅ Arquivo TXT gravado com sucesso em: /app/temp/20261005084955-28_sem_os_2/G5C6/G5C6-[11, 24].txt
2026-10-05T08:50:04.336-03:00  INFO 15156 --- [topomanager] [tomcat-handler-7] b.c.s.t.service.IdentificadorService     : ✅ Arquivo TXT gravado com sucesso em: /app/temp/20261005084955-28_sem_os_2/G5C6/G5C6-[13, 14].txt
2026-10-05T08:50:04.337-03:00  INFO 15156 --- [topomanager] [tomcat-handler-7] b.c.s.t.service.IdentificadorService     : ✅ Arquivo TXT gravado com sucesso em: /app/temp/20261005084955-28_sem_os_2/G5C6/G5C6-[13, 18].txt
2026-10-05T08:50:04.338-03:00  INFO 15156 --- [topomanager] [tomcat-handler-7] b.c.s.t.service.IdentificadorService     : ✅ Arquivo TXT gravado com sucesso em: /app/temp/20261005084955-28_sem_os_2/G5C6/G5C6-[13, 20].txt
2026-10-05T08:50:04.339-03:00  INFO 15156 --- [topomanager] [tomcat-handler-7] b.c.s.t.service.IdentificadorService     : ✅ Arquivo TXT gravado com sucesso em: /app/temp/20261005084955-28_sem_os_2/G5C6/G5C6-[13, 23].txt
2026-10-05T08:50:04.339-03:00  INFO 15156 --- [topomanager] [tomcat-handler-7] b.c.s.t.service.IdentificadorService     : ✅ Arquivo TXT gravado com sucesso em: /app/temp/20261005084955-28_sem_os_2/G5C6/G5C6-[13, 24].txt
2026-10-05T08:50:04.340-03:00  INFO 15156 --- [topomanager] [tomcat-handler-7] b.c.s.t.service.IdentificadorService     : ✅ Arquivo TXT gravado com sucesso em: /app/temp/20261005084955-28_sem_os_2/G5C6/G5C6-[14, 18].txt
2026-10-05T08:50:04.341-03:00  INFO 15156 --- [topomanager] [tomcat-handler-7] b.c.s.t.service.IdentificadorService     : ✅ Arquivo TXT gravado com sucesso em: /app/temp/20261005084955-28_sem_os_2/G5C6/G5C6-[14, 20].txt
2026-10-05T08:50:04.342-03:00  INFO 15156 --- [topomanager] [tomcat-handler-7] b.c.s.t.service.IdentificadorService     : ✅ Arquivo TXT gravado com sucesso em: /app/temp/20261005084955-28_sem_os_2/G5C6/G5C6-[14, 23].txt
2026-10-05T08:50:04.342-03:00  INFO 15156 --- [topomanager] [tomcat-handler-7] b.c.s.t.service.IdentificadorService     : ✅ Arquivo TXT gravado com sucesso em: /app/temp/20261005084955-28_sem_os_2/G5C6/G5C6-[14, 24].txt
2026-10-05T08:50:04.343-03:00  INFO 15156 --- [topomanager] [tomcat-handler-7] b.c.s.t.service.IdentificadorService     : ✅ Arquivo TXT gravado com sucesso em: /app/temp/20261005084955-28_sem_os_2/G5C6/G5C6-[18, 20].txt
2026-10-05T08:50:04.344-03:00  INFO 15156 --- [topomanager] [tomcat-handler-7] b.c.s.t.service.IdentificadorService     : ✅ Arquivo TXT gravado com sucesso em: /app/temp/20261005084955-28_sem_os_2/G5C6/G5C6-[18, 23].txt
2026-10-05T08:50:04.345-03:00  INFO 15156 --- [topomanager] [tomcat-handler-7] b.c.s.t.service.IdentificadorService     : ✅ Arquivo TXT gravado com sucesso em: /app/temp/20261005084955-28_sem_os_2/G5C6/G5C6-[18, 24].txt
2026-10-05T08:50:04.346-03:00  INFO 15156 --- [topomanager] [tomcat-handler-7] b.c.s.t.service.IdentificadorService     : ✅ Arquivo TXT gravado com sucesso em: /app/temp/20261005084955-28_sem_os_2/G5C6/G5C6-[20, 23].txt
2026-10-05T08:50:04.347-03:00  INFO 15156 --- [topomanager] [tomcat-handler-7] b.c.s.t.service.IdentificadorService     : ✅ Arquivo TXT gravado com sucesso em: /app/temp/20261005084955-28_sem_os_2/G5C6/G5C6-[20, 24].txt
2026-10-05T08:50:04.348-03:00  INFO 15156 --- [topomanager] [tomcat-handler-7] b.c.s.t.service.IdentificadorService     : ✅ Arquivo TXT gravado com sucesso em: /app/temp/20261005084955-28_sem_os_2/G5C6/G5C6-[23, 24].txt
2026-10-05T08:50:04.348-03:00  INFO 15156 --- [topomanager] [tomcat-handler-7] b.c.s.t.service.IdentificadorService     : ✅ Arquivo TXT gravado com sucesso em: /app/temp/20261005084955-28_sem_os_2/G5C9/G5C9-[2, 3].txt
2026-10-05T08:50:04.349-03:00  INFO 15156 --- [topomanager] [tomcat-handler-7] b.c.s.t.service.IdentificadorService     : ✅ Arquivo TXT gravado com sucesso em: /app/temp/20261005084955-28_sem_os_2/G5C9/G5C9-[2, 6].txt
2026-10-05T08:50:04.350-03:00  INFO 15156 --- [topomanager] [tomcat-handler-7] b.c.s.t.service.IdentificadorService     : ✅ Arquivo TXT gravado com sucesso em: /app/temp/20261005084955-28_sem_os_2/G5C9/G5C9-[2, 9].txt
2026-10-05T08:50:04.351-03:00  INFO 15156 --- [topomanager] [tomcat-handler-7] b.c.s.t.service.IdentificadorService     : ✅ Arquivo TXT gravado com sucesso em: /app/temp/20261005084955-28_sem_os_2/G5C9/G5C9-[2, 10].txt
2026-10-05T08:50:04.352-03:00  INFO 15156 --- [topomanager] [tomcat-handler-7] b.c.s.t.service.IdentificadorService     : ✅ Arquivo TXT gravado com sucesso em: /app/temp/20261005084955-28_sem_os_2/G5C9/G5C9-[2, 11].txt
2026-10-05T08:50:04.353-03:00  INFO 15156 --- [topomanager] [tomcat-handler-7] b.c.s.t.service.IdentificadorService     : ✅ Arquivo TXT gravado com sucesso em: /app/temp/20261005084955-28_sem_os_2/G5C9/G5C9-[2, 14].txt
2026-10-05T08:50:04.354-03:00  INFO 15156 --- [topomanager] [tomcat-handler-7] b.c.s.t.service.IdentificadorService     : ✅ Arquivo TXT gravado com sucesso em: /app/temp/20261005084955-28_sem_os_2/G5C9/G5C9-[2, 18].txt
2026-10-05T08:50:04.355-03:00  INFO 15156 --- [topomanager] [tomcat-handler-7] b.c.s.t.service.IdentificadorService     : ✅ Arquivo TXT gravado com sucesso em: /app/temp/20261005084955-28_sem_os_2/G5C9/G5C9-[2, 20].txt
2026-10-05T08:50:04.355-03:00  INFO 15156 --- [topomanager] [tomcat-handler-7] b.c.s.t.service.IdentificadorService     : ✅ Arquivo TXT gravado com sucesso em: /app/temp/20261005084955-28_sem_os_2/G5C9/G5C9-[2, 23].txt
2026-10-05T08:50:04.356-03:00  INFO 15156 --- [topomanager] [tomcat-handler-7] b.c.s.t.service.IdentificadorService     : ✅ Arquivo TXT gravado com sucesso em: /app/temp/20261005084955-28_sem_os_2/G5C9/G5C9-[2, 24].txt
2026-10-05T08:50:04.357-03:00  INFO 15156 --- [topomanager] [tomcat-handler-7] b.c.s.t.service.IdentificadorService     : ✅ Arquivo TXT gravado com sucesso em: /app/temp/20261005084955-28_sem_os_2/G5C9/G5C9-[3, 6].txt
2026-10-05T08:50:04.358-03:00  INFO 15156 --- [topomanager] [tomcat-handler-7] b.c.s.t.service.IdentificadorService     : ✅ Arquivo TXT gravado com sucesso em: /app/temp/20261005084955-28_sem_os_2/G5C9/G5C9-[3, 9].txt
2026-10-05T08:50:04.359-03:00  INFO 15156 --- [topomanager] [tomcat-handler-7] b.c.s.t.service.IdentificadorService     : ✅ Arquivo TXT gravado com sucesso em: /app/temp/20261005084955-28_sem_os_2/G5C9/G5C9-[3, 10].txt
2026-10-05T08:50:04.360-03:00  INFO 15156 --- [topomanager] [tomcat-handler-7] b.c.s.t.service.IdentificadorService     : ✅ Arquivo TXT gravado com sucesso em: /app/temp/20261005084955-28_sem_os_2/G5C9/G5C9-[3, 11].txt
2026-10-05T08:50:04.361-03:00  INFO 15156 --- [topomanager] [tomcat-handler-7] b.c.s.t.service.IdentificadorService     : ✅ Arquivo TXT gravado com sucesso em: /app/temp/20261005084955-28_sem_os_2/G5C9/G5C9-[3, 14].txt
2026-10-05T08:50:04.361-03:00  INFO 15156 --- [topomanager] [tomcat-handler-7] b.c.s.t.service.IdentificadorService     : ✅ Arquivo TXT gravado com sucesso em: /app/temp/20261005084955-28_sem_os_2/G5C9/G5C9-[3, 18].txt
2026-10-05T08:50:04.362-03:00  INFO 15156 --- [topomanager] [tomcat-handler-7] b.c.s.t.service.IdentificadorService     : ✅ Arquivo TXT gravado com sucesso em: /app/temp/20261005084955-28_sem_os_2/G5C9/G5C9-[3, 20].txt
2026-10-05T08:50:04.363-03:00  INFO 15156 --- [topomanager] [tomcat-handler-7] b.c.s.t.service.IdentificadorService     : ✅ Arquivo TXT gravado com sucesso em: /app/temp/20261005084955-28_sem_os_2/G5C9/G5C9-[3, 23].txt
2026-10-05T08:50:04.364-03:00  INFO 15156 --- [topomanager] [tomcat-handler-7] b.c.s.t.service.IdentificadorService     : ✅ Arquivo TXT gravado com sucesso em: /app/temp/20261005084955-28_sem_os_2/G5C9/G5C9-[3, 24].txt
2026-10-05T08:50:04.364-03:00  INFO 15156 --- [topomanager] [tomcat-handler-7] b.c.s.t.service.IdentificadorService     : ✅ Arquivo TXT gravado com sucesso em: /app/temp/20261005084955-28_sem_os_2/G5C9/G5C9-[6, 9].txt
2026-10-05T08:50:04.365-03:00  INFO 15156 --- [topomanager] [tomcat-handler-7] b.c.s.t.service.IdentificadorService     : ✅ Arquivo TXT gravado com sucesso em: /app/temp/20261005084955-28_sem_os_2/G5C9/G5C9-[6, 10].txt
2026-10-05T08:50:04.365-03:00  INFO 15156 --- [topomanager] [tomcat-handler-7] b.c.s.t.service.IdentificadorService     : ✅ Arquivo TXT gravado com sucesso em: /app/temp/20261005084955-28_sem_os_2/G5C9/G5C9-[6, 11].txt
2026-10-05T08:50:04.366-03:00  INFO 15156 --- [topomanager] [tomcat-handler-7] b.c.s.t.service.IdentificadorService     : ✅ Arquivo TXT gravado com sucesso em: /app/temp/20261005084955-28_sem_os_2/G5C9/G5C9-[6, 14].txt
2026-10-05T08:50:04.367-03:00  INFO 15156 --- [topomanager] [tomcat-handler-7] b.c.s.t.service.IdentificadorService     : ✅ Arquivo TXT gravado com sucesso em: /app/temp/20261005084955-28_sem_os_2/G5C9/G5C9-[6, 18].txt
2026-10-05T08:50:04.368-03:00  INFO 15156 --- [topomanager] [tomcat-handler-7] b.c.s.t.service.IdentificadorService     : ✅ Arquivo TXT gravado com sucesso em: /app/temp/20261005084955-28_sem_os_2/G5C9/G5C9-[6, 20].txt
2026-10-05T08:50:04.369-03:00  INFO 15156 --- [topomanager] [tomcat-handler-7] b.c.s.t.service.IdentificadorService     : ✅ Arquivo TXT gravado com sucesso em: /app/temp/20261005084955-28_sem_os_2/G5C9/G5C9-[6, 23].txt
2026-10-05T08:50:04.370-03:00  INFO 15156 --- [topomanager] [tomcat-handler-7] b.c.s.t.service.IdentificadorService     : ✅ Arquivo TXT gravado com sucesso em: /app/temp/20261005084955-28_sem_os_2/G5C9/G5C9-[6, 24].txt
2026-10-05T08:50:04.370-03:00  INFO 15156 --- [topomanager] [tomcat-handler-7] b.c.s.t.service.IdentificadorService     : ✅ Arquivo TXT gravado com sucesso em: /app/temp/20261005084955-28_sem_os_2/G5C9/G5C9-[9, 10].txt
2026-10-05T08:50:04.372-03:00  INFO 15156 --- [topomanager] [tomcat-handler-7] b.c.s.t.service.IdentificadorService     : ✅ Arquivo TXT gravado com sucesso em: /app/temp/20261005084955-28_sem_os_2/G5C9/G5C9-[9, 11].txt
2026-10-05T08:50:04.374-03:00  INFO 15156 --- [topomanager] [tomcat-handler-7] b.c.s.t.service.IdentificadorService     : ✅ Arquivo TXT gravado com sucesso em: /app/temp/20261005084955-28_sem_os_2/G5C9/G5C9-[9, 14].txt
2026-10-05T08:50:04.375-03:00  INFO 15156 --- [topomanager] [tomcat-handler-7] b.c.s.t.service.IdentificadorService     : ✅ Arquivo TXT gravado com sucesso em: /app/temp/20261005084955-28_sem_os_2/G5C9/G5C9-[9, 18].txt
2026-10-05T08:50:04.376-03:00  INFO 15156 --- [topomanager] [tomcat-handler-7] b.c.s.t.service.IdentificadorService     : ✅ Arquivo TXT gravado com sucesso em: /app/temp/20261005084955-28_sem_os_2/G5C9/G5C9-[9, 20].txt
2026-10-05T08:50:04.376-03:00  INFO 15156 --- [topomanager] [tomcat-handler-7] b.c.s.t.service.IdentificadorService     : ✅ Arquivo TXT gravado com sucesso em: /app/temp/20261005084955-28_sem_os_2/G5C9/G5C9-[9, 23].txt
2026-10-05T08:50:04.379-03:00  INFO 15156 --- [topomanager] [tomcat-handler-7] b.c.s.t.service.IdentificadorService     : ✅ Arquivo TXT gravado com sucesso em: /app/temp/20261005084955-28_sem_os_2/G5C9/G5C9-[9, 24].txt
2026-10-05T08:50:04.380-03:00  INFO 15156 --- [topomanager] [tomcat-handler-7] b.c.s.t.service.IdentificadorService     : ✅ Arquivo TXT gravado com sucesso em: /app/temp/20261005084955-28_sem_os_2/G5C9/G5C9-[10, 11].txt
2026-10-05T08:50:04.381-03:00  INFO 15156 --- [topomanager] [tomcat-handler-7] b.c.s.t.service.IdentificadorService     : ✅ Arquivo TXT gravado com sucesso em: /app/temp/20261005084955-28_sem_os_2/G5C9/G5C9-[10, 14].txt
2026-10-05T08:50:04.381-03:00  INFO 15156 --- [topomanager] [tomcat-handler-7] b.c.s.t.service.IdentificadorService     : ✅ Arquivo TXT gravado com sucesso em: /app/temp/20261005084955-28_sem_os_2/G5C9/G5C9-[10, 18].txt
2026-10-05T08:50:04.382-03:00  INFO 15156 --- [topomanager] [tomcat-handler-7] b.c.s.t.service.IdentificadorService     : ✅ Arquivo TXT gravado com sucesso em: /app/temp/20261005084955-28_sem_os_2/G5C9/G5C9-[10, 20].txt
2026-10-05T08:50:04.383-03:00  INFO 15156 --- [topomanager] [tomcat-handler-7] b.c.s.t.service.IdentificadorService     : ✅ Arquivo TXT gravado com sucesso em: /app/temp/20261005084955-28_sem_os_2/G5C9/G5C9-[10, 23].txt
2026-10-05T08:50:04.383-03:00  INFO 15156 --- [topomanager] [tomcat-handler-7] b.c.s.t.service.IdentificadorService     : ✅ Arquivo TXT gravado com sucesso em: /app/temp/20261005084955-28_sem_os_2/G5C9/G5C9-[10, 24].txt
2026-10-05T08:50:04.384-03:00  INFO 15156 --- [topomanager] [tomcat-handler-7] b.c.s.t.service.IdentificadorService     : ✅ Arquivo TXT gravado com sucesso em: /app/temp/20261005084955-28_sem_os_2/G5C9/G5C9-[11, 14].txt
2026-10-05T08:50:04.385-03:00  INFO 15156 --- [topomanager] [tomcat-handler-7] b.c.s.t.service.IdentificadorService     : ✅ Arquivo TXT gravado com sucesso em: /app/temp/20261005084955-28_sem_os_2/G5C9/G5C9-[11, 18].txt
2026-10-05T08:50:04.386-03:00  INFO 15156 --- [topomanager] [tomcat-handler-7] b.c.s.t.service.IdentificadorService     : ✅ Arquivo TXT gravado com sucesso em: /app/temp/20261005084955-28_sem_os_2/G5C9/G5C9-[11, 20].txt
2026-10-05T08:50:04.387-03:00  INFO 15156 --- [topomanager] [tomcat-handler-7] b.c.s.t.service.IdentificadorService     : ✅ Arquivo TXT gravado com sucesso em: /app/temp/20261005084955-28_sem_os_2/G5C9/G5C9-[11, 23].txt
2026-10-05T08:50:04.388-03:00  INFO 15156 --- [topomanager] [tomcat-handler-7] b.c.s.t.service.IdentificadorService     : ✅ Arquivo TXT gravado com sucesso em: /app/temp/20261005084955-28_sem_os_2/G5C9/G5C9-[11, 24].txt
2026-10-05T08:50:04.388-03:00  INFO 15156 --- [topomanager] [tomcat-handler-7] b.c.s.t.service.IdentificadorService     : ✅ Arquivo TXT gravado com sucesso em: /app/temp/20261005084955-28_sem_os_2/G5C9/G5C9-[14, 18].txt
2026-10-05T08:50:04.389-03:00  INFO 15156 --- [topomanager] [tomcat-handler-7] b.c.s.t.service.IdentificadorService     : ✅ Arquivo TXT gravado com sucesso em: /app/temp/20261005084955-28_sem_os_2/G5C9/G5C9-[14, 20].txt
2026-10-05T08:50:04.390-03:00  INFO 15156 --- [topomanager] [tomcat-handler-7] b.c.s.t.service.IdentificadorService     : ✅ Arquivo TXT gravado com sucesso em: /app/temp/20261005084955-28_sem_os_2/G5C9/G5C9-[14, 23].txt
2026-10-05T08:50:04.391-03:00  INFO 15156 --- [topomanager] [tomcat-handler-7] b.c.s.t.service.IdentificadorService     : ✅ Arquivo TXT gravado com sucesso em: /app/temp/20261005084955-28_sem_os_2/G5C9/G5C9-[14, 24].txt
2026-10-05T08:50:04.391-03:00  INFO 15156 --- [topomanager] [tomcat-handler-7] b.c.s.t.service.IdentificadorService     : ✅ Arquivo TXT gravado com sucesso em: /app/temp/20261005084955-28_sem_os_2/G5C9/G5C9-[18, 20].txt
2026-10-05T08:50:04.392-03:00  INFO 15156 --- [topomanager] [tomcat-handler-7] b.c.s.t.service.IdentificadorService     : ✅ Arquivo TXT gravado com sucesso em: /app/temp/20261005084955-28_sem_os_2/G5C9/G5C9-[18, 23].txt
2026-10-05T08:50:04.393-03:00  INFO 15156 --- [topomanager] [tomcat-handler-7] b.c.s.t.service.IdentificadorService     : ✅ Arquivo TXT gravado com sucesso em: /app/temp/20261005084955-28_sem_os_2/G5C9/G5C9-[18, 24].txt
2026-10-05T08:50:04.394-03:00  INFO 15156 --- [topomanager] [tomcat-handler-7] b.c.s.t.service.IdentificadorService     : ✅ Arquivo TXT gravado com sucesso em: /app/temp/20261005084955-28_sem_os_2/G5C9/G5C9-[20, 23].txt
2026-10-05T08:50:04.394-03:00  INFO 15156 --- [topomanager] [tomcat-handler-7] b.c.s.t.service.IdentificadorService     : ✅ Arquivo TXT gravado com sucesso em: /app/temp/20261005084955-28_sem_os_2/G5C9/G5C9-[20, 24].txt
2026-10-05T08:50:04.395-03:00  INFO 15156 --- [topomanager] [tomcat-handler-7] b.c.s.t.service.IdentificadorService     : ✅ Arquivo TXT gravado com sucesso em: /app/temp/20261005084955-28_sem_os_2/G5C9/G5C9-[23, 24].txt
2026-10-05T08:50:04.395-03:00  INFO 15156 --- [topomanager] [tomcat-handler-7] b.c.s.t.service.IdentificadorService     : ✅ Arquivo TXT gravado com sucesso em: /app/temp/20261005084955-28_sem_os_2/G15C1/G15C1-[3, 6].txt
2026-10-05T08:50:04.396-03:00  INFO 15156 --- [topomanager] [tomcat-handler-7] b.c.s.t.service.IdentificadorService     : ✅ Arquivo TXT gravado com sucesso em: /app/temp/20261005084955-28_sem_os_2/G15C1/G15C1-[3, 9].txt
2026-10-05T08:50:04.397-03:00  INFO 15156 --- [topomanager] [tomcat-handler-7] b.c.s.t.service.IdentificadorService     : ✅ Arquivo TXT gravado com sucesso em: /app/temp/20261005084955-28_sem_os_2/G15C1/G15C1-[3, 10].txt
2026-10-05T08:50:04.397-03:00  INFO 15156 --- [topomanager] [tomcat-handler-7] b.c.s.t.service.IdentificadorService     : ✅ Arquivo TXT gravado com sucesso em: /app/temp/20261005084955-28_sem_os_2/G15C1/G15C1-[3, 11].txt
2026-10-05T08:50:04.398-03:00  INFO 15156 --- [topomanager] [tomcat-handler-7] b.c.s.t.service.IdentificadorService     : ✅ Arquivo TXT gravado com sucesso em: /app/temp/20261005084955-28_sem_os_2/G15C1/G15C1-[3, 14].txt
2026-10-05T08:50:04.399-03:00  INFO 15156 --- [topomanager] [tomcat-handler-7] b.c.s.t.service.IdentificadorService     : ✅ Arquivo TXT gravado com sucesso em: /app/temp/20261005084955-28_sem_os_2/G15C1/G15C1-[3, 16].txt
2026-10-05T08:50:04.400-03:00  INFO 15156 --- [topomanager] [tomcat-handler-7] b.c.s.t.service.IdentificadorService     : ✅ Arquivo TXT gravado com sucesso em: /app/temp/20261005084955-28_sem_os_2/G15C1/G15C1-[3, 18].txt
2026-10-05T08:50:04.402-03:00  INFO 15156 --- [topomanager] [tomcat-handler-7] b.c.s.t.service.IdentificadorService     : ✅ Arquivo TXT gravado com sucesso em: /app/temp/20261005084955-28_sem_os_2/G15C1/G15C1-[3, 20].txt
2026-10-05T08:50:04.403-03:00  INFO 15156 --- [topomanager] [tomcat-handler-7] b.c.s.t.service.IdentificadorService     : ✅ Arquivo TXT gravado com sucesso em: /app/temp/20261005084955-28_sem_os_2/G15C1/G15C1-[3, 23].txt
2026-10-05T08:50:04.403-03:00  INFO 15156 --- [topomanager] [tomcat-handler-7] b.c.s.t.service.IdentificadorService     : ✅ Arquivo TXT gravado com sucesso em: /app/temp/20261005084955-28_sem_os_2/G15C1/G15C1-[3, 24].txt
2026-10-05T08:50:04.413-03:00  INFO 15156 --- [topomanager] [tomcat-handler-7] b.c.s.t.service.IdentificadorService     : ✅ Arquivo TXT gravado com sucesso em: /app/temp/20261005084955-28_sem_os_2/G15C1/G15C1-[6, 9].txt
2026-10-05T08:50:04.414-03:00  INFO 15156 --- [topomanager] [tomcat-handler-7] b.c.s.t.service.IdentificadorService     : ✅ Arquivo TXT gravado com sucesso em: /app/temp/20261005084955-28_sem_os_2/G15C1/G15C1-[6, 10].txt
2026-10-05T08:50:04.415-03:00  INFO 15156 --- [topomanager] [tomcat-handler-7] b.c.s.t.service.IdentificadorService     : ✅ Arquivo TXT gravado com sucesso em: /app/temp/20261005084955-28_sem_os_2/G15C1/G15C1-[6, 11].txt
2026-10-05T08:50:04.416-03:00  INFO 15156 --- [topomanager] [tomcat-handler-7] b.c.s.t.service.IdentificadorService     : ✅ Arquivo TXT gravado com sucesso em: /app/temp/20261005084955-28_sem_os_2/G15C1/G15C1-[6, 14].txt
2026-10-05T08:50:04.416-03:00  INFO 15156 --- [topomanager] [tomcat-handler-7] b.c.s.t.service.IdentificadorService     : ✅ Arquivo TXT gravado com sucesso em: /app/temp/20261005084955-28_sem_os_2/G15C1/G15C1-[6, 16].txt
2026-10-05T08:50:04.417-03:00  INFO 15156 --- [topomanager] [tomcat-handler-7] b.c.s.t.service.IdentificadorService     : ✅ Arquivo TXT gravado com sucesso em: /app/temp/20261005084955-28_sem_os_2/G15C1/G15C1-[6, 18].txt
2026-10-05T08:50:04.418-03:00  INFO 15156 --- [topomanager] [tomcat-handler-7] b.c.s.t.service.IdentificadorService     : ✅ Arquivo TXT gravado com sucesso em: /app/temp/20261005084955-28_sem_os_2/G15C1/G15C1-[6, 20].txt
2026-10-05T08:50:04.418-03:00  INFO 15156 --- [topomanager] [tomcat-handler-7] b.c.s.t.service.IdentificadorService     : ✅ Arquivo TXT gravado com sucesso em: /app/temp/20261005084955-28_sem_os_2/G15C1/G15C1-[6, 23].txt
2026-10-05T08:50:04.419-03:00  INFO 15156 --- [topomanager] [tomcat-handler-7] b.c.s.t.service.IdentificadorService     : ✅ Arquivo TXT gravado com sucesso em: /app/temp/20261005084955-28_sem_os_2/G15C1/G15C1-[6, 24].txt
2026-10-05T08:50:04.419-03:00  INFO 15156 --- [topomanager] [tomcat-handler-7] b.c.s.t.service.IdentificadorService     : ✅ Arquivo TXT gravado com sucesso em: /app/temp/20261005084955-28_sem_os_2/G15C1/G15C1-[9, 10].txt
2026-10-05T08:50:04.420-03:00  INFO 15156 --- [topomanager] [tomcat-handler-7] b.c.s.t.service.IdentificadorService     : ✅ Arquivo TXT gravado com sucesso em: /app/temp/20261005084955-28_sem_os_2/G15C1/G15C1-[9, 11].txt
2026-10-05T08:50:04.421-03:00  INFO 15156 --- [topomanager] [tomcat-handler-7] b.c.s.t.service.IdentificadorService     : ✅ Arquivo TXT gravado com sucesso em: /app/temp/20261005084955-28_sem_os_2/G15C1/G15C1-[9, 14].txt
2026-10-05T08:50:04.424-03:00  INFO 15156 --- [topomanager] [tomcat-handler-7] b.c.s.t.service.IdentificadorService     : ✅ Arquivo TXT gravado com sucesso em: /app/temp/20261005084955-28_sem_os_2/G15C1/G15C1-[9, 16].txt
2026-10-05T08:50:04.424-03:00  INFO 15156 --- [topomanager] [tomcat-handler-7] b.c.s.t.service.IdentificadorService     : ✅ Arquivo TXT gravado com sucesso em: /app/temp/20261005084955-28_sem_os_2/G15C1/G15C1-[9, 18].txt
2026-10-05T08:50:04.425-03:00  INFO 15156 --- [topomanager] [tomcat-handler-7] b.c.s.t.service.IdentificadorService     : ✅ Arquivo TXT gravado com sucesso em: /app/temp/20261005084955-28_sem_os_2/G15C1/G15C1-[9, 20].txt
2026-10-05T08:50:04.426-03:00  INFO 15156 --- [topomanager] [tomcat-handler-7] b.c.s.t.service.IdentificadorService     : ✅ Arquivo TXT gravado com sucesso em: /app/temp/20261005084955-28_sem_os_2/G15C1/G15C1-[9, 23].txt
2026-10-05T08:50:04.426-03:00  INFO 15156 --- [topomanager] [tomcat-handler-7] b.c.s.t.service.IdentificadorService     : ✅ Arquivo TXT gravado com sucesso em: /app/temp/20261005084955-28_sem_os_2/G15C1/G15C1-[9, 24].txt
2026-10-05T08:50:04.427-03:00  INFO 15156 --- [topomanager] [tomcat-handler-7] b.c.s.t.service.IdentificadorService     : ✅ Arquivo TXT gravado com sucesso em: /app/temp/20261005084955-28_sem_os_2/G15C1/G15C1-[10, 11].txt
2026-10-05T08:50:04.428-03:00  INFO 15156 --- [topomanager] [tomcat-handler-7] b.c.s.t.service.IdentificadorService     : ✅ Arquivo TXT gravado com sucesso em: /app/temp/20261005084955-28_sem_os_2/G15C1/G15C1-[10, 14].txt
2026-10-05T08:50:04.428-03:00  INFO 15156 --- [topomanager] [tomcat-handler-7] b.c.s.t.service.IdentificadorService     : ✅ Arquivo TXT gravado com sucesso em: /app/temp/20261005084955-28_sem_os_2/G15C1/G15C1-[10, 16].txt
2026-10-05T08:50:04.429-03:00  INFO 15156 --- [topomanager] [tomcat-handler-7] b.c.s.t.service.IdentificadorService     : ✅ Arquivo TXT gravado com sucesso em: /app/temp/20261005084955-28_sem_os_2/G15C1/G15C1-[10, 18].txt
2026-10-05T08:50:04.430-03:00  INFO 15156 --- [topomanager] [tomcat-handler-7] b.c.s.t.service.IdentificadorService     : ✅ Arquivo TXT gravado com sucesso em: /app/temp/20261005084955-28_sem_os_2/G15C1/G15C1-[10, 20].txt
2026-10-05T08:50:04.431-03:00  INFO 15156 --- [topomanager] [tomcat-handler-7] b.c.s.t.service.IdentificadorService     : ✅ Arquivo TXT gravado com sucesso em: /app/temp/20261005084955-28_sem_os_2/G15C1/G15C1-[10, 23].txt
2026-10-05T08:50:04.432-03:00  INFO 15156 --- [topomanager] [tomcat-handler-7] b.c.s.t.service.IdentificadorService     : ✅ Arquivo TXT gravado com sucesso em: /app/temp/20261005084955-28_sem_os_2/G15C1/G15C1-[10, 24].txt
2026-10-05T08:50:04.432-03:00  INFO 15156 --- [topomanager] [tomcat-handler-7] b.c.s.t.service.IdentificadorService     : ✅ Arquivo TXT gravado com sucesso em: /app/temp/20261005084955-28_sem_os_2/G15C1/G15C1-[11, 14].txt
2026-10-05T08:50:04.433-03:00  INFO 15156 --- [topomanager] [tomcat-handler-7] b.c.s.t.service.IdentificadorService     : ✅ Arquivo TXT gravado com sucesso em: /app/temp/20261005084955-28_sem_os_2/G15C1/G15C1-[11, 16].txt
2026-10-05T08:50:04.434-03:00  INFO 15156 --- [topomanager] [tomcat-handler-7] b.c.s.t.service.IdentificadorService     : ✅ Arquivo TXT gravado com sucesso em: /app/temp/20261005084955-28_sem_os_2/G15C1/G15C1-[11, 18].txt
2026-10-05T08:50:04.435-03:00  INFO 15156 --- [topomanager] [tomcat-handler-7] b.c.s.t.service.IdentificadorService     : ✅ Arquivo TXT gravado com sucesso em: /app/temp/20261005084955-28_sem_os_2/G15C1/G15C1-[11, 20].txt
2026-10-05T08:50:04.436-03:00  INFO 15156 --- [topomanager] [tomcat-handler-7] b.c.s.t.service.IdentificadorService     : ✅ Arquivo TXT gravado com sucesso em: /app/temp/20261005084955-28_sem_os_2/G15C1/G15C1-[11, 23].txt
2026-10-05T08:50:04.436-03:00  INFO 15156 --- [topomanager] [tomcat-handler-7] b.c.s.t.service.IdentificadorService     : ✅ Arquivo TXT gravado com sucesso em: /app/temp/20261005084955-28_sem_os_2/G15C1/G15C1-[11, 24].txt
2026-10-05T08:50:04.437-03:00  INFO 15156 --- [topomanager] [tomcat-handler-7] b.c.s.t.service.IdentificadorService     : ✅ Arquivo TXT gravado com sucesso em: /app/temp/20261005084955-28_sem_os_2/G15C1/G15C1-[14, 16].txt
2026-10-05T08:50:04.438-03:00  INFO 15156 --- [topomanager] [tomcat-handler-7] b.c.s.t.service.IdentificadorService     : ✅ Arquivo TXT gravado com sucesso em: /app/temp/20261005084955-28_sem_os_2/G15C1/G15C1-[14, 18].txt
2026-10-05T08:50:04.438-03:00  INFO 15156 --- [topomanager] [tomcat-handler-7] b.c.s.t.service.IdentificadorService     : ✅ Arquivo TXT gravado com sucesso em: /app/temp/20261005084955-28_sem_os_2/G15C1/G15C1-[14, 20].txt
2026-10-05T08:50:04.439-03:00  INFO 15156 --- [topomanager] [tomcat-handler-7] b.c.s.t.service.IdentificadorService     : ✅ Arquivo TXT gravado com sucesso em: /app/temp/20261005084955-28_sem_os_2/G15C1/G15C1-[14, 23].txt
2026-10-05T08:50:04.440-03:00  INFO 15156 --- [topomanager] [tomcat-handler-7] b.c.s.t.service.IdentificadorService     : ✅ Arquivo TXT gravado com sucesso em: /app/temp/20261005084955-28_sem_os_2/G15C1/G15C1-[14, 24].txt
2026-10-05T08:50:04.440-03:00  INFO 15156 --- [topomanager] [tomcat-handler-7] b.c.s.t.service.IdentificadorService     : ✅ Arquivo TXT gravado com sucesso em: /app/temp/20261005084955-28_sem_os_2/G15C1/G15C1-[16, 18].txt
2026-10-05T08:50:04.441-03:00  INFO 15156 --- [topomanager] [tomcat-handler-7] b.c.s.t.service.IdentificadorService     : ✅ Arquivo TXT gravado com sucesso em: /app/temp/20261005084955-28_sem_os_2/G15C1/G15C1-[16, 20].txt
2026-10-05T08:50:04.441-03:00  INFO 15156 --- [topomanager] [tomcat-handler-7] b.c.s.t.service.IdentificadorService     : ✅ Arquivo TXT gravado com sucesso em: /app/temp/20261005084955-28_sem_os_2/G15C1/G15C1-[16, 23].txt
2026-10-05T08:50:04.460-03:00  INFO 15156 --- [topomanager] [tomcat-handler-7] b.c.s.t.service.IdentificadorService     : ✅ Arquivo TXT gravado com sucesso em: /app/temp/20261005084955-28_sem_os_2/G15C1/G15C1-[16, 24].txt
2026-10-05T08:50:04.461-03:00  INFO 15156 --- [topomanager] [tomcat-handler-7] b.c.s.t.service.IdentificadorService     : ✅ Arquivo TXT gravado com sucesso em: /app/temp/20261005084955-28_sem_os_2/G15C1/G15C1-[18, 20].txt
2026-10-05T08:50:04.462-03:00  INFO 15156 --- [topomanager] [tomcat-handler-7] b.c.s.t.service.IdentificadorService     : ✅ Arquivo TXT gravado com sucesso em: /app/temp/20261005084955-28_sem_os_2/G15C1/G15C1-[18, 23].txt
2026-10-05T08:50:04.463-03:00  INFO 15156 --- [topomanager] [tomcat-handler-7] b.c.s.t.service.IdentificadorService     : ✅ Arquivo TXT gravado com sucesso em: /app/temp/20261005084955-28_sem_os_2/G15C1/G15C1-[18, 24].txt
2026-10-05T08:50:04.463-03:00  INFO 15156 --- [topomanager] [tomcat-handler-7] b.c.s.t.service.IdentificadorService     : ✅ Arquivo TXT gravado com sucesso em: /app/temp/20261005084955-28_sem_os_2/G15C1/G15C1-[20, 23].txt
2026-10-05T08:50:04.464-03:00  INFO 15156 --- [topomanager] [tomcat-handler-7] b.c.s.t.service.IdentificadorService     : ✅ Arquivo TXT gravado com sucesso em: /app/temp/20261005084955-28_sem_os_2/G15C1/G15C1-[20, 24].txt
2026-10-05T08:50:04.464-03:00  INFO 15156 --- [topomanager] [tomcat-handler-7] b.c.s.t.service.IdentificadorService     : ✅ Arquivo TXT gravado com sucesso em: /app/temp/20261005084955-28_sem_os_2/G15C1/G15C1-[23, 24].txt
2026-10-05T08:50:04.465-03:00  INFO 15156 --- [topomanager] [tomcat-handler-7] b.c.s.t.service.IdentificadorService     : ✅ Arquivo TXT gravado com sucesso em: /app/temp/20261005084955-28_sem_os_2/G4C10/G4C10-[2, 3].txt
2026-10-05T08:50:04.466-03:00  INFO 15156 --- [topomanager] [tomcat-handler-7] b.c.s.t.service.IdentificadorService     : ✅ Arquivo TXT gravado com sucesso em: /app/temp/20261005084955-28_sem_os_2/G4C10/G4C10-[2, 5].txt
2026-10-05T08:50:04.467-03:00  INFO 15156 --- [topomanager] [tomcat-handler-7] b.c.s.t.service.IdentificadorService     : ✅ Arquivo TXT gravado com sucesso em: /app/temp/20261005084955-28_sem_os_2/G4C10/G4C10-[2, 6].txt
2026-10-05T08:50:04.467-03:00  INFO 15156 --- [topomanager] [tomcat-handler-7] b.c.s.t.service.IdentificadorService     : ✅ Arquivo TXT gravado com sucesso em: /app/temp/20261005084955-28_sem_os_2/G4C10/G4C10-[2, 9].txt
2026-10-05T08:50:04.468-03:00  INFO 15156 --- [topomanager] [tomcat-handler-7] b.c.s.t.service.IdentificadorService     : ✅ Arquivo TXT gravado com sucesso em: /app/temp/20261005084955-28_sem_os_2/G4C10/G4C10-[2, 11].txt
2026-10-05T08:50:04.469-03:00  INFO 15156 --- [topomanager] [tomcat-handler-7] b.c.s.t.service.IdentificadorService     : ✅ Arquivo TXT gravado com sucesso em: /app/temp/20261005084955-28_sem_os_2/G4C10/G4C10-[2, 13].txt
2026-10-05T08:50:04.469-03:00  INFO 15156 --- [topomanager] [tomcat-handler-7] b.c.s.t.service.IdentificadorService     : ✅ Arquivo TXT gravado com sucesso em: /app/temp/20261005084955-28_sem_os_2/G4C10/G4C10-[2, 16].txt
2026-10-05T08:50:04.470-03:00  INFO 15156 --- [topomanager] [tomcat-handler-7] b.c.s.t.service.IdentificadorService     : ✅ Arquivo TXT gravado com sucesso em: /app/temp/20261005084955-28_sem_os_2/G4C10/G4C10-[2, 18].txt
2026-10-05T08:50:04.471-03:00  INFO 15156 --- [topomanager] [tomcat-handler-7] b.c.s.t.service.IdentificadorService     : ✅ Arquivo TXT gravado com sucesso em: /app/temp/20261005084955-28_sem_os_2/G4C10/G4C10-[2, 20].txt
2026-10-05T08:50:04.472-03:00  INFO 15156 --- [topomanager] [tomcat-handler-7] b.c.s.t.service.IdentificadorService     : ✅ Arquivo TXT gravado com sucesso em: /app/temp/20261005084955-28_sem_os_2/G4C10/G4C10-[2, 23].txt
2026-10-05T08:50:04.472-03:00  INFO 15156 --- [topomanager] [tomcat-handler-7] b.c.s.t.service.IdentificadorService     : ✅ Arquivo TXT gravado com sucesso em: /app/temp/20261005084955-28_sem_os_2/G4C10/G4C10-[3, 5].txt
2026-10-05T08:50:04.473-03:00  INFO 15156 --- [topomanager] [tomcat-handler-7] b.c.s.t.service.IdentificadorService     : ✅ Arquivo TXT gravado com sucesso em: /app/temp/20261005084955-28_sem_os_2/G4C10/G4C10-[3, 6].txt
2026-10-05T08:50:04.473-03:00  INFO 15156 --- [topomanager] [tomcat-handler-7] b.c.s.t.service.IdentificadorService     : ✅ Arquivo TXT gravado com sucesso em: /app/temp/20261005084955-28_sem_os_2/G4C10/G4C10-[3, 9].txt
2026-10-05T08:50:04.474-03:00  INFO 15156 --- [topomanager] [tomcat-handler-7] b.c.s.t.service.IdentificadorService     : ✅ Arquivo TXT gravado com sucesso em: /app/temp/20261005084955-28_sem_os_2/G4C10/G4C10-[3, 11].txt
2026-10-05T08:50:04.475-03:00  INFO 15156 --- [topomanager] [tomcat-handler-7] b.c.s.t.service.IdentificadorService     : ✅ Arquivo TXT gravado com sucesso em: /app/temp/20261005084955-28_sem_os_2/G4C10/G4C10-[3, 13].txt
2026-10-05T08:50:04.475-03:00  INFO 15156 --- [topomanager] [tomcat-handler-7] b.c.s.t.service.IdentificadorService     : ✅ Arquivo TXT gravado com sucesso em: /app/temp/20261005084955-28_sem_os_2/G4C10/G4C10-[3, 16].txt
2026-10-05T08:50:04.476-03:00  INFO 15156 --- [topomanager] [tomcat-handler-7] b.c.s.t.service.IdentificadorService     : ✅ Arquivo TXT gravado com sucesso em: /app/temp/20261005084955-28_sem_os_2/G4C10/G4C10-[3, 18].txt
2026-10-05T08:50:04.477-03:00  INFO 15156 --- [topomanager] [tomcat-handler-7] b.c.s.t.service.IdentificadorService     : ✅ Arquivo TXT gravado com sucesso em: /app/temp/20261005084955-28_sem_os_2/G4C10/G4C10-[3, 20].txt
2026-10-05T08:50:04.478-03:00  INFO 15156 --- [topomanager] [tomcat-handler-7] b.c.s.t.service.IdentificadorService     : ✅ Arquivo TXT gravado com sucesso em: /app/temp/20261005084955-28_sem_os_2/G4C10/G4C10-[3, 23].txt
2026-10-05T08:50:04.478-03:00  INFO 15156 --- [topomanager] [tomcat-handler-7] b.c.s.t.service.IdentificadorService     : ✅ Arquivo TXT gravado com sucesso em: /app/temp/20261005084955-28_sem_os_2/G4C10/G4C10-[5, 6].txt
2026-10-05T08:50:04.479-03:00  INFO 15156 --- [topomanager] [tomcat-handler-7] b.c.s.t.service.IdentificadorService     : ✅ Arquivo TXT gravado com sucesso em: /app/temp/20261005084955-28_sem_os_2/G4C10/G4C10-[5, 9].txt
2026-10-05T08:50:04.480-03:00  INFO 15156 --- [topomanager] [tomcat-handler-7] b.c.s.t.service.IdentificadorService     : ✅ Arquivo TXT gravado com sucesso em: /app/temp/20261005084955-28_sem_os_2/G4C10/G4C10-[5, 11].txt
2026-10-05T08:50:04.480-03:00  INFO 15156 --- [topomanager] [tomcat-handler-7] b.c.s.t.service.IdentificadorService     : ✅ Arquivo TXT gravado com sucesso em: /app/temp/20261005084955-28_sem_os_2/G4C10/G4C10-[5, 13].txt
2026-10-05T08:50:04.481-03:00  INFO 15156 --- [topomanager] [tomcat-handler-7] b.c.s.t.service.IdentificadorService     : ✅ Arquivo TXT gravado com sucesso em: /app/temp/20261005084955-28_sem_os_2/G4C10/G4C10-[5, 16].txt
2026-10-05T08:50:04.481-03:00  INFO 15156 --- [topomanager] [tomcat-handler-7] b.c.s.t.service.IdentificadorService     : ✅ Arquivo TXT gravado com sucesso em: /app/temp/20261005084955-28_sem_os_2/G4C10/G4C10-[5, 18].txt
2026-10-05T08:50:04.482-03:00  INFO 15156 --- [topomanager] [tomcat-handler-7] b.c.s.t.service.IdentificadorService     : ✅ Arquivo TXT gravado com sucesso em: /app/temp/20261005084955-28_sem_os_2/G4C10/G4C10-[5, 20].txt
2026-10-05T08:50:04.483-03:00  INFO 15156 --- [topomanager] [tomcat-handler-7] b.c.s.t.service.IdentificadorService     : ✅ Arquivo TXT gravado com sucesso em: /app/temp/20261005084955-28_sem_os_2/G4C10/G4C10-[5, 23].txt
2026-10-05T08:50:04.483-03:00  INFO 15156 --- [topomanager] [tomcat-handler-7] b.c.s.t.service.IdentificadorService     : ✅ Arquivo TXT gravado com sucesso em: /app/temp/20261005084955-28_sem_os_2/G4C10/G4C10-[6, 9].txt
2026-10-05T08:50:04.484-03:00  INFO 15156 --- [topomanager] [tomcat-handler-7] b.c.s.t.service.IdentificadorService     : ✅ Arquivo TXT gravado com sucesso em: /app/temp/20261005084955-28_sem_os_2/G4C10/G4C10-[6, 11].txt
2026-10-05T08:50:04.485-03:00  INFO 15156 --- [topomanager] [tomcat-handler-7] b.c.s.t.service.IdentificadorService     : ✅ Arquivo TXT gravado com sucesso em: /app/temp/20261005084955-28_sem_os_2/G4C10/G4C10-[6, 13].txt
2026-10-05T08:50:04.485-03:00  INFO 15156 --- [topomanager] [tomcat-handler-7] b.c.s.t.service.IdentificadorService     : ✅ Arquivo TXT gravado com sucesso em: /app/temp/20261005084955-28_sem_os_2/G4C10/G4C10-[6, 16].txt
2026-10-05T08:50:04.486-03:00  INFO 15156 --- [topomanager] [tomcat-handler-7] b.c.s.t.service.IdentificadorService     : ✅ Arquivo TXT gravado com sucesso em: /app/temp/20261005084955-28_sem_os_2/G4C10/G4C10-[6, 18].txt
2026-10-05T08:50:04.487-03:00  INFO 15156 --- [topomanager] [tomcat-handler-7] b.c.s.t.service.IdentificadorService     : ✅ Arquivo TXT gravado com sucesso em: /app/temp/20261005084955-28_sem_os_2/G4C10/G4C10-[6, 20].txt
2026-10-05T08:50:04.488-03:00  INFO 15156 --- [topomanager] [tomcat-handler-7] b.c.s.t.service.IdentificadorService     : ✅ Arquivo TXT gravado com sucesso em: /app/temp/20261005084955-28_sem_os_2/G4C10/G4C10-[6, 23].txt
2026-10-05T08:50:04.488-03:00  INFO 15156 --- [topomanager] [tomcat-handler-7] b.c.s.t.service.IdentificadorService     : ✅ Arquivo TXT gravado com sucesso em: /app/temp/20261005084955-28_sem_os_2/G4C10/G4C10-[9, 11].txt
2026-10-05T08:50:04.489-03:00  INFO 15156 --- [topomanager] [tomcat-handler-7] b.c.s.t.service.IdentificadorService     : ✅ Arquivo TXT gravado com sucesso em: /app/temp/20261005084955-28_sem_os_2/G4C10/G4C10-[9, 13].txt
2026-10-05T08:50:04.491-03:00  INFO 15156 --- [topomanager] [tomcat-handler-7] b.c.s.t.service.IdentificadorService     : ✅ Arquivo TXT gravado com sucesso em: /app/temp/20261005084955-28_sem_os_2/G4C10/G4C10-[9, 16].txt
2026-10-05T08:50:04.491-03:00  INFO 15156 --- [topomanager] [tomcat-handler-7] b.c.s.t.service.IdentificadorService     : ✅ Arquivo TXT gravado com sucesso em: /app/temp/20261005084955-28_sem_os_2/G4C10/G4C10-[9, 18].txt
2026-10-05T08:50:04.492-03:00  INFO 15156 --- [topomanager] [tomcat-handler-7] b.c.s.t.service.IdentificadorService     : ✅ Arquivo TXT gravado com sucesso em: /app/temp/20261005084955-28_sem_os_2/G4C10/G4C10-[9, 20].txt
2026-10-05T08:50:04.493-03:00  INFO 15156 --- [topomanager] [tomcat-handler-7] b.c.s.t.service.IdentificadorService     : ✅ Arquivo TXT gravado com sucesso em: /app/temp/20261005084955-28_sem_os_2/G4C10/G4C10-[9, 23].txt
2026-10-05T08:50:04.493-03:00  INFO 15156 --- [topomanager] [tomcat-handler-7] b.c.s.t.service.IdentificadorService     : ✅ Arquivo TXT gravado com sucesso em: /app/temp/20261005084955-28_sem_os_2/G4C10/G4C10-[11, 13].txt
2026-10-05T08:50:04.494-03:00  INFO 15156 --- [topomanager] [tomcat-handler-7] b.c.s.t.service.IdentificadorService     : ✅ Arquivo TXT gravado com sucesso em: /app/temp/20261005084955-28_sem_os_2/G4C10/G4C10-[11, 16].txt
2026-10-05T08:50:04.495-03:00  INFO 15156 --- [topomanager] [tomcat-handler-7] b.c.s.t.service.IdentificadorService     : ✅ Arquivo TXT gravado com sucesso em: /app/temp/20261005084955-28_sem_os_2/G4C10/G4C10-[11, 18].txt
2026-10-05T08:50:04.495-03:00  INFO 15156 --- [topomanager] [tomcat-handler-7] b.c.s.t.service.IdentificadorService     : ✅ Arquivo TXT gravado com sucesso em: /app/temp/20261005084955-28_sem_os_2/G4C10/G4C10-[11, 20].txt
2026-10-05T08:50:04.496-03:00  INFO 15156 --- [topomanager] [tomcat-handler-7] b.c.s.t.service.IdentificadorService     : ✅ Arquivo TXT gravado com sucesso em: /app/temp/20261005084955-28_sem_os_2/G4C10/G4C10-[11, 23].txt
2026-10-05T08:50:04.496-03:00  INFO 15156 --- [topomanager] [tomcat-handler-7] b.c.s.t.service.IdentificadorService     : ✅ Arquivo TXT gravado com sucesso em: /app/temp/20261005084955-28_sem_os_2/G4C10/G4C10-[13, 16].txt
2026-10-05T08:50:04.497-03:00  INFO 15156 --- [topomanager] [tomcat-handler-7] b.c.s.t.service.IdentificadorService     : ✅ Arquivo TXT gravado com sucesso em: /app/temp/20261005084955-28_sem_os_2/G4C10/G4C10-[13, 18].txt
2026-10-05T08:50:04.498-03:00  INFO 15156 --- [topomanager] [tomcat-handler-7] b.c.s.t.service.IdentificadorService     : ✅ Arquivo TXT gravado com sucesso em: /app/temp/20261005084955-28_sem_os_2/G4C10/G4C10-[13, 20].txt
2026-10-05T08:50:04.498-03:00  INFO 15156 --- [topomanager] [tomcat-handler-7] b.c.s.t.service.IdentificadorService     : ✅ Arquivo TXT gravado com sucesso em: /app/temp/20261005084955-28_sem_os_2/G4C10/G4C10-[13, 23].txt
2026-10-05T08:50:04.499-03:00  INFO 15156 --- [topomanager] [tomcat-handler-7] b.c.s.t.service.IdentificadorService     : ✅ Arquivo TXT gravado com sucesso em: /app/temp/20261005084955-28_sem_os_2/G4C10/G4C10-[16, 18].txt
2026-10-05T08:50:04.500-03:00  INFO 15156 --- [topomanager] [tomcat-handler-7] b.c.s.t.service.IdentificadorService     : ✅ Arquivo TXT gravado com sucesso em: /app/temp/20261005084955-28_sem_os_2/G4C10/G4C10-[16, 20].txt
2026-10-05T08:50:04.500-03:00  INFO 15156 --- [topomanager] [tomcat-handler-7] b.c.s.t.service.IdentificadorService     : ✅ Arquivo TXT gravado com sucesso em: /app/temp/20261005084955-28_sem_os_2/G4C10/G4C10-[16, 23].txt
2026-10-05T08:50:04.501-03:00  INFO 15156 --- [topomanager] [tomcat-handler-7] b.c.s.t.service.IdentificadorService     : ✅ Arquivo TXT gravado com sucesso em: /app/temp/20261005084955-28_sem_os_2/G4C10/G4C10-[18, 20].txt
2026-10-05T08:50:04.503-03:00  INFO 15156 --- [topomanager] [tomcat-handler-7] b.c.s.t.service.IdentificadorService     : ✅ Arquivo TXT gravado com sucesso em: /app/temp/20261005084955-28_sem_os_2/G4C10/G4C10-[18, 23].txt
2026-10-05T08:50:04.504-03:00  INFO 15156 --- [topomanager] [tomcat-handler-7] b.c.s.t.service.IdentificadorService     : ✅ Arquivo TXT gravado com sucesso em: /app/temp/20261005084955-28_sem_os_2/G4C10/G4C10-[20, 23].txt
2026-10-05T08:50:04.504-03:00  INFO 15156 --- [topomanager] [tomcat-handler-7] b.c.s.t.service.IdentificadorService     : ✅ Arquivo TXT gravado com sucesso em: /app/temp/20261005084955-28_sem_os_2/G16C7/G16C7-[3, 5].txt
2026-10-05T08:50:04.505-03:00  INFO 15156 --- [topomanager] [tomcat-handler-7] b.c.s.t.service.IdentificadorService     : ✅ Arquivo TXT gravado com sucesso em: /app/temp/20261005084955-28_sem_os_2/G16C7/G16C7-[3, 6].txt
2026-10-05T08:50:04.506-03:00  INFO 15156 --- [topomanager] [tomcat-handler-7] b.c.s.t.service.IdentificadorService     : ✅ Arquivo TXT gravado com sucesso em: /app/temp/20261005084955-28_sem_os_2/G16C7/G16C7-[3, 9].txt
2026-10-05T08:50:04.506-03:00  INFO 15156 --- [topomanager] [tomcat-handler-7] b.c.s.t.service.IdentificadorService     : ✅ Arquivo TXT gravado com sucesso em: /app/temp/20261005084955-28_sem_os_2/G16C7/G16C7-[3, 10].txt
2026-10-05T08:50:04.507-03:00  INFO 15156 --- [topomanager] [tomcat-handler-7] b.c.s.t.service.IdentificadorService     : ✅ Arquivo TXT gravado com sucesso em: /app/temp/20261005084955-28_sem_os_2/G16C7/G16C7-[3, 13].txt
2026-10-05T08:50:04.508-03:00  INFO 15156 --- [topomanager] [tomcat-handler-7] b.c.s.t.service.IdentificadorService     : ✅ Arquivo TXT gravado com sucesso em: /app/temp/20261005084955-28_sem_os_2/G16C7/G16C7-[3, 16].txt
2026-10-05T08:50:04.509-03:00  INFO 15156 --- [topomanager] [tomcat-handler-7] b.c.s.t.service.IdentificadorService     : ✅ Arquivo TXT gravado com sucesso em: /app/temp/20261005084955-28_sem_os_2/G16C7/G16C7-[3, 18].txt
2026-10-05T08:50:04.509-03:00  INFO 15156 --- [topomanager] [tomcat-handler-7] b.c.s.t.service.IdentificadorService     : ✅ Arquivo TXT gravado com sucesso em: /app/temp/20261005084955-28_sem_os_2/G16C7/G16C7-[3, 23].txt
2026-10-05T08:50:04.510-03:00  INFO 15156 --- [topomanager] [tomcat-handler-7] b.c.s.t.service.IdentificadorService     : ✅ Arquivo TXT gravado com sucesso em: /app/temp/20261005084955-28_sem_os_2/G16C7/G16C7-[3, 24].txt
2026-10-05T08:50:04.510-03:00  INFO 15156 --- [topomanager] [tomcat-handler-7] b.c.s.t.service.IdentificadorService     : ✅ Arquivo TXT gravado com sucesso em: /app/temp/20261005084955-28_sem_os_2/G16C7/G16C7-[3, 25].txt
2026-10-05T08:50:04.511-03:00  INFO 15156 --- [topomanager] [tomcat-handler-7] b.c.s.t.service.IdentificadorService     : ✅ Arquivo TXT gravado com sucesso em: /app/temp/20261005084955-28_sem_os_2/G16C7/G16C7-[5, 6].txt
2026-10-05T08:50:04.512-03:00  INFO 15156 --- [topomanager] [tomcat-handler-7] b.c.s.t.service.IdentificadorService     : ✅ Arquivo TXT gravado com sucesso em: /app/temp/20261005084955-28_sem_os_2/G16C7/G16C7-[5, 9].txt
2026-10-05T08:50:04.512-03:00  INFO 15156 --- [topomanager] [tomcat-handler-7] b.c.s.t.service.IdentificadorService     : ✅ Arquivo TXT gravado com sucesso em: /app/temp/20261005084955-28_sem_os_2/G16C7/G16C7-[5, 10].txt
2026-10-05T08:50:04.513-03:00  INFO 15156 --- [topomanager] [tomcat-handler-7] b.c.s.t.service.IdentificadorService     : ✅ Arquivo TXT gravado com sucesso em: /app/temp/20261005084955-28_sem_os_2/G16C7/G16C7-[5, 13].txt
2026-10-05T08:50:04.513-03:00  INFO 15156 --- [topomanager] [tomcat-handler-7] b.c.s.t.service.IdentificadorService     : ✅ Arquivo TXT gravado com sucesso em: /app/temp/20261005084955-28_sem_os_2/G16C7/G16C7-[5, 16].txt
2026-10-05T08:50:04.514-03:00  INFO 15156 --- [topomanager] [tomcat-handler-7] b.c.s.t.service.IdentificadorService     : ✅ Arquivo TXT gravado com sucesso em: /app/temp/20261005084955-28_sem_os_2/G16C7/G16C7-[5, 18].txt
2026-10-05T08:50:04.515-03:00  INFO 15156 --- [topomanager] [tomcat-handler-7] b.c.s.t.service.IdentificadorService     : ✅ Arquivo TXT gravado com sucesso em: /app/temp/20261005084955-28_sem_os_2/G16C7/G16C7-[5, 23].txt
2026-10-05T08:50:04.515-03:00  INFO 15156 --- [topomanager] [tomcat-handler-7] b.c.s.t.service.IdentificadorService     : ✅ Arquivo TXT gravado com sucesso em: /app/temp/20261005084955-28_sem_os_2/G16C7/G16C7-[5, 24].txt
2026-10-05T08:50:04.516-03:00  INFO 15156 --- [topomanager] [tomcat-handler-7] b.c.s.t.service.IdentificadorService     : ✅ Arquivo TXT gravado com sucesso em: /app/temp/20261005084955-28_sem_os_2/G16C7/G16C7-[5, 25].txt
2026-10-05T08:50:04.516-03:00  INFO 15156 --- [topomanager] [tomcat-handler-7] b.c.s.t.service.IdentificadorService     : ✅ Arquivo TXT gravado com sucesso em: /app/temp/20261005084955-28_sem_os_2/G16C7/G16C7-[6, 9].txt
2026-10-05T08:50:04.517-03:00  INFO 15156 --- [topomanager] [tomcat-handler-7] b.c.s.t.service.IdentificadorService     : ✅ Arquivo TXT gravado com sucesso em: /app/temp/20261005084955-28_sem_os_2/G16C7/G16C7-[6, 10].txt
2026-10-05T08:50:04.518-03:00  INFO 15156 --- [topomanager] [tomcat-handler-7] b.c.s.t.service.IdentificadorService     : ✅ Arquivo TXT gravado com sucesso em: /app/temp/20261005084955-28_sem_os_2/G16C7/G16C7-[6, 13].txt
2026-10-05T08:50:04.518-03:00  INFO 15156 --- [topomanager] [tomcat-handler-7] b.c.s.t.service.IdentificadorService     : ✅ Arquivo TXT gravado com sucesso em: /app/temp/20261005084955-28_sem_os_2/G16C7/G16C7-[6, 16].txt
2026-10-05T08:50:04.519-03:00  INFO 15156 --- [topomanager] [tomcat-handler-7] b.c.s.t.service.IdentificadorService     : ✅ Arquivo TXT gravado com sucesso em: /app/temp/20261005084955-28_sem_os_2/G16C7/G16C7-[6, 18].txt
2026-10-05T08:50:04.519-03:00  INFO 15156 --- [topomanager] [tomcat-handler-7] b.c.s.t.service.IdentificadorService     : ✅ Arquivo TXT gravado com sucesso em: /app/temp/20261005084955-28_sem_os_2/G16C7/G16C7-[6, 23].txt
2026-10-05T08:50:04.520-03:00  INFO 15156 --- [topomanager] [tomcat-handler-7] b.c.s.t.service.IdentificadorService     : ✅ Arquivo TXT gravado com sucesso em: /app/temp/20261005084955-28_sem_os_2/G16C7/G16C7-[6, 24].txt
2026-10-05T08:50:04.521-03:00  INFO 15156 --- [topomanager] [tomcat-handler-7] b.c.s.t.service.IdentificadorService     : ✅ Arquivo TXT gravado com sucesso em: /app/temp/20261005084955-28_sem_os_2/G16C7/G16C7-[6, 25].txt
2026-10-05T08:50:04.521-03:00  INFO 15156 --- [topomanager] [tomcat-handler-7] b.c.s.t.service.IdentificadorService     : ✅ Arquivo TXT gravado com sucesso em: /app/temp/20261005084955-28_sem_os_2/G16C7/G16C7-[9, 10].txt
2026-10-05T08:50:04.522-03:00  INFO 15156 --- [topomanager] [tomcat-handler-7] b.c.s.t.service.IdentificadorService     : ✅ Arquivo TXT gravado com sucesso em: /app/temp/20261005084955-28_sem_os_2/G16C7/G16C7-[9, 13].txt
2026-10-05T08:50:04.522-03:00  INFO 15156 --- [topomanager] [tomcat-handler-7] b.c.s.t.service.IdentificadorService     : ✅ Arquivo TXT gravado com sucesso em: /app/temp/20261005084955-28_sem_os_2/G16C7/G16C7-[9, 16].txt
2026-10-05T08:50:04.523-03:00  INFO 15156 --- [topomanager] [tomcat-handler-7] b.c.s.t.service.IdentificadorService     : ✅ Arquivo TXT gravado com sucesso em: /app/temp/20261005084955-28_sem_os_2/G16C7/G16C7-[9, 18].txt
2026-10-05T08:50:04.524-03:00  INFO 15156 --- [topomanager] [tomcat-handler-7] b.c.s.t.service.IdentificadorService     : ✅ Arquivo TXT gravado com sucesso em: /app/temp/20261005084955-28_sem_os_2/G16C7/G16C7-[9, 23].txt
2026-10-05T08:50:04.524-03:00  INFO 15156 --- [topomanager] [tomcat-handler-7] b.c.s.t.service.IdentificadorService     : ✅ Arquivo TXT gravado com sucesso em: /app/temp/20261005084955-28_sem_os_2/G16C7/G16C7-[9, 24].txt
2026-10-05T08:50:04.525-03:00  INFO 15156 --- [topomanager] [tomcat-handler-7] b.c.s.t.service.IdentificadorService     : ✅ Arquivo TXT gravado com sucesso em: /app/temp/20261005084955-28_sem_os_2/G16C7/G16C7-[9, 25].txt
2026-10-05T08:50:04.526-03:00  INFO 15156 --- [topomanager] [tomcat-handler-7] b.c.s.t.service.IdentificadorService     : ✅ Arquivo TXT gravado com sucesso em: /app/temp/20261005084955-28_sem_os_2/G16C7/G16C7-[10, 13].txt
2026-10-05T08:50:04.527-03:00  INFO 15156 --- [topomanager] [tomcat-handler-7] b.c.s.t.service.IdentificadorService     : ✅ Arquivo TXT gravado com sucesso em: /app/temp/20261005084955-28_sem_os_2/G16C7/G16C7-[10, 16].txt
2026-10-05T08:50:04.527-03:00  INFO 15156 --- [topomanager] [tomcat-handler-7] b.c.s.t.service.IdentificadorService     : ✅ Arquivo TXT gravado com sucesso em: /app/temp/20261005084955-28_sem_os_2/G16C7/G16C7-[10, 18].txt
2026-10-05T08:50:04.528-03:00  INFO 15156 --- [topomanager] [tomcat-handler-7] b.c.s.t.service.IdentificadorService     : ✅ Arquivo TXT gravado com sucesso em: /app/temp/20261005084955-28_sem_os_2/G16C7/G16C7-[10, 23].txt
2026-10-05T08:50:04.528-03:00  INFO 15156 --- [topomanager] [tomcat-handler-7] b.c.s.t.service.IdentificadorService     : ✅ Arquivo TXT gravado com sucesso em: /app/temp/20261005084955-28_sem_os_2/G16C7/G16C7-[10, 24].txt
2026-10-05T08:50:04.529-03:00  INFO 15156 --- [topomanager] [tomcat-handler-7] b.c.s.t.service.IdentificadorService     : ✅ Arquivo TXT gravado com sucesso em: /app/temp/20261005084955-28_sem_os_2/G16C7/G16C7-[10, 25].txt
2026-10-05T08:50:04.530-03:00  INFO 15156 --- [topomanager] [tomcat-handler-7] b.c.s.t.service.IdentificadorService     : ✅ Arquivo TXT gravado com sucesso em: /app/temp/20261005084955-28_sem_os_2/G16C7/G16C7-[13, 16].txt
2026-10-05T08:50:04.530-03:00  INFO 15156 --- [topomanager] [tomcat-handler-7] b.c.s.t.service.IdentificadorService     : ✅ Arquivo TXT gravado com sucesso em: /app/temp/20261005084955-28_sem_os_2/G16C7/G16C7-[13, 18].txt
2026-10-05T08:50:04.531-03:00  INFO 15156 --- [topomanager] [tomcat-handler-7] b.c.s.t.service.IdentificadorService     : ✅ Arquivo TXT gravado com sucesso em: /app/temp/20261005084955-28_sem_os_2/G16C7/G16C7-[13, 23].txt
2026-10-05T08:50:04.532-03:00  INFO 15156 --- [topomanager] [tomcat-handler-7] b.c.s.t.service.IdentificadorService     : ✅ Arquivo TXT gravado com sucesso em: /app/temp/20261005084955-28_sem_os_2/G16C7/G16C7-[13, 24].txt
2026-10-05T08:50:04.532-03:00  INFO 15156 --- [topomanager] [tomcat-handler-7] b.c.s.t.service.IdentificadorService     : ✅ Arquivo TXT gravado com sucesso em: /app/temp/20261005084955-28_sem_os_2/G16C7/G16C7-[13, 25].txt
2026-10-05T08:50:04.533-03:00  INFO 15156 --- [topomanager] [tomcat-handler-7] b.c.s.t.service.IdentificadorService     : ✅ Arquivo TXT gravado com sucesso em: /app/temp/20261005084955-28_sem_os_2/G16C7/G16C7-[16, 18].txt
2026-10-05T08:50:04.533-03:00  INFO 15156 --- [topomanager] [tomcat-handler-7] b.c.s.t.service.IdentificadorService     : ✅ Arquivo TXT gravado com sucesso em: /app/temp/20261005084955-28_sem_os_2/G16C7/G16C7-[16, 23].txt
2026-10-05T08:50:04.535-03:00  INFO 15156 --- [topomanager] [tomcat-handler-7] b.c.s.t.service.IdentificadorService     : ✅ Arquivo TXT gravado com sucesso em: /app/temp/20261005084955-28_sem_os_2/G16C7/G16C7-[16, 24].txt
2026-10-05T08:50:04.536-03:00  INFO 15156 --- [topomanager] [tomcat-handler-7] b.c.s.t.service.IdentificadorService     : ✅ Arquivo TXT gravado com sucesso em: /app/temp/20261005084955-28_sem_os_2/G16C7/G16C7-[16, 25].txt
2026-10-05T08:50:04.537-03:00  INFO 15156 --- [topomanager] [tomcat-handler-7] b.c.s.t.service.IdentificadorService     : ✅ Arquivo TXT gravado com sucesso em: /app/temp/20261005084955-28_sem_os_2/G16C7/G16C7-[18, 23].txt
2026-10-05T08:50:04.537-03:00  INFO 15156 --- [topomanager] [tomcat-handler-7] b.c.s.t.service.IdentificadorService     : ✅ Arquivo TXT gravado com sucesso em: /app/temp/20261005084955-28_sem_os_2/G16C7/G16C7-[18, 24].txt
2026-10-05T08:50:04.538-03:00  INFO 15156 --- [topomanager] [tomcat-handler-7] b.c.s.t.service.IdentificadorService     : ✅ Arquivo TXT gravado com sucesso em: /app/temp/20261005084955-28_sem_os_2/G16C7/G16C7-[18, 25].txt
2026-10-05T08:50:04.539-03:00  INFO 15156 --- [topomanager] [tomcat-handler-7] b.c.s.t.service.IdentificadorService     : ✅ Arquivo TXT gravado com sucesso em: /app/temp/20261005084955-28_sem_os_2/G16C7/G16C7-[23, 24].txt
2026-10-05T08:50:04.539-03:00  INFO 15156 --- [topomanager] [tomcat-handler-7] b.c.s.t.service.IdentificadorService     : ✅ Arquivo TXT gravado com sucesso em: /app/temp/20261005084955-28_sem_os_2/G16C7/G16C7-[23, 25].txt
2026-10-05T08:50:04.540-03:00  INFO 15156 --- [topomanager] [tomcat-handler-7] b.c.s.t.service.IdentificadorService     : ✅ Arquivo TXT gravado com sucesso em: /app/temp/20261005084955-28_sem_os_2/G16C7/G16C7-[24, 25].txt
2026-10-05T08:50:04.541-03:00  INFO 15156 --- [topomanager] [tomcat-handler-7] b.c.s.t.service.IdentificadorService     : ✅ Arquivo TXT gravado com sucesso em: /app/temp/20261005084955-28_sem_os_2/G16C8/G16C8-[3, 6].txt
2026-10-05T08:50:04.541-03:00  INFO 15156 --- [topomanager] [tomcat-handler-7] b.c.s.t.service.IdentificadorService     : ✅ Arquivo TXT gravado com sucesso em: /app/temp/20261005084955-28_sem_os_2/G16C8/G16C8-[3, 9].txt
2026-10-05T08:50:04.542-03:00  INFO 15156 --- [topomanager] [tomcat-handler-7] b.c.s.t.service.IdentificadorService     : ✅ Arquivo TXT gravado com sucesso em: /app/temp/20261005084955-28_sem_os_2/G16C8/G16C8-[3, 10].txt
2026-10-05T08:50:04.543-03:00  INFO 15156 --- [topomanager] [tomcat-handler-7] b.c.s.t.service.IdentificadorService     : ✅ Arquivo TXT gravado com sucesso em: /app/temp/20261005084955-28_sem_os_2/G16C8/G16C8-[3, 11].txt
2026-10-05T08:50:04.543-03:00  INFO 15156 --- [topomanager] [tomcat-handler-7] b.c.s.t.service.IdentificadorService     : ✅ Arquivo TXT gravado com sucesso em: /app/temp/20261005084955-28_sem_os_2/G16C8/G16C8-[3, 16].txt
2026-10-05T08:50:04.544-03:00  INFO 15156 --- [topomanager] [tomcat-handler-7] b.c.s.t.service.IdentificadorService     : ✅ Arquivo TXT gravado com sucesso em: /app/temp/20261005084955-28_sem_os_2/G16C8/G16C8-[3, 18].txt
2026-10-05T08:50:04.545-03:00  INFO 15156 --- [topomanager] [tomcat-handler-7] b.c.s.t.service.IdentificadorService     : ✅ Arquivo TXT gravado com sucesso em: /app/temp/20261005084955-28_sem_os_2/G16C8/G16C8-[3, 20].txt
2026-10-05T08:50:04.545-03:00  INFO 15156 --- [topomanager] [tomcat-handler-7] b.c.s.t.service.IdentificadorService     : ✅ Arquivo TXT gravado com sucesso em: /app/temp/20261005084955-28_sem_os_2/G16C8/G16C8-[3, 23].txt
2026-10-05T08:50:04.546-03:00  INFO 15156 --- [topomanager] [tomcat-handler-7] b.c.s.t.service.IdentificadorService     : ✅ Arquivo TXT gravado com sucesso em: /app/temp/20261005084955-28_sem_os_2/G16C8/G16C8-[3, 24].txt
2026-10-05T08:50:04.547-03:00  INFO 15156 --- [topomanager] [tomcat-handler-7] b.c.s.t.service.IdentificadorService     : ✅ Arquivo TXT gravado com sucesso em: /app/temp/20261005084955-28_sem_os_2/G16C8/G16C8-[3, 25].txt
2026-10-05T08:50:04.547-03:00  INFO 15156 --- [topomanager] [tomcat-handler-7] b.c.s.t.service.IdentificadorService     : ✅ Arquivo TXT gravado com sucesso em: /app/temp/20261005084955-28_sem_os_2/G16C8/G16C8-[6, 9].txt
2026-10-05T08:50:04.549-03:00  INFO 15156 --- [topomanager] [tomcat-handler-7] b.c.s.t.service.IdentificadorService     : ✅ Arquivo TXT gravado com sucesso em: /app/temp/20261005084955-28_sem_os_2/G16C8/G16C8-[6, 10].txt
2026-10-05T08:50:04.550-03:00  INFO 15156 --- [topomanager] [tomcat-handler-7] b.c.s.t.service.IdentificadorService     : ✅ Arquivo TXT gravado com sucesso em: /app/temp/20261005084955-28_sem_os_2/G16C8/G16C8-[6, 11].txt
2026-10-05T08:50:04.551-03:00  INFO 15156 --- [topomanager] [tomcat-handler-7] b.c.s.t.service.IdentificadorService     : ✅ Arquivo TXT gravado com sucesso em: /app/temp/20261005084955-28_sem_os_2/G16C8/G16C8-[6, 16].txt
2026-10-05T08:50:04.551-03:00  INFO 15156 --- [topomanager] [tomcat-handler-7] b.c.s.t.service.IdentificadorService     : ✅ Arquivo TXT gravado com sucesso em: /app/temp/20261005084955-28_sem_os_2/G16C8/G16C8-[6, 18].txt
2026-10-05T08:50:04.552-03:00  INFO 15156 --- [topomanager] [tomcat-handler-7] b.c.s.t.service.IdentificadorService     : ✅ Arquivo TXT gravado com sucesso em: /app/temp/20261005084955-28_sem_os_2/G16C8/G16C8-[6, 20].txt
2026-10-05T08:50:04.553-03:00  INFO 15156 --- [topomanager] [tomcat-handler-7] b.c.s.t.service.IdentificadorService     : ✅ Arquivo TXT gravado com sucesso em: /app/temp/20261005084955-28_sem_os_2/G16C8/G16C8-[6, 23].txt
2026-10-05T08:50:04.554-03:00  INFO 15156 --- [topomanager] [tomcat-handler-7] b.c.s.t.service.IdentificadorService     : ✅ Arquivo TXT gravado com sucesso em: /app/temp/20261005084955-28_sem_os_2/G16C8/G16C8-[6, 24].txt
2026-10-05T08:50:04.554-03:00  INFO 15156 --- [topomanager] [tomcat-handler-7] b.c.s.t.service.IdentificadorService     : ✅ Arquivo TXT gravado com sucesso em: /app/temp/20261005084955-28_sem_os_2/G16C8/G16C8-[6, 25].txt
2026-10-05T08:50:04.555-03:00  INFO 15156 --- [topomanager] [tomcat-handler-7] b.c.s.t.service.IdentificadorService     : ✅ Arquivo TXT gravado com sucesso em: /app/temp/20261005084955-28_sem_os_2/G16C8/G16C8-[9, 10].txt
2026-10-05T08:50:04.556-03:00  INFO 15156 --- [topomanager] [tomcat-handler-7] b.c.s.t.service.IdentificadorService     : ✅ Arquivo TXT gravado com sucesso em: /app/temp/20261005084955-28_sem_os_2/G16C8/G16C8-[9, 11].txt
2026-10-05T08:50:04.556-03:00  INFO 15156 --- [topomanager] [tomcat-handler-7] b.c.s.t.service.IdentificadorService     : ✅ Arquivo TXT gravado com sucesso em: /app/temp/20261005084955-28_sem_os_2/G16C8/G16C8-[9, 16].txt
2026-10-05T08:50:04.557-03:00  INFO 15156 --- [topomanager] [tomcat-handler-7] b.c.s.t.service.IdentificadorService     : ✅ Arquivo TXT gravado com sucesso em: /app/temp/20261005084955-28_sem_os_2/G16C8/G16C8-[9, 18].txt
2026-10-05T08:50:04.558-03:00  INFO 15156 --- [topomanager] [tomcat-handler-7] b.c.s.t.service.IdentificadorService     : ✅ Arquivo TXT gravado com sucesso em: /app/temp/20261005084955-28_sem_os_2/G16C8/G16C8-[9, 20].txt
2026-10-05T08:50:04.559-03:00  INFO 15156 --- [topomanager] [tomcat-handler-7] b.c.s.t.service.IdentificadorService     : ✅ Arquivo TXT gravado com sucesso em: /app/temp/20261005084955-28_sem_os_2/G16C8/G16C8-[9, 23].txt
2026-10-05T08:50:04.560-03:00  INFO 15156 --- [topomanager] [tomcat-handler-7] b.c.s.t.service.IdentificadorService     : ✅ Arquivo TXT gravado com sucesso em: /app/temp/20261005084955-28_sem_os_2/G16C8/G16C8-[9, 24].txt
2026-10-05T08:50:04.560-03:00  INFO 15156 --- [topomanager] [tomcat-handler-7] b.c.s.t.service.IdentificadorService     : ✅ Arquivo TXT gravado com sucesso em: /app/temp/20261005084955-28_sem_os_2/G16C8/G16C8-[9, 25].txt
2026-10-05T08:50:04.561-03:00  INFO 15156 --- [topomanager] [tomcat-handler-7] b.c.s.t.service.IdentificadorService     : ✅ Arquivo TXT gravado com sucesso em: /app/temp/20261005084955-28_sem_os_2/G16C8/G16C8-[10, 11].txt
2026-10-05T08:50:04.562-03:00  INFO 15156 --- [topomanager] [tomcat-handler-7] b.c.s.t.service.IdentificadorService     : ✅ Arquivo TXT gravado com sucesso em: /app/temp/20261005084955-28_sem_os_2/G16C8/G16C8-[10, 16].txt
2026-10-05T08:50:04.562-03:00  INFO 15156 --- [topomanager] [tomcat-handler-7] b.c.s.t.service.IdentificadorService     : ✅ Arquivo TXT gravado com sucesso em: /app/temp/20261005084955-28_sem_os_2/G16C8/G16C8-[10, 18].txt
2026-10-05T08:50:04.563-03:00  INFO 15156 --- [topomanager] [tomcat-handler-7] b.c.s.t.service.IdentificadorService     : ✅ Arquivo TXT gravado com sucesso em: /app/temp/20261005084955-28_sem_os_2/G16C8/G16C8-[10, 20].txt
2026-10-05T08:50:04.564-03:00  INFO 15156 --- [topomanager] [tomcat-handler-7] b.c.s.t.service.IdentificadorService     : ✅ Arquivo TXT gravado com sucesso em: /app/temp/20261005084955-28_sem_os_2/G16C8/G16C8-[10, 23].txt
2026-10-05T08:50:04.564-03:00  INFO 15156 --- [topomanager] [tomcat-handler-7] b.c.s.t.service.IdentificadorService     : ✅ Arquivo TXT gravado com sucesso em: /app/temp/20261005084955-28_sem_os_2/G16C8/G16C8-[10, 24].txt
2026-10-05T08:50:04.565-03:00  INFO 15156 --- [topomanager] [tomcat-handler-7] b.c.s.t.service.IdentificadorService     : ✅ Arquivo TXT gravado com sucesso em: /app/temp/20261005084955-28_sem_os_2/G16C8/G16C8-[10, 25].txt
2026-10-05T08:50:04.565-03:00  INFO 15156 --- [topomanager] [tomcat-handler-7] b.c.s.t.service.IdentificadorService     : ✅ Arquivo TXT gravado com sucesso em: /app/temp/20261005084955-28_sem_os_2/G16C8/G16C8-[11, 16].txt
2026-10-05T08:50:04.566-03:00  INFO 15156 --- [topomanager] [tomcat-handler-7] b.c.s.t.service.IdentificadorService     : ✅ Arquivo TXT gravado com sucesso em: /app/temp/20261005084955-28_sem_os_2/G16C8/G16C8-[11, 18].txt
2026-10-05T08:50:04.567-03:00  INFO 15156 --- [topomanager] [tomcat-handler-7] b.c.s.t.service.IdentificadorService     : ✅ Arquivo TXT gravado com sucesso em: /app/temp/20261005084955-28_sem_os_2/G16C8/G16C8-[11, 20].txt
2026-10-05T08:50:04.567-03:00  INFO 15156 --- [topomanager] [tomcat-handler-7] b.c.s.t.service.IdentificadorService     : ✅ Arquivo TXT gravado com sucesso em: /app/temp/20261005084955-28_sem_os_2/G16C8/G16C8-[11, 23].txt
2026-10-05T08:50:04.568-03:00  INFO 15156 --- [topomanager] [tomcat-handler-7] b.c.s.t.service.IdentificadorService     : ✅ Arquivo TXT gravado com sucesso em: /app/temp/20261005084955-28_sem_os_2/G16C8/G16C8-[11, 24].txt
2026-10-05T08:50:04.569-03:00  INFO 15156 --- [topomanager] [tomcat-handler-7] b.c.s.t.service.IdentificadorService     : ✅ Arquivo TXT gravado com sucesso em: /app/temp/20261005084955-28_sem_os_2/G16C8/G16C8-[11, 25].txt
2026-10-05T08:50:04.570-03:00  INFO 15156 --- [topomanager] [tomcat-handler-7] b.c.s.t.service.IdentificadorService     : ✅ Arquivo TXT gravado com sucesso em: /app/temp/20261005084955-28_sem_os_2/G16C8/G16C8-[16, 18].txt
2026-10-05T08:50:04.570-03:00  INFO 15156 --- [topomanager] [tomcat-handler-7] b.c.s.t.service.IdentificadorService     : ✅ Arquivo TXT gravado com sucesso em: /app/temp/20261005084955-28_sem_os_2/G16C8/G16C8-[16, 20].txt
2026-10-05T08:50:04.571-03:00  INFO 15156 --- [topomanager] [tomcat-handler-7] b.c.s.t.service.IdentificadorService     : ✅ Arquivo TXT gravado com sucesso em: /app/temp/20261005084955-28_sem_os_2/G16C8/G16C8-[16, 23].txt
2026-10-05T08:50:04.572-03:00  INFO 15156 --- [topomanager] [tomcat-handler-7] b.c.s.t.service.IdentificadorService     : ✅ Arquivo TXT gravado com sucesso em: /app/temp/20261005084955-28_sem_os_2/G16C8/G16C8-[16, 24].txt
2026-10-05T08:50:04.573-03:00  INFO 15156 --- [topomanager] [tomcat-handler-7] b.c.s.t.service.IdentificadorService     : ✅ Arquivo TXT gravado com sucesso em: /app/temp/20261005084955-28_sem_os_2/G16C8/G16C8-[16, 25].txt
2026-10-05T08:50:04.574-03:00  INFO 15156 --- [topomanager] [tomcat-handler-7] b.c.s.t.service.IdentificadorService     : ✅ Arquivo TXT gravado com sucesso em: /app/temp/20261005084955-28_sem_os_2/G16C8/G16C8-[18, 20].txt
2026-10-05T08:50:04.574-03:00  INFO 15156 --- [topomanager] [tomcat-handler-7] b.c.s.t.service.IdentificadorService     : ✅ Arquivo TXT gravado com sucesso em: /app/temp/20261005084955-28_sem_os_2/G16C8/G16C8-[18, 23].txt
2026-10-05T08:50:04.575-03:00  INFO 15156 --- [topomanager] [tomcat-handler-7] b.c.s.t.service.IdentificadorService     : ✅ Arquivo TXT gravado com sucesso em: /app/temp/20261005084955-28_sem_os_2/G16C8/G16C8-[18, 24].txt
2026-10-05T08:50:04.575-03:00  INFO 15156 --- [topomanager] [tomcat-handler-7] b.c.s.t.service.IdentificadorService     : ✅ Arquivo TXT gravado com sucesso em: /app/temp/20261005084955-28_sem_os_2/G16C8/G16C8-[18, 25].txt
2026-10-05T08:50:04.576-03:00  INFO 15156 --- [topomanager] [tomcat-handler-7] b.c.s.t.service.IdentificadorService     : ✅ Arquivo TXT gravado com sucesso em: /app/temp/20261005084955-28_sem_os_2/G16C8/G16C8-[20, 23].txt
2026-10-05T08:50:04.577-03:00  INFO 15156 --- [topomanager] [tomcat-handler-7] b.c.s.t.service.IdentificadorService     : ✅ Arquivo TXT gravado com sucesso em: /app/temp/20261005084955-28_sem_os_2/G16C8/G16C8-[20, 24].txt
2026-10-05T08:50:04.578-03:00  INFO 15156 --- [topomanager] [tomcat-handler-7] b.c.s.t.service.IdentificadorService     : ✅ Arquivo TXT gravado com sucesso em: /app/temp/20261005084955-28_sem_os_2/G16C8/G16C8-[20, 25].txt
2026-10-05T08:50:04.578-03:00  INFO 15156 --- [topomanager] [tomcat-handler-7] b.c.s.t.service.IdentificadorService     : ✅ Arquivo TXT gravado com sucesso em: /app/temp/20261005084955-28_sem_os_2/G16C8/G16C8-[23, 24].txt
2026-10-05T08:50:04.579-03:00  INFO 15156 --- [topomanager] [tomcat-handler-7] b.c.s.t.service.IdentificadorService     : ✅ Arquivo TXT gravado com sucesso em: /app/temp/20261005084955-28_sem_os_2/G16C8/G16C8-[23, 25].txt
2026-10-05T08:50:04.579-03:00  INFO 15156 --- [topomanager] [tomcat-handler-7] b.c.s.t.service.IdentificadorService     : ✅ Arquivo TXT gravado com sucesso em: /app/temp/20261005084955-28_sem_os_2/G16C8/G16C8-[24, 25].txt
2026-10-05T08:50:04.580-03:00  INFO 15156 --- [topomanager] [tomcat-handler-7] b.c.s.t.service.IdentificadorService     : ✅ Arquivo TXT gravado com sucesso em: /app/temp/20261005084955-28_sem_os_2/G16C3/G16C3-[3, 5].txt
2026-10-05T08:50:04.580-03:00  INFO 15156 --- [topomanager] [tomcat-handler-7] b.c.s.t.service.IdentificadorService     : ✅ Arquivo TXT gravado com sucesso em: /app/temp/20261005084955-28_sem_os_2/G16C3/G16C3-[3, 6].txt
2026-10-05T08:50:04.581-03:00  INFO 15156 --- [topomanager] [tomcat-handler-7] b.c.s.t.service.IdentificadorService     : ✅ Arquivo TXT gravado com sucesso em: /app/temp/20261005084955-28_sem_os_2/G16C3/G16C3-[3, 9].txt
2026-10-05T08:50:04.581-03:00  INFO 15156 --- [topomanager] [tomcat-handler-7] b.c.s.t.service.IdentificadorService     : ✅ Arquivo TXT gravado com sucesso em: /app/temp/20261005084955-28_sem_os_2/G16C3/G16C3-[3, 10].txt
2026-10-05T08:50:04.582-03:00  INFO 15156 --- [topomanager] [tomcat-handler-7] b.c.s.t.service.IdentificadorService     : ✅ Arquivo TXT gravado com sucesso em: /app/temp/20261005084955-28_sem_os_2/G16C3/G16C3-[3, 11].txt
2026-10-05T08:50:04.583-03:00  INFO 15156 --- [topomanager] [tomcat-handler-7] b.c.s.t.service.IdentificadorService     : ✅ Arquivo TXT gravado com sucesso em: /app/temp/20261005084955-28_sem_os_2/G16C3/G16C3-[3, 16].txt
2026-10-05T08:50:04.583-03:00  INFO 15156 --- [topomanager] [tomcat-handler-7] b.c.s.t.service.IdentificadorService     : ✅ Arquivo TXT gravado com sucesso em: /app/temp/20261005084955-28_sem_os_2/G16C3/G16C3-[3, 18].txt
2026-10-05T08:50:04.584-03:00  INFO 15156 --- [topomanager] [tomcat-handler-7] b.c.s.t.service.IdentificadorService     : ✅ Arquivo TXT gravado com sucesso em: /app/temp/20261005084955-28_sem_os_2/G16C3/G16C3-[3, 23].txt
2026-10-05T08:50:04.585-03:00  INFO 15156 --- [topomanager] [tomcat-handler-7] b.c.s.t.service.IdentificadorService     : ✅ Arquivo TXT gravado com sucesso em: /app/temp/20261005084955-28_sem_os_2/G16C3/G16C3-[3, 24].txt
2026-10-05T08:50:04.585-03:00  INFO 15156 --- [topomanager] [tomcat-handler-7] b.c.s.t.service.IdentificadorService     : ✅ Arquivo TXT gravado com sucesso em: /app/temp/20261005084955-28_sem_os_2/G16C3/G16C3-[3, 25].txt
2026-10-05T08:50:04.586-03:00  INFO 15156 --- [topomanager] [tomcat-handler-7] b.c.s.t.service.IdentificadorService     : ✅ Arquivo TXT gravado com sucesso em: /app/temp/20261005084955-28_sem_os_2/G16C3/G16C3-[5, 6].txt
2026-10-05T08:50:04.587-03:00  INFO 15156 --- [topomanager] [tomcat-handler-7] b.c.s.t.service.IdentificadorService     : ✅ Arquivo TXT gravado com sucesso em: /app/temp/20261005084955-28_sem_os_2/G16C3/G16C3-[5, 9].txt
2026-10-05T08:50:04.587-03:00  INFO 15156 --- [topomanager] [tomcat-handler-7] b.c.s.t.service.IdentificadorService     : ✅ Arquivo TXT gravado com sucesso em: /app/temp/20261005084955-28_sem_os_2/G16C3/G16C3-[5, 10].txt
2026-10-05T08:50:04.588-03:00  INFO 15156 --- [topomanager] [tomcat-handler-7] b.c.s.t.service.IdentificadorService     : ✅ Arquivo TXT gravado com sucesso em: /app/temp/20261005084955-28_sem_os_2/G16C3/G16C3-[5, 11].txt
2026-10-05T08:50:04.589-03:00  INFO 15156 --- [topomanager] [tomcat-handler-7] b.c.s.t.service.IdentificadorService     : ✅ Arquivo TXT gravado com sucesso em: /app/temp/20261005084955-28_sem_os_2/G16C3/G16C3-[5, 16].txt
2026-10-05T08:50:04.589-03:00  INFO 15156 --- [topomanager] [tomcat-handler-7] b.c.s.t.service.IdentificadorService     : ✅ Arquivo TXT gravado com sucesso em: /app/temp/20261005084955-28_sem_os_2/G16C3/G16C3-[5, 18].txt
2026-10-05T08:50:04.590-03:00  INFO 15156 --- [topomanager] [tomcat-handler-7] b.c.s.t.service.IdentificadorService     : ✅ Arquivo TXT gravado com sucesso em: /app/temp/20261005084955-28_sem_os_2/G16C3/G16C3-[5, 23].txt
2026-10-05T08:50:04.591-03:00  INFO 15156 --- [topomanager] [tomcat-handler-7] b.c.s.t.service.IdentificadorService     : ✅ Arquivo TXT gravado com sucesso em: /app/temp/20261005084955-28_sem_os_2/G16C3/G16C3-[5, 24].txt
2026-10-05T08:50:04.591-03:00  INFO 15156 --- [topomanager] [tomcat-handler-7] b.c.s.t.service.IdentificadorService     : ✅ Arquivo TXT gravado com sucesso em: /app/temp/20261005084955-28_sem_os_2/G16C3/G16C3-[5, 25].txt
2026-10-05T08:50:04.592-03:00  INFO 15156 --- [topomanager] [tomcat-handler-7] b.c.s.t.service.IdentificadorService     : ✅ Arquivo TXT gravado com sucesso em: /app/temp/20261005084955-28_sem_os_2/G16C3/G16C3-[6, 9].txt
2026-10-05T08:50:04.592-03:00  INFO 15156 --- [topomanager] [tomcat-handler-7] b.c.s.t.service.IdentificadorService     : ✅ Arquivo TXT gravado com sucesso em: /app/temp/20261005084955-28_sem_os_2/G16C3/G16C3-[6, 10].txt
2026-10-05T08:50:04.593-03:00  INFO 15156 --- [topomanager] [tomcat-handler-7] b.c.s.t.service.IdentificadorService     : ✅ Arquivo TXT gravado com sucesso em: /app/temp/20261005084955-28_sem_os_2/G16C3/G16C3-[6, 11].txt
2026-10-05T08:50:04.594-03:00  INFO 15156 --- [topomanager] [tomcat-handler-7] b.c.s.t.service.IdentificadorService     : ✅ Arquivo TXT gravado com sucesso em: /app/temp/20261005084955-28_sem_os_2/G16C3/G16C3-[6, 16].txt
2026-10-05T08:50:04.594-03:00  INFO 15156 --- [topomanager] [tomcat-handler-7] b.c.s.t.service.IdentificadorService     : ✅ Arquivo TXT gravado com sucesso em: /app/temp/20261005084955-28_sem_os_2/G16C3/G16C3-[6, 18].txt
2026-10-05T08:50:04.595-03:00  INFO 15156 --- [topomanager] [tomcat-handler-7] b.c.s.t.service.IdentificadorService     : ✅ Arquivo TXT gravado com sucesso em: /app/temp/20261005084955-28_sem_os_2/G16C3/G16C3-[6, 23].txt
2026-10-05T08:50:04.596-03:00  INFO 15156 --- [topomanager] [tomcat-handler-7] b.c.s.t.service.IdentificadorService     : ✅ Arquivo TXT gravado com sucesso em: /app/temp/20261005084955-28_sem_os_2/G16C3/G16C3-[6, 24].txt
2026-10-05T08:50:04.596-03:00  INFO 15156 --- [topomanager] [tomcat-handler-7] b.c.s.t.service.IdentificadorService     : ✅ Arquivo TXT gravado com sucesso em: /app/temp/20261005084955-28_sem_os_2/G16C3/G16C3-[6, 25].txt
2026-10-05T08:50:04.597-03:00  INFO 15156 --- [topomanager] [tomcat-handler-7] b.c.s.t.service.IdentificadorService     : ✅ Arquivo TXT gravado com sucesso em: /app/temp/20261005084955-28_sem_os_2/G16C3/G16C3-[9, 10].txt
2026-10-05T08:50:04.597-03:00  INFO 15156 --- [topomanager] [tomcat-handler-7] b.c.s.t.service.IdentificadorService     : ✅ Arquivo TXT gravado com sucesso em: /app/temp/20261005084955-28_sem_os_2/G16C3/G16C3-[9, 11].txt
2026-10-05T08:50:04.598-03:00  INFO 15156 --- [topomanager] [tomcat-handler-7] b.c.s.t.service.IdentificadorService     : ✅ Arquivo TXT gravado com sucesso em: /app/temp/20261005084955-28_sem_os_2/G16C3/G16C3-[9, 16].txt
2026-10-05T08:50:04.598-03:00  INFO 15156 --- [topomanager] [tomcat-handler-7] b.c.s.t.service.IdentificadorService     : ✅ Arquivo TXT gravado com sucesso em: /app/temp/20261005084955-28_sem_os_2/G16C3/G16C3-[9, 18].txt
2026-10-05T08:50:04.599-03:00  INFO 15156 --- [topomanager] [tomcat-handler-7] b.c.s.t.service.IdentificadorService     : ✅ Arquivo TXT gravado com sucesso em: /app/temp/20261005084955-28_sem_os_2/G16C3/G16C3-[9, 23].txt
2026-10-05T08:50:04.600-03:00  INFO 15156 --- [topomanager] [tomcat-handler-7] b.c.s.t.service.IdentificadorService     : ✅ Arquivo TXT gravado com sucesso em: /app/temp/20261005084955-28_sem_os_2/G16C3/G16C3-[9, 24].txt
2026-10-05T08:50:04.601-03:00  INFO 15156 --- [topomanager] [tomcat-handler-7] b.c.s.t.service.IdentificadorService     : ✅ Arquivo TXT gravado com sucesso em: /app/temp/20261005084955-28_sem_os_2/G16C3/G16C3-[9, 25].txt
2026-10-05T08:50:04.602-03:00  INFO 15156 --- [topomanager] [tomcat-handler-7] b.c.s.t.service.IdentificadorService     : ✅ Arquivo TXT gravado com sucesso em: /app/temp/20261005084955-28_sem_os_2/G16C3/G16C3-[10, 11].txt
2026-10-05T08:50:04.602-03:00  INFO 15156 --- [topomanager] [tomcat-handler-7] b.c.s.t.service.IdentificadorService     : ✅ Arquivo TXT gravado com sucesso em: /app/temp/20261005084955-28_sem_os_2/G16C3/G16C3-[10, 16].txt
2026-10-05T08:50:04.603-03:00  INFO 15156 --- [topomanager] [tomcat-handler-7] b.c.s.t.service.IdentificadorService     : ✅ Arquivo TXT gravado com sucesso em: /app/temp/20261005084955-28_sem_os_2/G16C3/G16C3-[10, 18].txt
2026-10-05T08:50:04.604-03:00  INFO 15156 --- [topomanager] [tomcat-handler-7] b.c.s.t.service.IdentificadorService     : ✅ Arquivo TXT gravado com sucesso em: /app/temp/20261005084955-28_sem_os_2/G16C3/G16C3-[10, 23].txt
2026-10-05T08:50:04.604-03:00  INFO 15156 --- [topomanager] [tomcat-handler-7] b.c.s.t.service.IdentificadorService     : ✅ Arquivo TXT gravado com sucesso em: /app/temp/20261005084955-28_sem_os_2/G16C3/G16C3-[10, 24].txt
2026-10-05T08:50:04.605-03:00  INFO 15156 --- [topomanager] [tomcat-handler-7] b.c.s.t.service.IdentificadorService     : ✅ Arquivo TXT gravado com sucesso em: /app/temp/20261005084955-28_sem_os_2/G16C3/G16C3-[10, 25].txt
2026-10-05T08:50:04.605-03:00  INFO 15156 --- [topomanager] [tomcat-handler-7] b.c.s.t.service.IdentificadorService     : ✅ Arquivo TXT gravado com sucesso em: /app/temp/20261005084955-28_sem_os_2/G16C3/G16C3-[11, 16].txt
2026-10-05T08:50:04.606-03:00  INFO 15156 --- [topomanager] [tomcat-handler-7] b.c.s.t.service.IdentificadorService     : ✅ Arquivo TXT gravado com sucesso em: /app/temp/20261005084955-28_sem_os_2/G16C3/G16C3-[11, 18].txt
2026-10-05T08:50:04.607-03:00  INFO 15156 --- [topomanager] [tomcat-handler-7] b.c.s.t.service.IdentificadorService     : ✅ Arquivo TXT gravado com sucesso em: /app/temp/20261005084955-28_sem_os_2/G16C3/G16C3-[11, 23].txt
2026-10-05T08:50:04.607-03:00  INFO 15156 --- [topomanager] [tomcat-handler-7] b.c.s.t.service.IdentificadorService     : ✅ Arquivo TXT gravado com sucesso em: /app/temp/20261005084955-28_sem_os_2/G16C3/G16C3-[11, 24].txt
2026-10-05T08:50:04.607-03:00  INFO 15156 --- [topomanager] [tomcat-handler-7] b.c.s.t.service.IdentificadorService     : ✅ Arquivo TXT gravado com sucesso em: /app/temp/20261005084955-28_sem_os_2/G16C3/G16C3-[11, 25].txt
2026-10-05T08:50:04.608-03:00  INFO 15156 --- [topomanager] [tomcat-handler-7] b.c.s.t.service.IdentificadorService     : ✅ Arquivo TXT gravado com sucesso em: /app/temp/20261005084955-28_sem_os_2/G16C3/G16C3-[16, 18].txt
2026-10-05T08:50:04.608-03:00  INFO 15156 --- [topomanager] [tomcat-handler-7] b.c.s.t.service.IdentificadorService     : ✅ Arquivo TXT gravado com sucesso em: /app/temp/20261005084955-28_sem_os_2/G16C3/G16C3-[16, 23].txt
2026-10-05T08:50:04.609-03:00  INFO 15156 --- [topomanager] [tomcat-handler-7] b.c.s.t.service.IdentificadorService     : ✅ Arquivo TXT gravado com sucesso em: /app/temp/20261005084955-28_sem_os_2/G16C3/G16C3-[16, 24].txt
2026-10-05T08:50:04.610-03:00  INFO 15156 --- [topomanager] [tomcat-handler-7] b.c.s.t.service.IdentificadorService     : ✅ Arquivo TXT gravado com sucesso em: /app/temp/20261005084955-28_sem_os_2/G16C3/G16C3-[16, 25].txt
2026-10-05T08:50:04.610-03:00  INFO 15156 --- [topomanager] [tomcat-handler-7] b.c.s.t.service.IdentificadorService     : ✅ Arquivo TXT gravado com sucesso em: /app/temp/20261005084955-28_sem_os_2/G16C3/G16C3-[18, 23].txt
2026-10-05T08:50:04.611-03:00  INFO 15156 --- [topomanager] [tomcat-handler-7] b.c.s.t.service.IdentificadorService     : ✅ Arquivo TXT gravado com sucesso em: /app/temp/20261005084955-28_sem_os_2/G16C3/G16C3-[18, 24].txt
2026-10-05T08:50:04.612-03:00  INFO 15156 --- [topomanager] [tomcat-handler-7] b.c.s.t.service.IdentificadorService     : ✅ Arquivo TXT gravado com sucesso em: /app/temp/20261005084955-28_sem_os_2/G16C3/G16C3-[18, 25].txt
2026-10-05T08:50:04.612-03:00  INFO 15156 --- [topomanager] [tomcat-handler-7] b.c.s.t.service.IdentificadorService     : ✅ Arquivo TXT gravado com sucesso em: /app/temp/20261005084955-28_sem_os_2/G16C3/G16C3-[23, 24].txt
2026-10-05T08:50:04.613-03:00  INFO 15156 --- [topomanager] [tomcat-handler-7] b.c.s.t.service.IdentificadorService     : ✅ Arquivo TXT gravado com sucesso em: /app/temp/20261005084955-28_sem_os_2/G16C3/G16C3-[23, 25].txt
2026-10-05T08:50:04.614-03:00  INFO 15156 --- [topomanager] [tomcat-handler-7] b.c.s.t.service.IdentificadorService     : ✅ Arquivo TXT gravado com sucesso em: /app/temp/20261005084955-28_sem_os_2/G16C3/G16C3-[24, 25].txt
2026-10-05T08:50:04.614-03:00  INFO 15156 --- [topomanager] [tomcat-handler-7] b.c.s.t.service.IdentificadorService     : ✅ Arquivo TXT gravado com sucesso em: /app/temp/20261005084955-28_sem_os_2/G12C5/G12C5-[2, 5].txt
2026-10-05T08:50:04.615-03:00  INFO 15156 --- [topomanager] [tomcat-handler-7] b.c.s.t.service.IdentificadorService     : ✅ Arquivo TXT gravado com sucesso em: /app/temp/20261005084955-28_sem_os_2/G12C5/G12C5-[2, 6].txt
2026-10-05T08:50:04.616-03:00  INFO 15156 --- [topomanager] [tomcat-handler-7] b.c.s.t.service.IdentificadorService     : ✅ Arquivo TXT gravado com sucesso em: /app/temp/20261005084955-28_sem_os_2/G12C5/G12C5-[2, 9].txt
2026-10-05T08:50:04.617-03:00  INFO 15156 --- [topomanager] [tomcat-handler-7] b.c.s.t.service.IdentificadorService     : ✅ Arquivo TXT gravado com sucesso em: /app/temp/20261005084955-28_sem_os_2/G12C5/G12C5-[2, 10].txt
2026-10-05T08:50:04.617-03:00  INFO 15156 --- [topomanager] [tomcat-handler-7] b.c.s.t.service.IdentificadorService     : ✅ Arquivo TXT gravado com sucesso em: /app/temp/20261005084955-28_sem_os_2/G12C5/G12C5-[2, 11].txt
2026-10-05T08:50:04.620-03:00  INFO 15156 --- [topomanager] [tomcat-handler-7] b.c.s.t.service.IdentificadorService     : ✅ Arquivo TXT gravado com sucesso em: /app/temp/20261005084955-28_sem_os_2/G12C5/G12C5-[2, 13].txt
2026-10-05T08:50:04.620-03:00  INFO 15156 --- [topomanager] [tomcat-handler-7] b.c.s.t.service.IdentificadorService     : ✅ Arquivo TXT gravado com sucesso em: /app/temp/20261005084955-28_sem_os_2/G12C5/G12C5-[2, 14].txt
2026-10-05T08:50:04.621-03:00  INFO 15156 --- [topomanager] [tomcat-handler-7] b.c.s.t.service.IdentificadorService     : ✅ Arquivo TXT gravado com sucesso em: /app/temp/20261005084955-28_sem_os_2/G12C5/G12C5-[2, 16].txt
2026-10-05T08:50:04.622-03:00  INFO 15156 --- [topomanager] [tomcat-handler-7] b.c.s.t.service.IdentificadorService     : ✅ Arquivo TXT gravado com sucesso em: /app/temp/20261005084955-28_sem_os_2/G12C5/G12C5-[2, 18].txt
2026-10-05T08:50:04.622-03:00  INFO 15156 --- [topomanager] [tomcat-handler-7] b.c.s.t.service.IdentificadorService     : ✅ Arquivo TXT gravado com sucesso em: /app/temp/20261005084955-28_sem_os_2/G12C5/G12C5-[2, 24].txt
2026-10-05T08:50:04.623-03:00  INFO 15156 --- [topomanager] [tomcat-handler-7] b.c.s.t.service.IdentificadorService     : ✅ Arquivo TXT gravado com sucesso em: /app/temp/20261005084955-28_sem_os_2/G12C5/G12C5-[5, 6].txt
2026-10-05T08:50:04.623-03:00  INFO 15156 --- [topomanager] [tomcat-handler-7] b.c.s.t.service.IdentificadorService     : ✅ Arquivo TXT gravado com sucesso em: /app/temp/20261005084955-28_sem_os_2/G12C5/G12C5-[5, 9].txt
2026-10-05T08:50:04.624-03:00  INFO 15156 --- [topomanager] [tomcat-handler-7] b.c.s.t.service.IdentificadorService     : ✅ Arquivo TXT gravado com sucesso em: /app/temp/20261005084955-28_sem_os_2/G12C5/G12C5-[5, 10].txt
2026-10-05T08:50:04.625-03:00  INFO 15156 --- [topomanager] [tomcat-handler-7] b.c.s.t.service.IdentificadorService     : ✅ Arquivo TXT gravado com sucesso em: /app/temp/20261005084955-28_sem_os_2/G12C5/G12C5-[5, 11].txt
2026-10-05T08:50:04.625-03:00  INFO 15156 --- [topomanager] [tomcat-handler-7] b.c.s.t.service.IdentificadorService     : ✅ Arquivo TXT gravado com sucesso em: /app/temp/20261005084955-28_sem_os_2/G12C5/G12C5-[5, 13].txt
2026-10-05T08:50:04.626-03:00  INFO 15156 --- [topomanager] [tomcat-handler-7] b.c.s.t.service.IdentificadorService     : ✅ Arquivo TXT gravado com sucesso em: /app/temp/20261005084955-28_sem_os_2/G12C5/G12C5-[5, 14].txt
2026-10-05T08:50:04.627-03:00  INFO 15156 --- [topomanager] [tomcat-handler-7] b.c.s.t.service.IdentificadorService     : ✅ Arquivo TXT gravado com sucesso em: /app/temp/20261005084955-28_sem_os_2/G12C5/G12C5-[5, 16].txt
2026-10-05T08:50:04.627-03:00  INFO 15156 --- [topomanager] [tomcat-handler-7] b.c.s.t.service.IdentificadorService     : ✅ Arquivo TXT gravado com sucesso em: /app/temp/20261005084955-28_sem_os_2/G12C5/G12C5-[5, 18].txt
2026-10-05T08:50:04.628-03:00  INFO 15156 --- [topomanager] [tomcat-handler-7] b.c.s.t.service.IdentificadorService     : ✅ Arquivo TXT gravado com sucesso em: /app/temp/20261005084955-28_sem_os_2/G12C5/G12C5-[5, 24].txt
2026-10-05T08:50:04.629-03:00  INFO 15156 --- [topomanager] [tomcat-handler-7] b.c.s.t.service.IdentificadorService     : ✅ Arquivo TXT gravado com sucesso em: /app/temp/20261005084955-28_sem_os_2/G12C5/G12C5-[6, 9].txt
2026-10-05T08:50:04.629-03:00  INFO 15156 --- [topomanager] [tomcat-handler-7] b.c.s.t.service.IdentificadorService     : ✅ Arquivo TXT gravado com sucesso em: /app/temp/20261005084955-28_sem_os_2/G12C5/G12C5-[6, 10].txt
2026-10-05T08:50:04.630-03:00  INFO 15156 --- [topomanager] [tomcat-handler-7] b.c.s.t.service.IdentificadorService     : ✅ Arquivo TXT gravado com sucesso em: /app/temp/20261005084955-28_sem_os_2/G12C5/G12C5-[6, 11].txt
2026-10-05T08:50:04.631-03:00  INFO 15156 --- [topomanager] [tomcat-handler-7] b.c.s.t.service.IdentificadorService     : ✅ Arquivo TXT gravado com sucesso em: /app/temp/20261005084955-28_sem_os_2/G12C5/G12C5-[6, 13].txt
2026-10-05T08:50:04.632-03:00  INFO 15156 --- [topomanager] [tomcat-handler-7] b.c.s.t.service.IdentificadorService     : ✅ Arquivo TXT gravado com sucesso em: /app/temp/20261005084955-28_sem_os_2/G12C5/G12C5-[6, 14].txt
2026-10-05T08:50:04.632-03:00  INFO 15156 --- [topomanager] [tomcat-handler-7] b.c.s.t.service.IdentificadorService     : ✅ Arquivo TXT gravado com sucesso em: /app/temp/20261005084955-28_sem_os_2/G12C5/G12C5-[6, 16].txt
2026-10-05T08:50:04.633-03:00  INFO 15156 --- [topomanager] [tomcat-handler-7] b.c.s.t.service.IdentificadorService     : ✅ Arquivo TXT gravado com sucesso em: /app/temp/20261005084955-28_sem_os_2/G12C5/G12C5-[6, 18].txt
2026-10-05T08:50:04.634-03:00  INFO 15156 --- [topomanager] [tomcat-handler-7] b.c.s.t.service.IdentificadorService     : ✅ Arquivo TXT gravado com sucesso em: /app/temp/20261005084955-28_sem_os_2/G12C5/G12C5-[6, 24].txt
2026-10-05T08:50:04.634-03:00  INFO 15156 --- [topomanager] [tomcat-handler-7] b.c.s.t.service.IdentificadorService     : ✅ Arquivo TXT gravado com sucesso em: /app/temp/20261005084955-28_sem_os_2/G12C5/G12C5-[9, 10].txt
2026-10-05T08:50:04.635-03:00  INFO 15156 --- [topomanager] [tomcat-handler-7] b.c.s.t.service.IdentificadorService     : ✅ Arquivo TXT gravado com sucesso em: /app/temp/20261005084955-28_sem_os_2/G12C5/G12C5-[9, 11].txt
2026-10-05T08:50:04.635-03:00  INFO 15156 --- [topomanager] [tomcat-handler-7] b.c.s.t.service.IdentificadorService     : ✅ Arquivo TXT gravado com sucesso em: /app/temp/20261005084955-28_sem_os_2/G12C5/G12C5-[9, 13].txt
2026-10-05T08:50:04.636-03:00  INFO 15156 --- [topomanager] [tomcat-handler-7] b.c.s.t.service.IdentificadorService     : ✅ Arquivo TXT gravado com sucesso em: /app/temp/20261005084955-28_sem_os_2/G12C5/G12C5-[9, 14].txt
2026-10-05T08:50:04.637-03:00  INFO 15156 --- [topomanager] [tomcat-handler-7] b.c.s.t.service.IdentificadorService     : ✅ Arquivo TXT gravado com sucesso em: /app/temp/20261005084955-28_sem_os_2/G12C5/G12C5-[9, 16].txt
2026-10-05T08:50:04.637-03:00  INFO 15156 --- [topomanager] [tomcat-handler-7] b.c.s.t.service.IdentificadorService     : ✅ Arquivo TXT gravado com sucesso em: /app/temp/20261005084955-28_sem_os_2/G12C5/G12C5-[9, 18].txt
2026-10-05T08:50:04.638-03:00  INFO 15156 --- [topomanager] [tomcat-handler-7] b.c.s.t.service.IdentificadorService     : ✅ Arquivo TXT gravado com sucesso em: /app/temp/20261005084955-28_sem_os_2/G12C5/G12C5-[9, 24].txt
2026-10-05T08:50:04.639-03:00  INFO 15156 --- [topomanager] [tomcat-handler-7] b.c.s.t.service.IdentificadorService     : ✅ Arquivo TXT gravado com sucesso em: /app/temp/20261005084955-28_sem_os_2/G12C5/G12C5-[10, 11].txt
2026-10-05T08:50:04.640-03:00  INFO 15156 --- [topomanager] [tomcat-handler-7] b.c.s.t.service.IdentificadorService     : ✅ Arquivo TXT gravado com sucesso em: /app/temp/20261005084955-28_sem_os_2/G12C5/G12C5-[10, 13].txt
2026-10-05T08:50:04.640-03:00  INFO 15156 --- [topomanager] [tomcat-handler-7] b.c.s.t.service.IdentificadorService     : ✅ Arquivo TXT gravado com sucesso em: /app/temp/20261005084955-28_sem_os_2/G12C5/G12C5-[10, 14].txt
2026-10-05T08:50:04.641-03:00  INFO 15156 --- [topomanager] [tomcat-handler-7] b.c.s.t.service.IdentificadorService     : ✅ Arquivo TXT gravado com sucesso em: /app/temp/20261005084955-28_sem_os_2/G12C5/G12C5-[10, 16].txt
2026-10-05T08:50:04.642-03:00  INFO 15156 --- [topomanager] [tomcat-handler-7] b.c.s.t.service.IdentificadorService     : ✅ Arquivo TXT gravado com sucesso em: /app/temp/20261005084955-28_sem_os_2/G12C5/G12C5-[10, 18].txt
2026-10-05T08:50:04.642-03:00  INFO 15156 --- [topomanager] [tomcat-handler-7] b.c.s.t.service.IdentificadorService     : ✅ Arquivo TXT gravado com sucesso em: /app/temp/20261005084955-28_sem_os_2/G12C5/G12C5-[10, 24].txt
2026-10-05T08:50:04.643-03:00  INFO 15156 --- [topomanager] [tomcat-handler-7] b.c.s.t.service.IdentificadorService     : ✅ Arquivo TXT gravado com sucesso em: /app/temp/20261005084955-28_sem_os_2/G12C5/G12C5-[11, 13].txt
2026-10-05T08:50:04.643-03:00  INFO 15156 --- [topomanager] [tomcat-handler-7] b.c.s.t.service.IdentificadorService     : ✅ Arquivo TXT gravado com sucesso em: /app/temp/20261005084955-28_sem_os_2/G12C5/G12C5-[11, 14].txt
2026-10-05T08:50:04.644-03:00  INFO 15156 --- [topomanager] [tomcat-handler-7] b.c.s.t.service.IdentificadorService     : ✅ Arquivo TXT gravado com sucesso em: /app/temp/20261005084955-28_sem_os_2/G12C5/G12C5-[11, 16].txt
2026-10-05T08:50:04.645-03:00  INFO 15156 --- [topomanager] [tomcat-handler-7] b.c.s.t.service.IdentificadorService     : ✅ Arquivo TXT gravado com sucesso em: /app/temp/20261005084955-28_sem_os_2/G12C5/G12C5-[11, 18].txt
2026-10-05T08:50:04.645-03:00  INFO 15156 --- [topomanager] [tomcat-handler-7] b.c.s.t.service.IdentificadorService     : ✅ Arquivo TXT gravado com sucesso em: /app/temp/20261005084955-28_sem_os_2/G12C5/G12C5-[11, 24].txt
2026-10-05T08:50:04.646-03:00  INFO 15156 --- [topomanager] [tomcat-handler-7] b.c.s.t.service.IdentificadorService     : ✅ Arquivo TXT gravado com sucesso em: /app/temp/20261005084955-28_sem_os_2/G12C5/G12C5-[13, 14].txt
2026-10-05T08:50:04.648-03:00  INFO 15156 --- [topomanager] [tomcat-handler-7] b.c.s.t.service.IdentificadorService     : ✅ Arquivo TXT gravado com sucesso em: /app/temp/20261005084955-28_sem_os_2/G12C5/G12C5-[13, 16].txt
2026-10-05T08:50:04.648-03:00  INFO 15156 --- [topomanager] [tomcat-handler-7] b.c.s.t.service.IdentificadorService     : ✅ Arquivo TXT gravado com sucesso em: /app/temp/20261005084955-28_sem_os_2/G12C5/G12C5-[13, 18].txt
2026-10-05T08:50:04.649-03:00  INFO 15156 --- [topomanager] [tomcat-handler-7] b.c.s.t.service.IdentificadorService     : ✅ Arquivo TXT gravado com sucesso em: /app/temp/20261005084955-28_sem_os_2/G12C5/G12C5-[13, 24].txt
2026-10-05T08:50:04.650-03:00  INFO 15156 --- [topomanager] [tomcat-handler-7] b.c.s.t.service.IdentificadorService     : ✅ Arquivo TXT gravado com sucesso em: /app/temp/20261005084955-28_sem_os_2/G12C5/G12C5-[14, 16].txt
2026-10-05T08:50:04.650-03:00  INFO 15156 --- [topomanager] [tomcat-handler-7] b.c.s.t.service.IdentificadorService     : ✅ Arquivo TXT gravado com sucesso em: /app/temp/20261005084955-28_sem_os_2/G12C5/G12C5-[14, 18].txt
2026-10-05T08:50:04.651-03:00  INFO 15156 --- [topomanager] [tomcat-handler-7] b.c.s.t.service.IdentificadorService     : ✅ Arquivo TXT gravado com sucesso em: /app/temp/20261005084955-28_sem_os_2/G12C5/G12C5-[14, 24].txt
2026-10-05T08:50:04.652-03:00  INFO 15156 --- [topomanager] [tomcat-handler-7] b.c.s.t.service.IdentificadorService     : ✅ Arquivo TXT gravado com sucesso em: /app/temp/20261005084955-28_sem_os_2/G12C5/G12C5-[16, 18].txt
2026-10-05T08:50:04.653-03:00  INFO 15156 --- [topomanager] [tomcat-handler-7] b.c.s.t.service.IdentificadorService     : ✅ Arquivo TXT gravado com sucesso em: /app/temp/20261005084955-28_sem_os_2/G12C5/G12C5-[16, 24].txt
2026-10-05T08:50:04.653-03:00  INFO 15156 --- [topomanager] [tomcat-handler-7] b.c.s.t.service.IdentificadorService     : ✅ Arquivo TXT gravado com sucesso em: /app/temp/20261005084955-28_sem_os_2/G12C5/G12C5-[18, 24].txt
2026-10-05T08:50:04.654-03:00  INFO 15156 --- [topomanager] [tomcat-handler-7] b.c.s.t.service.IdentificadorService     : ✅ Arquivo TXT gravado com sucesso em: /app/temp/20261005084955-28_sem_os_2/G16C6/G16C6-[3, 5].txt
2026-10-05T08:50:04.654-03:00  INFO 15156 --- [topomanager] [tomcat-handler-7] b.c.s.t.service.IdentificadorService     : ✅ Arquivo TXT gravado com sucesso em: /app/temp/20261005084955-28_sem_os_2/G16C6/G16C6-[3, 6].txt
2026-10-05T08:50:04.655-03:00  INFO 15156 --- [topomanager] [tomcat-handler-7] b.c.s.t.service.IdentificadorService     : ✅ Arquivo TXT gravado com sucesso em: /app/temp/20261005084955-28_sem_os_2/G16C6/G16C6-[3, 11].txt
2026-10-05T08:50:04.656-03:00  INFO 15156 --- [topomanager] [tomcat-handler-7] b.c.s.t.service.IdentificadorService     : ✅ Arquivo TXT gravado com sucesso em: /app/temp/20261005084955-28_sem_os_2/G16C6/G16C6-[3, 13].txt
2026-10-05T08:50:04.657-03:00  INFO 15156 --- [topomanager] [tomcat-handler-7] b.c.s.t.service.IdentificadorService     : ✅ Arquivo TXT gravado com sucesso em: /app/temp/20261005084955-28_sem_os_2/G16C6/G16C6-[3, 16].txt
2026-10-05T08:50:04.657-03:00  INFO 15156 --- [topomanager] [tomcat-handler-7] b.c.s.t.service.IdentificadorService     : ✅ Arquivo TXT gravado com sucesso em: /app/temp/20261005084955-28_sem_os_2/G16C6/G16C6-[3, 18].txt
2026-10-05T08:50:04.658-03:00  INFO 15156 --- [topomanager] [tomcat-handler-7] b.c.s.t.service.IdentificadorService     : ✅ Arquivo TXT gravado com sucesso em: /app/temp/20261005084955-28_sem_os_2/G16C6/G16C6-[3, 20].txt
2026-10-05T08:50:04.659-03:00  INFO 15156 --- [topomanager] [tomcat-handler-7] b.c.s.t.service.IdentificadorService     : ✅ Arquivo TXT gravado com sucesso em: /app/temp/20261005084955-28_sem_os_2/G16C6/G16C6-[3, 23].txt
2026-10-05T08:50:04.661-03:00  INFO 15156 --- [topomanager] [tomcat-handler-7] b.c.s.t.service.IdentificadorService     : ✅ Arquivo TXT gravado com sucesso em: /app/temp/20261005084955-28_sem_os_2/G16C6/G16C6-[3, 24].txt
2026-10-05T08:50:04.662-03:00  INFO 15156 --- [topomanager] [tomcat-handler-7] b.c.s.t.service.IdentificadorService     : ✅ Arquivo TXT gravado com sucesso em: /app/temp/20261005084955-28_sem_os_2/G16C6/G16C6-[3, 25].txt
2026-10-05T08:50:04.662-03:00  INFO 15156 --- [topomanager] [tomcat-handler-7] b.c.s.t.service.IdentificadorService     : ✅ Arquivo TXT gravado com sucesso em: /app/temp/20261005084955-28_sem_os_2/G16C6/G16C6-[5, 6].txt
2026-10-05T08:50:04.663-03:00  INFO 15156 --- [topomanager] [tomcat-handler-7] b.c.s.t.service.IdentificadorService     : ✅ Arquivo TXT gravado com sucesso em: /app/temp/20261005084955-28_sem_os_2/G16C6/G16C6-[5, 11].txt
2026-10-05T08:50:04.664-03:00  INFO 15156 --- [topomanager] [tomcat-handler-7] b.c.s.t.service.IdentificadorService     : ✅ Arquivo TXT gravado com sucesso em: /app/temp/20261005084955-28_sem_os_2/G16C6/G16C6-[5, 13].txt
2026-10-05T08:50:04.664-03:00  INFO 15156 --- [topomanager] [tomcat-handler-7] b.c.s.t.service.IdentificadorService     : ✅ Arquivo TXT gravado com sucesso em: /app/temp/20261005084955-28_sem_os_2/G16C6/G16C6-[5, 16].txt
2026-10-05T08:50:04.665-03:00  INFO 15156 --- [topomanager] [tomcat-handler-7] b.c.s.t.service.IdentificadorService     : ✅ Arquivo TXT gravado com sucesso em: /app/temp/20261005084955-28_sem_os_2/G16C6/G16C6-[5, 18].txt
2026-10-05T08:50:04.665-03:00  INFO 15156 --- [topomanager] [tomcat-handler-7] b.c.s.t.service.IdentificadorService     : ✅ Arquivo TXT gravado com sucesso em: /app/temp/20261005084955-28_sem_os_2/G16C6/G16C6-[5, 20].txt
2026-10-05T08:50:04.666-03:00  INFO 15156 --- [topomanager] [tomcat-handler-7] b.c.s.t.service.IdentificadorService     : ✅ Arquivo TXT gravado com sucesso em: /app/temp/20261005084955-28_sem_os_2/G16C6/G16C6-[5, 23].txt
2026-10-05T08:50:04.667-03:00  INFO 15156 --- [topomanager] [tomcat-handler-7] b.c.s.t.service.IdentificadorService     : ✅ Arquivo TXT gravado com sucesso em: /app/temp/20261005084955-28_sem_os_2/G16C6/G16C6-[5, 24].txt
2026-10-05T08:50:04.667-03:00  INFO 15156 --- [topomanager] [tomcat-handler-7] b.c.s.t.service.IdentificadorService     : ✅ Arquivo TXT gravado com sucesso em: /app/temp/20261005084955-28_sem_os_2/G16C6/G16C6-[5, 25].txt
2026-10-05T08:50:04.668-03:00  INFO 15156 --- [topomanager] [tomcat-handler-7] b.c.s.t.service.IdentificadorService     : ✅ Arquivo TXT gravado com sucesso em: /app/temp/20261005084955-28_sem_os_2/G16C6/G16C6-[6, 11].txt
2026-10-05T08:50:04.669-03:00  INFO 15156 --- [topomanager] [tomcat-handler-7] b.c.s.t.service.IdentificadorService     : ✅ Arquivo TXT gravado com sucesso em: /app/temp/20261005084955-28_sem_os_2/G16C6/G16C6-[6, 13].txt
2026-10-05T08:50:04.669-03:00  INFO 15156 --- [topomanager] [tomcat-handler-7] b.c.s.t.service.IdentificadorService     : ✅ Arquivo TXT gravado com sucesso em: /app/temp/20261005084955-28_sem_os_2/G16C6/G16C6-[6, 16].txt
2026-10-05T08:50:04.670-03:00  INFO 15156 --- [topomanager] [tomcat-handler-7] b.c.s.t.service.IdentificadorService     : ✅ Arquivo TXT gravado com sucesso em: /app/temp/20261005084955-28_sem_os_2/G16C6/G16C6-[6, 18].txt
2026-10-05T08:50:04.670-03:00  INFO 15156 --- [topomanager] [tomcat-handler-7] b.c.s.t.service.IdentificadorService     : ✅ Arquivo TXT gravado com sucesso em: /app/temp/20261005084955-28_sem_os_2/G16C6/G16C6-[6, 20].txt
2026-10-05T08:50:04.671-03:00  INFO 15156 --- [topomanager] [tomcat-handler-7] b.c.s.t.service.IdentificadorService     : ✅ Arquivo TXT gravado com sucesso em: /app/temp/20261005084955-28_sem_os_2/G16C6/G16C6-[6, 23].txt
2026-10-05T08:50:04.672-03:00  INFO 15156 --- [topomanager] [tomcat-handler-7] b.c.s.t.service.IdentificadorService     : ✅ Arquivo TXT gravado com sucesso em: /app/temp/20261005084955-28_sem_os_2/G16C6/G16C6-[6, 24].txt
2026-10-05T08:50:04.672-03:00  INFO 15156 --- [topomanager] [tomcat-handler-7] b.c.s.t.service.IdentificadorService     : ✅ Arquivo TXT gravado com sucesso em: /app/temp/20261005084955-28_sem_os_2/G16C6/G16C6-[6, 25].txt
2026-10-05T08:50:04.673-03:00  INFO 15156 --- [topomanager] [tomcat-handler-7] b.c.s.t.service.IdentificadorService     : ✅ Arquivo TXT gravado com sucesso em: /app/temp/20261005084955-28_sem_os_2/G16C6/G16C6-[11, 13].txt
2026-10-05T08:50:04.674-03:00  INFO 15156 --- [topomanager] [tomcat-handler-7] b.c.s.t.service.IdentificadorService     : ✅ Arquivo TXT gravado com sucesso em: /app/temp/20261005084955-28_sem_os_2/G16C6/G16C6-[11, 16].txt
2026-10-05T08:50:04.674-03:00  INFO 15156 --- [topomanager] [tomcat-handler-7] b.c.s.t.service.IdentificadorService     : ✅ Arquivo TXT gravado com sucesso em: /app/temp/20261005084955-28_sem_os_2/G16C6/G16C6-[11, 18].txt
2026-10-05T08:50:04.675-03:00  INFO 15156 --- [topomanager] [tomcat-handler-7] b.c.s.t.service.IdentificadorService     : ✅ Arquivo TXT gravado com sucesso em: /app/temp/20261005084955-28_sem_os_2/G16C6/G16C6-[11, 20].txt
2026-10-05T08:50:04.675-03:00  INFO 15156 --- [topomanager] [tomcat-handler-7] b.c.s.t.service.IdentificadorService     : ✅ Arquivo TXT gravado com sucesso em: /app/temp/20261005084955-28_sem_os_2/G16C6/G16C6-[11, 23].txt
2026-10-05T08:50:04.676-03:00  INFO 15156 --- [topomanager] [tomcat-handler-7] b.c.s.t.service.IdentificadorService     : ✅ Arquivo TXT gravado com sucesso em: /app/temp/20261005084955-28_sem_os_2/G16C6/G16C6-[11, 24].txt
2026-10-05T08:50:04.677-03:00  INFO 15156 --- [topomanager] [tomcat-handler-7] b.c.s.t.service.IdentificadorService     : ✅ Arquivo TXT gravado com sucesso em: /app/temp/20261005084955-28_sem_os_2/G16C6/G16C6-[11, 25].txt
2026-10-05T08:50:04.678-03:00  INFO 15156 --- [topomanager] [tomcat-handler-7] b.c.s.t.service.IdentificadorService     : ✅ Arquivo TXT gravado com sucesso em: /app/temp/20261005084955-28_sem_os_2/G16C6/G16C6-[13, 16].txt
2026-10-05T08:50:04.678-03:00  INFO 15156 --- [topomanager] [tomcat-handler-7] b.c.s.t.service.IdentificadorService     : ✅ Arquivo TXT gravado com sucesso em: /app/temp/20261005084955-28_sem_os_2/G16C6/G16C6-[13, 18].txt
2026-10-05T08:50:04.679-03:00  INFO 15156 --- [topomanager] [tomcat-handler-7] b.c.s.t.service.IdentificadorService     : ✅ Arquivo TXT gravado com sucesso em: /app/temp/20261005084955-28_sem_os_2/G16C6/G16C6-[13, 20].txt
2026-10-05T08:50:04.680-03:00  INFO 15156 --- [topomanager] [tomcat-handler-7] b.c.s.t.service.IdentificadorService     : ✅ Arquivo TXT gravado com sucesso em: /app/temp/20261005084955-28_sem_os_2/G16C6/G16C6-[13, 23].txt
2026-10-05T08:50:04.680-03:00  INFO 15156 --- [topomanager] [tomcat-handler-7] b.c.s.t.service.IdentificadorService     : ✅ Arquivo TXT gravado com sucesso em: /app/temp/20261005084955-28_sem_os_2/G16C6/G16C6-[13, 24].txt
2026-10-05T08:50:04.681-03:00  INFO 15156 --- [topomanager] [tomcat-handler-7] b.c.s.t.service.IdentificadorService     : ✅ Arquivo TXT gravado com sucesso em: /app/temp/20261005084955-28_sem_os_2/G16C6/G16C6-[13, 25].txt
2026-10-05T08:50:04.682-03:00  INFO 15156 --- [topomanager] [tomcat-handler-7] b.c.s.t.service.IdentificadorService     : ✅ Arquivo TXT gravado com sucesso em: /app/temp/20261005084955-28_sem_os_2/G16C6/G16C6-[16, 18].txt
2026-10-05T08:50:04.682-03:00  INFO 15156 --- [topomanager] [tomcat-handler-7] b.c.s.t.service.IdentificadorService     : ✅ Arquivo TXT gravado com sucesso em: /app/temp/20261005084955-28_sem_os_2/G16C6/G16C6-[16, 20].txt
2026-10-05T08:50:04.683-03:00  INFO 15156 --- [topomanager] [tomcat-handler-7] b.c.s.t.service.IdentificadorService     : ✅ Arquivo TXT gravado com sucesso em: /app/temp/20261005084955-28_sem_os_2/G16C6/G16C6-[16, 23].txt
2026-10-05T08:50:04.683-03:00  INFO 15156 --- [topomanager] [tomcat-handler-7] b.c.s.t.service.IdentificadorService     : ✅ Arquivo TXT gravado com sucesso em: /app/temp/20261005084955-28_sem_os_2/G16C6/G16C6-[16, 24].txt
2026-10-05T08:50:04.685-03:00  INFO 15156 --- [topomanager] [tomcat-handler-7] b.c.s.t.service.IdentificadorService     : ✅ Arquivo TXT gravado com sucesso em: /app/temp/20261005084955-28_sem_os_2/G16C6/G16C6-[16, 25].txt
2026-10-05T08:50:04.686-03:00  INFO 15156 --- [topomanager] [tomcat-handler-7] b.c.s.t.service.IdentificadorService     : ✅ Arquivo TXT gravado com sucesso em: /app/temp/20261005084955-28_sem_os_2/G16C6/G16C6-[18, 20].txt
2026-10-05T08:50:04.686-03:00  INFO 15156 --- [topomanager] [tomcat-handler-7] b.c.s.t.service.IdentificadorService     : ✅ Arquivo TXT gravado com sucesso em: /app/temp/20261005084955-28_sem_os_2/G16C6/G16C6-[18, 23].txt
2026-10-05T08:50:04.687-03:00  INFO 15156 --- [topomanager] [tomcat-handler-7] b.c.s.t.service.IdentificadorService     : ✅ Arquivo TXT gravado com sucesso em: /app/temp/20261005084955-28_sem_os_2/G16C6/G16C6-[18, 24].txt
2026-10-05T08:50:04.687-03:00  INFO 15156 --- [topomanager] [tomcat-handler-7] b.c.s.t.service.IdentificadorService     : ✅ Arquivo TXT gravado com sucesso em: /app/temp/20261005084955-28_sem_os_2/G16C6/G16C6-[18, 25].txt
2026-10-05T08:50:04.688-03:00  INFO 15156 --- [topomanager] [tomcat-handler-7] b.c.s.t.service.IdentificadorService     : ✅ Arquivo TXT gravado com sucesso em: /app/temp/20261005084955-28_sem_os_2/G16C6/G16C6-[20, 23].txt
2026-10-05T08:50:04.689-03:00  INFO 15156 --- [topomanager] [tomcat-handler-7] b.c.s.t.service.IdentificadorService     : ✅ Arquivo TXT gravado com sucesso em: /app/temp/20261005084955-28_sem_os_2/G16C6/G16C6-[20, 24].txt
2026-10-05T08:50:04.690-03:00  INFO 15156 --- [topomanager] [tomcat-handler-7] b.c.s.t.service.IdentificadorService     : ✅ Arquivo TXT gravado com sucesso em: /app/temp/20261005084955-28_sem_os_2/G16C6/G16C6-[20, 25].txt
2026-10-05T08:50:04.690-03:00  INFO 15156 --- [topomanager] [tomcat-handler-7] b.c.s.t.service.IdentificadorService     : ✅ Arquivo TXT gravado com sucesso em: /app/temp/20261005084955-28_sem_os_2/G16C6/G16C6-[23, 24].txt
2026-10-05T08:50:04.691-03:00  INFO 15156 --- [topomanager] [tomcat-handler-7] b.c.s.t.service.IdentificadorService     : ✅ Arquivo TXT gravado com sucesso em: /app/temp/20261005084955-28_sem_os_2/G16C6/G16C6-[23, 25].txt
2026-10-05T08:50:04.692-03:00  INFO 15156 --- [topomanager] [tomcat-handler-7] b.c.s.t.service.IdentificadorService     : ✅ Arquivo TXT gravado com sucesso em: /app/temp/20261005084955-28_sem_os_2/G16C6/G16C6-[24, 25].txt
2026-10-05T08:50:04.693-03:00  INFO 15156 --- [topomanager] [tomcat-handler-7] b.c.s.t.service.IdentificadorService     : ✅ Arquivo TXT gravado com sucesso em: /app/temp/20261005084955-28_sem_os_2/G12C9/G12C9-[2, 5].txt
2026-10-05T08:50:04.693-03:00  INFO 15156 --- [topomanager] [tomcat-handler-7] b.c.s.t.service.IdentificadorService     : ✅ Arquivo TXT gravado com sucesso em: /app/temp/20261005084955-28_sem_os_2/G12C9/G12C9-[2, 6].txt
2026-10-05T08:50:04.694-03:00  INFO 15156 --- [topomanager] [tomcat-handler-7] b.c.s.t.service.IdentificadorService     : ✅ Arquivo TXT gravado com sucesso em: /app/temp/20261005084955-28_sem_os_2/G12C9/G12C9-[2, 9].txt
2026-10-05T08:50:04.694-03:00  INFO 15156 --- [topomanager] [tomcat-handler-7] b.c.s.t.service.IdentificadorService     : ✅ Arquivo TXT gravado com sucesso em: /app/temp/20261005084955-28_sem_os_2/G12C9/G12C9-[2, 10].txt
2026-10-05T08:50:04.695-03:00  INFO 15156 --- [topomanager] [tomcat-handler-7] b.c.s.t.service.IdentificadorService     : ✅ Arquivo TXT gravado com sucesso em: /app/temp/20261005084955-28_sem_os_2/G12C9/G12C9-[2, 11].txt
2026-10-05T08:50:04.696-03:00  INFO 15156 --- [topomanager] [tomcat-handler-7] b.c.s.t.service.IdentificadorService     : ✅ Arquivo TXT gravado com sucesso em: /app/temp/20261005084955-28_sem_os_2/G12C9/G12C9-[2, 13].txt
2026-10-05T08:50:04.697-03:00  INFO 15156 --- [topomanager] [tomcat-handler-7] b.c.s.t.service.IdentificadorService     : ✅ Arquivo TXT gravado com sucesso em: /app/temp/20261005084955-28_sem_os_2/G12C9/G12C9-[2, 14].txt
2026-10-05T08:50:04.697-03:00  INFO 15156 --- [topomanager] [tomcat-handler-7] b.c.s.t.service.IdentificadorService     : ✅ Arquivo TXT gravado com sucesso em: /app/temp/20261005084955-28_sem_os_2/G12C9/G12C9-[2, 16].txt
2026-10-05T08:50:04.699-03:00  INFO 15156 --- [topomanager] [tomcat-handler-7] b.c.s.t.service.IdentificadorService     : ✅ Arquivo TXT gravado com sucesso em: /app/temp/20261005084955-28_sem_os_2/G12C9/G12C9-[2, 18].txt
2026-10-05T08:50:04.700-03:00  INFO 15156 --- [topomanager] [tomcat-handler-7] b.c.s.t.service.IdentificadorService     : ✅ Arquivo TXT gravado com sucesso em: /app/temp/20261005084955-28_sem_os_2/G12C9/G12C9-[2, 25].txt
2026-10-05T08:50:04.700-03:00  INFO 15156 --- [topomanager] [tomcat-handler-7] b.c.s.t.service.IdentificadorService     : ✅ Arquivo TXT gravado com sucesso em: /app/temp/20261005084955-28_sem_os_2/G12C9/G12C9-[5, 6].txt
2026-10-05T08:50:04.701-03:00  INFO 15156 --- [topomanager] [tomcat-handler-7] b.c.s.t.service.IdentificadorService     : ✅ Arquivo TXT gravado com sucesso em: /app/temp/20261005084955-28_sem_os_2/G12C9/G12C9-[5, 9].txt
2026-10-05T08:50:04.702-03:00  INFO 15156 --- [topomanager] [tomcat-handler-7] b.c.s.t.service.IdentificadorService     : ✅ Arquivo TXT gravado com sucesso em: /app/temp/20261005084955-28_sem_os_2/G12C9/G12C9-[5, 10].txt
2026-10-05T08:50:04.702-03:00  INFO 15156 --- [topomanager] [tomcat-handler-7] b.c.s.t.service.IdentificadorService     : ✅ Arquivo TXT gravado com sucesso em: /app/temp/20261005084955-28_sem_os_2/G12C9/G12C9-[5, 11].txt
2026-10-05T08:50:04.703-03:00  INFO 15156 --- [topomanager] [tomcat-handler-7] b.c.s.t.service.IdentificadorService     : ✅ Arquivo TXT gravado com sucesso em: /app/temp/20261005084955-28_sem_os_2/G12C9/G12C9-[5, 13].txt
2026-10-05T08:50:04.703-03:00  INFO 15156 --- [topomanager] [tomcat-handler-7] b.c.s.t.service.IdentificadorService     : ✅ Arquivo TXT gravado com sucesso em: /app/temp/20261005084955-28_sem_os_2/G12C9/G12C9-[5, 14].txt
2026-10-05T08:50:04.704-03:00  INFO 15156 --- [topomanager] [tomcat-handler-7] b.c.s.t.service.IdentificadorService     : ✅ Arquivo TXT gravado com sucesso em: /app/temp/20261005084955-28_sem_os_2/G12C9/G12C9-[5, 16].txt
2026-10-05T08:50:04.705-03:00  INFO 15156 --- [topomanager] [tomcat-handler-7] b.c.s.t.service.IdentificadorService     : ✅ Arquivo TXT gravado com sucesso em: /app/temp/20261005084955-28_sem_os_2/G12C9/G12C9-[5, 18].txt
2026-10-05T08:50:04.706-03:00  INFO 15156 --- [topomanager] [tomcat-handler-7] b.c.s.t.service.IdentificadorService     : ✅ Arquivo TXT gravado com sucesso em: /app/temp/20261005084955-28_sem_os_2/G12C9/G12C9-[5, 25].txt
2026-10-05T08:50:04.707-03:00  INFO 15156 --- [topomanager] [tomcat-handler-7] b.c.s.t.service.IdentificadorService     : ✅ Arquivo TXT gravado com sucesso em: /app/temp/20261005084955-28_sem_os_2/G12C9/G12C9-[6, 9].txt
2026-10-05T08:50:04.707-03:00  INFO 15156 --- [topomanager] [tomcat-handler-7] b.c.s.t.service.IdentificadorService     : ✅ Arquivo TXT gravado com sucesso em: /app/temp/20261005084955-28_sem_os_2/G12C9/G12C9-[6, 10].txt
2026-10-05T08:50:04.708-03:00  INFO 15156 --- [topomanager] [tomcat-handler-7] b.c.s.t.service.IdentificadorService     : ✅ Arquivo TXT gravado com sucesso em: /app/temp/20261005084955-28_sem_os_2/G12C9/G12C9-[6, 11].txt
2026-10-05T08:50:04.709-03:00  INFO 15156 --- [topomanager] [tomcat-handler-7] b.c.s.t.service.IdentificadorService     : ✅ Arquivo TXT gravado com sucesso em: /app/temp/20261005084955-28_sem_os_2/G12C9/G12C9-[6, 13].txt
2026-10-05T08:50:04.709-03:00  INFO 15156 --- [topomanager] [tomcat-handler-7] b.c.s.t.service.IdentificadorService     : ✅ Arquivo TXT gravado com sucesso em: /app/temp/20261005084955-28_sem_os_2/G12C9/G12C9-[6, 14].txt
2026-10-05T08:50:04.710-03:00  INFO 15156 --- [topomanager] [tomcat-handler-7] b.c.s.t.service.IdentificadorService     : ✅ Arquivo TXT gravado com sucesso em: /app/temp/20261005084955-28_sem_os_2/G12C9/G12C9-[6, 16].txt
2026-10-05T08:50:04.711-03:00  INFO 15156 --- [topomanager] [tomcat-handler-7] b.c.s.t.service.IdentificadorService     : ✅ Arquivo TXT gravado com sucesso em: /app/temp/20261005084955-28_sem_os_2/G12C9/G12C9-[6, 18].txt
2026-10-05T08:50:04.711-03:00  INFO 15156 --- [topomanager] [tomcat-handler-7] b.c.s.t.service.IdentificadorService     : ✅ Arquivo TXT gravado com sucesso em: /app/temp/20261005084955-28_sem_os_2/G12C9/G12C9-[6, 25].txt
2026-10-05T08:50:04.712-03:00  INFO 15156 --- [topomanager] [tomcat-handler-7] b.c.s.t.service.IdentificadorService     : ✅ Arquivo TXT gravado com sucesso em: /app/temp/20261005084955-28_sem_os_2/G12C9/G12C9-[9, 10].txt
2026-10-05T08:50:04.713-03:00  INFO 15156 --- [topomanager] [tomcat-handler-7] b.c.s.t.service.IdentificadorService     : ✅ Arquivo TXT gravado com sucesso em: /app/temp/20261005084955-28_sem_os_2/G12C9/G12C9-[9, 11].txt
2026-10-05T08:50:04.714-03:00  INFO 15156 --- [topomanager] [tomcat-handler-7] b.c.s.t.service.IdentificadorService     : ✅ Arquivo TXT gravado com sucesso em: /app/temp/20261005084955-28_sem_os_2/G12C9/G12C9-[9, 13].txt
2026-10-05T08:50:04.714-03:00  INFO 15156 --- [topomanager] [tomcat-handler-7] b.c.s.t.service.IdentificadorService     : ✅ Arquivo TXT gravado com sucesso em: /app/temp/20261005084955-28_sem_os_2/G12C9/G12C9-[9, 14].txt
2026-10-05T08:50:04.715-03:00  INFO 15156 --- [topomanager] [tomcat-handler-7] b.c.s.t.service.IdentificadorService     : ✅ Arquivo TXT gravado com sucesso em: /app/temp/20261005084955-28_sem_os_2/G12C9/G12C9-[9, 16].txt
2026-10-05T08:50:04.716-03:00  INFO 15156 --- [topomanager] [tomcat-handler-7] b.c.s.t.service.IdentificadorService     : ✅ Arquivo TXT gravado com sucesso em: /app/temp/20261005084955-28_sem_os_2/G12C9/G12C9-[9, 18].txt
2026-10-05T08:50:04.717-03:00  INFO 15156 --- [topomanager] [tomcat-handler-7] b.c.s.t.service.IdentificadorService     : ✅ Arquivo TXT gravado com sucesso em: /app/temp/20261005084955-28_sem_os_2/G12C9/G12C9-[9, 25].txt
2026-10-05T08:50:04.717-03:00  INFO 15156 --- [topomanager] [tomcat-handler-7] b.c.s.t.service.IdentificadorService     : ✅ Arquivo TXT gravado com sucesso em: /app/temp/20261005084955-28_sem_os_2/G12C9/G12C9-[10, 11].txt
2026-10-05T08:50:04.718-03:00  INFO 15156 --- [topomanager] [tomcat-handler-7] b.c.s.t.service.IdentificadorService     : ✅ Arquivo TXT gravado com sucesso em: /app/temp/20261005084955-28_sem_os_2/G12C9/G12C9-[10, 13].txt
2026-10-05T08:50:04.719-03:00  INFO 15156 --- [topomanager] [tomcat-handler-7] b.c.s.t.service.IdentificadorService     : ✅ Arquivo TXT gravado com sucesso em: /app/temp/20261005084955-28_sem_os_2/G12C9/G12C9-[10, 14].txt
2026-10-05T08:50:04.720-03:00  INFO 15156 --- [topomanager] [tomcat-handler-7] b.c.s.t.service.IdentificadorService     : ✅ Arquivo TXT gravado com sucesso em: /app/temp/20261005084955-28_sem_os_2/G12C9/G12C9-[10, 16].txt
2026-10-05T08:50:04.720-03:00  INFO 15156 --- [topomanager] [tomcat-handler-7] b.c.s.t.service.IdentificadorService     : ✅ Arquivo TXT gravado com sucesso em: /app/temp/20261005084955-28_sem_os_2/G12C9/G12C9-[10, 18].txt
2026-10-05T08:50:04.721-03:00  INFO 15156 --- [topomanager] [tomcat-handler-7] b.c.s.t.service.IdentificadorService     : ✅ Arquivo TXT gravado com sucesso em: /app/temp/20261005084955-28_sem_os_2/G12C9/G12C9-[10, 25].txt
2026-10-05T08:50:04.722-03:00  INFO 15156 --- [topomanager] [tomcat-handler-7] b.c.s.t.service.IdentificadorService     : ✅ Arquivo TXT gravado com sucesso em: /app/temp/20261005084955-28_sem_os_2/G12C9/G12C9-[11, 13].txt
2026-10-05T08:50:04.722-03:00  INFO 15156 --- [topomanager] [tomcat-handler-7] b.c.s.t.service.IdentificadorService     : ✅ Arquivo TXT gravado com sucesso em: /app/temp/20261005084955-28_sem_os_2/G12C9/G12C9-[11, 14].txt
2026-10-05T08:50:04.723-03:00  INFO 15156 --- [topomanager] [tomcat-handler-7] b.c.s.t.service.IdentificadorService     : ✅ Arquivo TXT gravado com sucesso em: /app/temp/20261005084955-28_sem_os_2/G12C9/G12C9-[11, 16].txt
2026-10-05T08:50:04.724-03:00  INFO 15156 --- [topomanager] [tomcat-handler-7] b.c.s.t.service.IdentificadorService     : ✅ Arquivo TXT gravado com sucesso em: /app/temp/20261005084955-28_sem_os_2/G12C9/G12C9-[11, 18].txt
2026-10-05T08:50:04.725-03:00  INFO 15156 --- [topomanager] [tomcat-handler-7] b.c.s.t.service.IdentificadorService     : ✅ Arquivo TXT gravado com sucesso em: /app/temp/20261005084955-28_sem_os_2/G12C9/G12C9-[11, 25].txt
2026-10-05T08:50:04.725-03:00  INFO 15156 --- [topomanager] [tomcat-handler-7] b.c.s.t.service.IdentificadorService     : ✅ Arquivo TXT gravado com sucesso em: /app/temp/20261005084955-28_sem_os_2/G12C9/G12C9-[13, 14].txt
2026-10-05T08:50:04.726-03:00  INFO 15156 --- [topomanager] [tomcat-handler-7] b.c.s.t.service.IdentificadorService     : ✅ Arquivo TXT gravado com sucesso em: /app/temp/20261005084955-28_sem_os_2/G12C9/G12C9-[13, 16].txt
2026-10-05T08:50:04.727-03:00  INFO 15156 --- [topomanager] [tomcat-handler-7] b.c.s.t.service.IdentificadorService     : ✅ Arquivo TXT gravado com sucesso em: /app/temp/20261005084955-28_sem_os_2/G12C9/G12C9-[13, 18].txt
2026-10-05T08:50:04.728-03:00  INFO 15156 --- [topomanager] [tomcat-handler-7] b.c.s.t.service.IdentificadorService     : ✅ Arquivo TXT gravado com sucesso em: /app/temp/20261005084955-28_sem_os_2/G12C9/G12C9-[13, 25].txt
2026-10-05T08:50:04.729-03:00  INFO 15156 --- [topomanager] [tomcat-handler-7] b.c.s.t.service.IdentificadorService     : ✅ Arquivo TXT gravado com sucesso em: /app/temp/20261005084955-28_sem_os_2/G12C9/G12C9-[14, 16].txt
2026-10-05T08:50:04.730-03:00  INFO 15156 --- [topomanager] [tomcat-handler-7] b.c.s.t.service.IdentificadorService     : ✅ Arquivo TXT gravado com sucesso em: /app/temp/20261005084955-28_sem_os_2/G12C9/G12C9-[14, 18].txt
2026-10-05T08:50:04.731-03:00  INFO 15156 --- [topomanager] [tomcat-handler-7] b.c.s.t.service.IdentificadorService     : ✅ Arquivo TXT gravado com sucesso em: /app/temp/20261005084955-28_sem_os_2/G12C9/G12C9-[14, 25].txt
2026-10-05T08:50:04.732-03:00  INFO 15156 --- [topomanager] [tomcat-handler-7] b.c.s.t.service.IdentificadorService     : ✅ Arquivo TXT gravado com sucesso em: /app/temp/20261005084955-28_sem_os_2/G12C9/G12C9-[16, 18].txt
2026-10-05T08:50:04.732-03:00  INFO 15156 --- [topomanager] [tomcat-handler-7] b.c.s.t.service.IdentificadorService     : ✅ Arquivo TXT gravado com sucesso em: /app/temp/20261005084955-28_sem_os_2/G12C9/G12C9-[16, 25].txt
2026-10-05T08:50:04.733-03:00  INFO 15156 --- [topomanager] [tomcat-handler-7] b.c.s.t.service.IdentificadorService     : ✅ Arquivo TXT gravado com sucesso em: /app/temp/20261005084955-28_sem_os_2/G12C9/G12C9-[18, 25].txt
2026-10-05T08:50:04.733-03:00  INFO 15156 --- [topomanager] [tomcat-handler-7] b.c.s.t.service.IdentificadorService     : ✅ Arquivo TXT gravado com sucesso em: /app/temp/20261005084955-28_sem_os_2/G8C2/G8C2-[2, 3].txt
2026-10-05T08:50:04.734-03:00  INFO 15156 --- [topomanager] [tomcat-handler-7] b.c.s.t.service.IdentificadorService     : ✅ Arquivo TXT gravado com sucesso em: /app/temp/20261005084955-28_sem_os_2/G8C2/G8C2-[2, 6].txt
2026-10-05T08:50:04.735-03:00  INFO 15156 --- [topomanager] [tomcat-handler-7] b.c.s.t.service.IdentificadorService     : ✅ Arquivo TXT gravado com sucesso em: /app/temp/20261005084955-28_sem_os_2/G8C2/G8C2-[2, 9].txt
2026-10-05T08:50:04.736-03:00  INFO 15156 --- [topomanager] [tomcat-handler-7] b.c.s.t.service.IdentificadorService     : ✅ Arquivo TXT gravado com sucesso em: /app/temp/20261005084955-28_sem_os_2/G8C2/G8C2-[2, 10].txt
2026-10-05T08:50:04.738-03:00  INFO 15156 --- [topomanager] [tomcat-handler-7] b.c.s.t.service.IdentificadorService     : ✅ Arquivo TXT gravado com sucesso em: /app/temp/20261005084955-28_sem_os_2/G8C2/G8C2-[2, 11].txt
2026-10-05T08:50:04.739-03:00  INFO 15156 --- [topomanager] [tomcat-handler-7] b.c.s.t.service.IdentificadorService     : ✅ Arquivo TXT gravado com sucesso em: /app/temp/20261005084955-28_sem_os_2/G8C2/G8C2-[2, 13].txt
2026-10-05T08:50:04.740-03:00  INFO 15156 --- [topomanager] [tomcat-handler-7] b.c.s.t.service.IdentificadorService     : ✅ Arquivo TXT gravado com sucesso em: /app/temp/20261005084955-28_sem_os_2/G8C2/G8C2-[2, 20].txt
2026-10-05T08:50:04.741-03:00  INFO 15156 --- [topomanager] [tomcat-handler-7] b.c.s.t.service.IdentificadorService     : ✅ Arquivo TXT gravado com sucesso em: /app/temp/20261005084955-28_sem_os_2/G8C2/G8C2-[2, 23].txt
2026-10-05T08:50:04.741-03:00  INFO 15156 --- [topomanager] [tomcat-handler-7] b.c.s.t.service.IdentificadorService     : ✅ Arquivo TXT gravado com sucesso em: /app/temp/20261005084955-28_sem_os_2/G8C2/G8C2-[2, 24].txt
2026-10-05T08:50:04.742-03:00  INFO 15156 --- [topomanager] [tomcat-handler-7] b.c.s.t.service.IdentificadorService     : ✅ Arquivo TXT gravado com sucesso em: /app/temp/20261005084955-28_sem_os_2/G8C2/G8C2-[2, 25].txt
2026-10-05T08:50:04.743-03:00  INFO 15156 --- [topomanager] [tomcat-handler-7] b.c.s.t.service.IdentificadorService     : ✅ Arquivo TXT gravado com sucesso em: /app/temp/20261005084955-28_sem_os_2/G8C2/G8C2-[3, 6].txt
2026-10-05T08:50:04.743-03:00  INFO 15156 --- [topomanager] [tomcat-handler-7] b.c.s.t.service.IdentificadorService     : ✅ Arquivo TXT gravado com sucesso em: /app/temp/20261005084955-28_sem_os_2/G8C2/G8C2-[3, 9].txt
2026-10-05T08:50:04.744-03:00  INFO 15156 --- [topomanager] [tomcat-handler-7] b.c.s.t.service.IdentificadorService     : ✅ Arquivo TXT gravado com sucesso em: /app/temp/20261005084955-28_sem_os_2/G8C2/G8C2-[3, 10].txt
2026-10-05T08:50:04.745-03:00  INFO 15156 --- [topomanager] [tomcat-handler-7] b.c.s.t.service.IdentificadorService     : ✅ Arquivo TXT gravado com sucesso em: /app/temp/20261005084955-28_sem_os_2/G8C2/G8C2-[3, 11].txt
2026-10-05T08:50:04.745-03:00  INFO 15156 --- [topomanager] [tomcat-handler-7] b.c.s.t.service.IdentificadorService     : ✅ Arquivo TXT gravado com sucesso em: /app/temp/20261005084955-28_sem_os_2/G8C2/G8C2-[3, 13].txt
2026-10-05T08:50:04.746-03:00  INFO 15156 --- [topomanager] [tomcat-handler-7] b.c.s.t.service.IdentificadorService     : ✅ Arquivo TXT gravado com sucesso em: /app/temp/20261005084955-28_sem_os_2/G8C2/G8C2-[3, 20].txt
2026-10-05T08:50:04.747-03:00  INFO 15156 --- [topomanager] [tomcat-handler-7] b.c.s.t.service.IdentificadorService     : ✅ Arquivo TXT gravado com sucesso em: /app/temp/20261005084955-28_sem_os_2/G8C2/G8C2-[3, 23].txt
2026-10-05T08:50:04.747-03:00  INFO 15156 --- [topomanager] [tomcat-handler-7] b.c.s.t.service.IdentificadorService     : ✅ Arquivo TXT gravado com sucesso em: /app/temp/20261005084955-28_sem_os_2/G8C2/G8C2-[3, 24].txt
2026-10-05T08:50:04.748-03:00  INFO 15156 --- [topomanager] [tomcat-handler-7] b.c.s.t.service.IdentificadorService     : ✅ Arquivo TXT gravado com sucesso em: /app/temp/20261005084955-28_sem_os_2/G8C2/G8C2-[3, 25].txt
2026-10-05T08:50:04.749-03:00  INFO 15156 --- [topomanager] [tomcat-handler-7] b.c.s.t.service.IdentificadorService     : ✅ Arquivo TXT gravado com sucesso em: /app/temp/20261005084955-28_sem_os_2/G8C2/G8C2-[6, 9].txt
2026-10-05T08:50:04.750-03:00  INFO 15156 --- [topomanager] [tomcat-handler-7] b.c.s.t.service.IdentificadorService     : ✅ Arquivo TXT gravado com sucesso em: /app/temp/20261005084955-28_sem_os_2/G8C2/G8C2-[6, 10].txt
2026-10-05T08:50:04.750-03:00  INFO 15156 --- [topomanager] [tomcat-handler-7] b.c.s.t.service.IdentificadorService     : ✅ Arquivo TXT gravado com sucesso em: /app/temp/20261005084955-28_sem_os_2/G8C2/G8C2-[6, 11].txt
2026-10-05T08:50:04.751-03:00  INFO 15156 --- [topomanager] [tomcat-handler-7] b.c.s.t.service.IdentificadorService     : ✅ Arquivo TXT gravado com sucesso em: /app/temp/20261005084955-28_sem_os_2/G8C2/G8C2-[6, 13].txt
2026-10-05T08:50:04.752-03:00  INFO 15156 --- [topomanager] [tomcat-handler-7] b.c.s.t.service.IdentificadorService     : ✅ Arquivo TXT gravado com sucesso em: /app/temp/20261005084955-28_sem_os_2/G8C2/G8C2-[6, 20].txt
2026-10-05T08:50:04.753-03:00  INFO 15156 --- [topomanager] [tomcat-handler-7] b.c.s.t.service.IdentificadorService     : ✅ Arquivo TXT gravado com sucesso em: /app/temp/20261005084955-28_sem_os_2/G8C2/G8C2-[6, 23].txt
2026-10-05T08:50:04.753-03:00  INFO 15156 --- [topomanager] [tomcat-handler-7] b.c.s.t.service.IdentificadorService     : ✅ Arquivo TXT gravado com sucesso em: /app/temp/20261005084955-28_sem_os_2/G8C2/G8C2-[6, 24].txt
2026-10-05T08:50:04.754-03:00  INFO 15156 --- [topomanager] [tomcat-handler-7] b.c.s.t.service.IdentificadorService     : ✅ Arquivo TXT gravado com sucesso em: /app/temp/20261005084955-28_sem_os_2/G8C2/G8C2-[6, 25].txt
2026-10-05T08:50:04.755-03:00  INFO 15156 --- [topomanager] [tomcat-handler-7] b.c.s.t.service.IdentificadorService     : ✅ Arquivo TXT gravado com sucesso em: /app/temp/20261005084955-28_sem_os_2/G8C2/G8C2-[9, 10].txt
2026-10-05T08:50:04.756-03:00  INFO 15156 --- [topomanager] [tomcat-handler-7] b.c.s.t.service.IdentificadorService     : ✅ Arquivo TXT gravado com sucesso em: /app/temp/20261005084955-28_sem_os_2/G8C2/G8C2-[9, 11].txt
2026-10-05T08:50:04.756-03:00  INFO 15156 --- [topomanager] [tomcat-handler-7] b.c.s.t.service.IdentificadorService     : ✅ Arquivo TXT gravado com sucesso em: /app/temp/20261005084955-28_sem_os_2/G8C2/G8C2-[9, 13].txt
2026-10-05T08:50:04.757-03:00  INFO 15156 --- [topomanager] [tomcat-handler-7] b.c.s.t.service.IdentificadorService     : ✅ Arquivo TXT gravado com sucesso em: /app/temp/20261005084955-28_sem_os_2/G8C2/G8C2-[9, 20].txt
2026-10-05T08:50:04.758-03:00  INFO 15156 --- [topomanager] [tomcat-handler-7] b.c.s.t.service.IdentificadorService     : ✅ Arquivo TXT gravado com sucesso em: /app/temp/20261005084955-28_sem_os_2/G8C2/G8C2-[9, 23].txt
2026-10-05T08:50:04.758-03:00  INFO 15156 --- [topomanager] [tomcat-handler-7] b.c.s.t.service.IdentificadorService     : ✅ Arquivo TXT gravado com sucesso em: /app/temp/20261005084955-28_sem_os_2/G8C2/G8C2-[9, 24].txt
2026-10-05T08:50:04.760-03:00  INFO 15156 --- [topomanager] [tomcat-handler-7] b.c.s.t.service.IdentificadorService     : ✅ Arquivo TXT gravado com sucesso em: /app/temp/20261005084955-28_sem_os_2/G8C2/G8C2-[9, 25].txt
2026-10-05T08:50:04.761-03:00  INFO 15156 --- [topomanager] [tomcat-handler-7] b.c.s.t.service.IdentificadorService     : ✅ Arquivo TXT gravado com sucesso em: /app/temp/20261005084955-28_sem_os_2/G8C2/G8C2-[10, 11].txt
2026-10-05T08:50:04.761-03:00  INFO 15156 --- [topomanager] [tomcat-handler-7] b.c.s.t.service.IdentificadorService     : ✅ Arquivo TXT gravado com sucesso em: /app/temp/20261005084955-28_sem_os_2/G8C2/G8C2-[10, 13].txt
2026-10-05T08:50:04.762-03:00  INFO 15156 --- [topomanager] [tomcat-handler-7] b.c.s.t.service.IdentificadorService     : ✅ Arquivo TXT gravado com sucesso em: /app/temp/20261005084955-28_sem_os_2/G8C2/G8C2-[10, 20].txt
2026-10-05T08:50:04.763-03:00  INFO 15156 --- [topomanager] [tomcat-handler-7] b.c.s.t.service.IdentificadorService     : ✅ Arquivo TXT gravado com sucesso em: /app/temp/20261005084955-28_sem_os_2/G8C2/G8C2-[10, 23].txt
2026-10-05T08:50:04.763-03:00  INFO 15156 --- [topomanager] [tomcat-handler-7] b.c.s.t.service.IdentificadorService     : ✅ Arquivo TXT gravado com sucesso em: /app/temp/20261005084955-28_sem_os_2/G8C2/G8C2-[10, 24].txt
2026-10-05T08:50:04.764-03:00  INFO 15156 --- [topomanager] [tomcat-handler-7] b.c.s.t.service.IdentificadorService     : ✅ Arquivo TXT gravado com sucesso em: /app/temp/20261005084955-28_sem_os_2/G8C2/G8C2-[10, 25].txt
2026-10-05T08:50:04.765-03:00  INFO 15156 --- [topomanager] [tomcat-handler-7] b.c.s.t.service.IdentificadorService     : ✅ Arquivo TXT gravado com sucesso em: /app/temp/20261005084955-28_sem_os_2/G8C2/G8C2-[11, 13].txt
2026-10-05T08:50:04.766-03:00  INFO 15156 --- [topomanager] [tomcat-handler-7] b.c.s.t.service.IdentificadorService     : ✅ Arquivo TXT gravado com sucesso em: /app/temp/20261005084955-28_sem_os_2/G8C2/G8C2-[11, 20].txt
2026-10-05T08:50:04.766-03:00  INFO 15156 --- [topomanager] [tomcat-handler-7] b.c.s.t.service.IdentificadorService     : ✅ Arquivo TXT gravado com sucesso em: /app/temp/20261005084955-28_sem_os_2/G8C2/G8C2-[11, 23].txt
2026-10-05T08:50:04.768-03:00  INFO 15156 --- [topomanager] [tomcat-handler-7] b.c.s.t.service.IdentificadorService     : ✅ Arquivo TXT gravado com sucesso em: /app/temp/20261005084955-28_sem_os_2/G8C2/G8C2-[11, 24].txt
2026-10-05T08:50:04.769-03:00  INFO 15156 --- [topomanager] [tomcat-handler-7] b.c.s.t.service.IdentificadorService     : ✅ Arquivo TXT gravado com sucesso em: /app/temp/20261005084955-28_sem_os_2/G8C2/G8C2-[11, 25].txt
2026-10-05T08:50:04.770-03:00  INFO 15156 --- [topomanager] [tomcat-handler-7] b.c.s.t.service.IdentificadorService     : ✅ Arquivo TXT gravado com sucesso em: /app/temp/20261005084955-28_sem_os_2/G8C2/G8C2-[13, 20].txt
2026-10-05T08:50:04.771-03:00  INFO 15156 --- [topomanager] [tomcat-handler-7] b.c.s.t.service.IdentificadorService     : ✅ Arquivo TXT gravado com sucesso em: /app/temp/20261005084955-28_sem_os_2/G8C2/G8C2-[13, 23].txt
2026-10-05T08:50:04.771-03:00  INFO 15156 --- [topomanager] [tomcat-handler-7] b.c.s.t.service.IdentificadorService     : ✅ Arquivo TXT gravado com sucesso em: /app/temp/20261005084955-28_sem_os_2/G8C2/G8C2-[13, 24].txt
2026-10-05T08:50:04.772-03:00  INFO 15156 --- [topomanager] [tomcat-handler-7] b.c.s.t.service.IdentificadorService     : ✅ Arquivo TXT gravado com sucesso em: /app/temp/20261005084955-28_sem_os_2/G8C2/G8C2-[13, 25].txt
2026-10-05T08:50:04.773-03:00  INFO 15156 --- [topomanager] [tomcat-handler-7] b.c.s.t.service.IdentificadorService     : ✅ Arquivo TXT gravado com sucesso em: /app/temp/20261005084955-28_sem_os_2/G8C2/G8C2-[20, 23].txt
2026-10-05T08:50:04.773-03:00  INFO 15156 --- [topomanager] [tomcat-handler-7] b.c.s.t.service.IdentificadorService     : ✅ Arquivo TXT gravado com sucesso em: /app/temp/20261005084955-28_sem_os_2/G8C2/G8C2-[20, 24].txt
2026-10-05T08:50:04.774-03:00  INFO 15156 --- [topomanager] [tomcat-handler-7] b.c.s.t.service.IdentificadorService     : ✅ Arquivo TXT gravado com sucesso em: /app/temp/20261005084955-28_sem_os_2/G8C2/G8C2-[20, 25].txt
2026-10-05T08:50:04.775-03:00  INFO 15156 --- [topomanager] [tomcat-handler-7] b.c.s.t.service.IdentificadorService     : ✅ Arquivo TXT gravado com sucesso em: /app/temp/20261005084955-28_sem_os_2/G8C2/G8C2-[23, 24].txt
2026-10-05T08:50:04.776-03:00  INFO 15156 --- [topomanager] [tomcat-handler-7] b.c.s.t.service.IdentificadorService     : ✅ Arquivo TXT gravado com sucesso em: /app/temp/20261005084955-28_sem_os_2/G8C2/G8C2-[23, 25].txt
2026-10-05T08:50:04.776-03:00  INFO 15156 --- [topomanager] [tomcat-handler-7] b.c.s.t.service.IdentificadorService     : ✅ Arquivo TXT gravado com sucesso em: /app/temp/20261005084955-28_sem_os_2/G8C2/G8C2-[24, 25].txt
2026-10-05T08:50:04.777-03:00  INFO 15156 --- [topomanager] [tomcat-handler-7] b.c.s.t.service.IdentificadorService     : ✅ Arquivo TXT gravado com sucesso em: /app/temp/20261005084955-28_sem_os_2/G8C5/G8C5-[2, 3].txt
2026-10-05T08:50:04.777-03:00  INFO 15156 --- [topomanager] [tomcat-handler-7] b.c.s.t.service.IdentificadorService     : ✅ Arquivo TXT gravado com sucesso em: /app/temp/20261005084955-28_sem_os_2/G8C5/G8C5-[2, 6].txt
2026-10-05T08:50:04.778-03:00  INFO 15156 --- [topomanager] [tomcat-handler-7] b.c.s.t.service.IdentificadorService     : ✅ Arquivo TXT gravado com sucesso em: /app/temp/20261005084955-28_sem_os_2/G8C5/G8C5-[2, 9].txt
2026-10-05T08:50:04.778-03:00  INFO 15156 --- [topomanager] [tomcat-handler-7] b.c.s.t.service.IdentificadorService     : ✅ Arquivo TXT gravado com sucesso em: /app/temp/20261005084955-28_sem_os_2/G8C5/G8C5-[2, 10].txt
2026-10-05T08:50:04.779-03:00  INFO 15156 --- [topomanager] [tomcat-handler-7] b.c.s.t.service.IdentificadorService     : ✅ Arquivo TXT gravado com sucesso em: /app/temp/20261005084955-28_sem_os_2/G8C5/G8C5-[2, 11].txt
2026-10-05T08:50:04.780-03:00  INFO 15156 --- [topomanager] [tomcat-handler-7] b.c.s.t.service.IdentificadorService     : ✅ Arquivo TXT gravado com sucesso em: /app/temp/20261005084955-28_sem_os_2/G8C5/G8C5-[2, 13].txt
2026-10-05T08:50:04.781-03:00  INFO 15156 --- [topomanager] [tomcat-handler-7] b.c.s.t.service.IdentificadorService     : ✅ Arquivo TXT gravado com sucesso em: /app/temp/20261005084955-28_sem_os_2/G8C5/G8C5-[2, 18].txt
2026-10-05T08:50:04.782-03:00  INFO 15156 --- [topomanager] [tomcat-handler-7] b.c.s.t.service.IdentificadorService     : ✅ Arquivo TXT gravado com sucesso em: /app/temp/20261005084955-28_sem_os_2/G8C5/G8C5-[2, 20].txt
2026-10-05T08:50:04.782-03:00  INFO 15156 --- [topomanager] [tomcat-handler-7] b.c.s.t.service.IdentificadorService     : ✅ Arquivo TXT gravado com sucesso em: /app/temp/20261005084955-28_sem_os_2/G8C5/G8C5-[2, 23].txt
2026-10-05T08:50:04.783-03:00  INFO 15156 --- [topomanager] [tomcat-handler-7] b.c.s.t.service.IdentificadorService     : ✅ Arquivo TXT gravado com sucesso em: /app/temp/20261005084955-28_sem_os_2/G8C5/G8C5-[2, 24].txt
2026-10-05T08:50:04.783-03:00  INFO 15156 --- [topomanager] [tomcat-handler-7] b.c.s.t.service.IdentificadorService     : ✅ Arquivo TXT gravado com sucesso em: /app/temp/20261005084955-28_sem_os_2/G8C5/G8C5-[3, 6].txt
2026-10-05T08:50:04.784-03:00  INFO 15156 --- [topomanager] [tomcat-handler-7] b.c.s.t.service.IdentificadorService     : ✅ Arquivo TXT gravado com sucesso em: /app/temp/20261005084955-28_sem_os_2/G8C5/G8C5-[3, 9].txt
2026-10-05T08:50:04.785-03:00  INFO 15156 --- [topomanager] [tomcat-handler-7] b.c.s.t.service.IdentificadorService     : ✅ Arquivo TXT gravado com sucesso em: /app/temp/20261005084955-28_sem_os_2/G8C5/G8C5-[3, 10].txt
2026-10-05T08:50:04.786-03:00  INFO 15156 --- [topomanager] [tomcat-handler-7] b.c.s.t.service.IdentificadorService     : ✅ Arquivo TXT gravado com sucesso em: /app/temp/20261005084955-28_sem_os_2/G8C5/G8C5-[3, 11].txt
2026-10-05T08:50:04.786-03:00  INFO 15156 --- [topomanager] [tomcat-handler-7] b.c.s.t.service.IdentificadorService     : ✅ Arquivo TXT gravado com sucesso em: /app/temp/20261005084955-28_sem_os_2/G8C5/G8C5-[3, 13].txt
2026-10-05T08:50:04.787-03:00  INFO 15156 --- [topomanager] [tomcat-handler-7] b.c.s.t.service.IdentificadorService     : ✅ Arquivo TXT gravado com sucesso em: /app/temp/20261005084955-28_sem_os_2/G8C5/G8C5-[3, 18].txt
2026-10-05T08:50:04.788-03:00  INFO 15156 --- [topomanager] [tomcat-handler-7] b.c.s.t.service.IdentificadorService     : ✅ Arquivo TXT gravado com sucesso em: /app/temp/20261005084955-28_sem_os_2/G8C5/G8C5-[3, 20].txt
2026-10-05T08:50:04.788-03:00  INFO 15156 --- [topomanager] [tomcat-handler-7] b.c.s.t.service.IdentificadorService     : ✅ Arquivo TXT gravado com sucesso em: /app/temp/20261005084955-28_sem_os_2/G8C5/G8C5-[3, 23].txt
2026-10-05T08:50:04.789-03:00  INFO 15156 --- [topomanager] [tomcat-handler-7] b.c.s.t.service.IdentificadorService     : ✅ Arquivo TXT gravado com sucesso em: /app/temp/20261005084955-28_sem_os_2/G8C5/G8C5-[3, 24].txt
2026-10-05T08:50:04.789-03:00  INFO 15156 --- [topomanager] [tomcat-handler-7] b.c.s.t.service.IdentificadorService     : ✅ Arquivo TXT gravado com sucesso em: /app/temp/20261005084955-28_sem_os_2/G8C5/G8C5-[6, 9].txt
2026-10-05T08:50:04.790-03:00  INFO 15156 --- [topomanager] [tomcat-handler-7] b.c.s.t.service.IdentificadorService     : ✅ Arquivo TXT gravado com sucesso em: /app/temp/20261005084955-28_sem_os_2/G8C5/G8C5-[6, 10].txt
2026-10-05T08:50:04.791-03:00  INFO 15156 --- [topomanager] [tomcat-handler-7] b.c.s.t.service.IdentificadorService     : ✅ Arquivo TXT gravado com sucesso em: /app/temp/20261005084955-28_sem_os_2/G8C5/G8C5-[6, 11].txt
2026-10-05T08:50:04.791-03:00  INFO 15156 --- [topomanager] [tomcat-handler-7] b.c.s.t.service.IdentificadorService     : ✅ Arquivo TXT gravado com sucesso em: /app/temp/20261005084955-28_sem_os_2/G8C5/G8C5-[6, 13].txt
2026-10-05T08:50:04.792-03:00  INFO 15156 --- [topomanager] [tomcat-handler-7] b.c.s.t.service.IdentificadorService     : ✅ Arquivo TXT gravado com sucesso em: /app/temp/20261005084955-28_sem_os_2/G8C5/G8C5-[6, 18].txt
2026-10-05T08:50:04.793-03:00  INFO 15156 --- [topomanager] [tomcat-handler-7] b.c.s.t.service.IdentificadorService     : ✅ Arquivo TXT gravado com sucesso em: /app/temp/20261005084955-28_sem_os_2/G8C5/G8C5-[6, 20].txt
2026-10-05T08:50:04.794-03:00  INFO 15156 --- [topomanager] [tomcat-handler-7] b.c.s.t.service.IdentificadorService     : ✅ Arquivo TXT gravado com sucesso em: /app/temp/20261005084955-28_sem_os_2/G8C5/G8C5-[6, 23].txt
2026-10-05T08:50:04.795-03:00  INFO 15156 --- [topomanager] [tomcat-handler-7] b.c.s.t.service.IdentificadorService     : ✅ Arquivo TXT gravado com sucesso em: /app/temp/20261005084955-28_sem_os_2/G8C5/G8C5-[6, 24].txt
2026-10-05T08:50:04.795-03:00  INFO 15156 --- [topomanager] [tomcat-handler-7] b.c.s.t.service.IdentificadorService     : ✅ Arquivo TXT gravado com sucesso em: /app/temp/20261005084955-28_sem_os_2/G8C5/G8C5-[9, 10].txt
2026-10-05T08:50:04.796-03:00  INFO 15156 --- [topomanager] [tomcat-handler-7] b.c.s.t.service.IdentificadorService     : ✅ Arquivo TXT gravado com sucesso em: /app/temp/20261005084955-28_sem_os_2/G8C5/G8C5-[9, 11].txt
2026-10-05T08:50:04.797-03:00  INFO 15156 --- [topomanager] [tomcat-handler-7] b.c.s.t.service.IdentificadorService     : ✅ Arquivo TXT gravado com sucesso em: /app/temp/20261005084955-28_sem_os_2/G8C5/G8C5-[9, 13].txt
2026-10-05T08:50:04.797-03:00  INFO 15156 --- [topomanager] [tomcat-handler-7] b.c.s.t.service.IdentificadorService     : ✅ Arquivo TXT gravado com sucesso em: /app/temp/20261005084955-28_sem_os_2/G8C5/G8C5-[9, 18].txt
2026-10-05T08:50:04.798-03:00  INFO 15156 --- [topomanager] [tomcat-handler-7] b.c.s.t.service.IdentificadorService     : ✅ Arquivo TXT gravado com sucesso em: /app/temp/20261005084955-28_sem_os_2/G8C5/G8C5-[9, 20].txt
2026-10-05T08:50:04.799-03:00  INFO 15156 --- [topomanager] [tomcat-handler-7] b.c.s.t.service.IdentificadorService     : ✅ Arquivo TXT gravado com sucesso em: /app/temp/20261005084955-28_sem_os_2/G8C5/G8C5-[9, 23].txt
2026-10-05T08:50:04.799-03:00  INFO 15156 --- [topomanager] [tomcat-handler-7] b.c.s.t.service.IdentificadorService     : ✅ Arquivo TXT gravado com sucesso em: /app/temp/20261005084955-28_sem_os_2/G8C5/G8C5-[9, 24].txt
2026-10-05T08:50:04.800-03:00  INFO 15156 --- [topomanager] [tomcat-handler-7] b.c.s.t.service.IdentificadorService     : ✅ Arquivo TXT gravado com sucesso em: /app/temp/20261005084955-28_sem_os_2/G8C5/G8C5-[10, 11].txt
2026-10-05T08:50:04.801-03:00  INFO 15156 --- [topomanager] [tomcat-handler-7] b.c.s.t.service.IdentificadorService     : ✅ Arquivo TXT gravado com sucesso em: /app/temp/20261005084955-28_sem_os_2/G8C5/G8C5-[10, 13].txt
2026-10-05T08:50:04.802-03:00  INFO 15156 --- [topomanager] [tomcat-handler-7] b.c.s.t.service.IdentificadorService     : ✅ Arquivo TXT gravado com sucesso em: /app/temp/20261005084955-28_sem_os_2/G8C5/G8C5-[10, 18].txt
2026-10-05T08:50:04.803-03:00  INFO 15156 --- [topomanager] [tomcat-handler-7] b.c.s.t.service.IdentificadorService     : ✅ Arquivo TXT gravado com sucesso em: /app/temp/20261005084955-28_sem_os_2/G8C5/G8C5-[10, 20].txt
2026-10-05T08:50:04.804-03:00  INFO 15156 --- [topomanager] [tomcat-handler-7] b.c.s.t.service.IdentificadorService     : ✅ Arquivo TXT gravado com sucesso em: /app/temp/20261005084955-28_sem_os_2/G8C5/G8C5-[10, 23].txt
2026-10-05T08:50:04.804-03:00  INFO 15156 --- [topomanager] [tomcat-handler-7] b.c.s.t.service.IdentificadorService     : ✅ Arquivo TXT gravado com sucesso em: /app/temp/20261005084955-28_sem_os_2/G8C5/G8C5-[10, 24].txt
2026-10-05T08:50:04.805-03:00  INFO 15156 --- [topomanager] [tomcat-handler-7] b.c.s.t.service.IdentificadorService     : ✅ Arquivo TXT gravado com sucesso em: /app/temp/20261005084955-28_sem_os_2/G8C5/G8C5-[11, 13].txt
2026-10-05T08:50:04.805-03:00  INFO 15156 --- [topomanager] [tomcat-handler-7] b.c.s.t.service.IdentificadorService     : ✅ Arquivo TXT gravado com sucesso em: /app/temp/20261005084955-28_sem_os_2/G8C5/G8C5-[11, 18].txt
2026-10-05T08:50:04.807-03:00  INFO 15156 --- [topomanager] [tomcat-handler-7] b.c.s.t.service.IdentificadorService     : ✅ Arquivo TXT gravado com sucesso em: /app/temp/20261005084955-28_sem_os_2/G8C5/G8C5-[11, 20].txt
2026-10-05T08:50:04.808-03:00  INFO 15156 --- [topomanager] [tomcat-handler-7] b.c.s.t.service.IdentificadorService     : ✅ Arquivo TXT gravado com sucesso em: /app/temp/20261005084955-28_sem_os_2/G8C5/G8C5-[11, 23].txt
2026-10-05T08:50:04.809-03:00  INFO 15156 --- [topomanager] [tomcat-handler-7] b.c.s.t.service.IdentificadorService     : ✅ Arquivo TXT gravado com sucesso em: /app/temp/20261005084955-28_sem_os_2/G8C5/G8C5-[11, 24].txt
2026-10-05T08:50:04.809-03:00  INFO 15156 --- [topomanager] [tomcat-handler-7] b.c.s.t.service.IdentificadorService     : ✅ Arquivo TXT gravado com sucesso em: /app/temp/20261005084955-28_sem_os_2/G8C5/G8C5-[13, 18].txt
2026-10-05T08:50:04.810-03:00  INFO 15156 --- [topomanager] [tomcat-handler-7] b.c.s.t.service.IdentificadorService     : ✅ Arquivo TXT gravado com sucesso em: /app/temp/20261005084955-28_sem_os_2/G8C5/G8C5-[13, 20].txt
2026-10-05T08:50:04.811-03:00  INFO 15156 --- [topomanager] [tomcat-handler-7] b.c.s.t.service.IdentificadorService     : ✅ Arquivo TXT gravado com sucesso em: /app/temp/20261005084955-28_sem_os_2/G8C5/G8C5-[13, 23].txt
2026-10-05T08:50:04.811-03:00  INFO 15156 --- [topomanager] [tomcat-handler-7] b.c.s.t.service.IdentificadorService     : ✅ Arquivo TXT gravado com sucesso em: /app/temp/20261005084955-28_sem_os_2/G8C5/G8C5-[13, 24].txt
2026-10-05T08:50:04.812-03:00  INFO 15156 --- [topomanager] [tomcat-handler-7] b.c.s.t.service.IdentificadorService     : ✅ Arquivo TXT gravado com sucesso em: /app/temp/20261005084955-28_sem_os_2/G8C5/G8C5-[18, 20].txt
2026-10-05T08:50:04.813-03:00  INFO 15156 --- [topomanager] [tomcat-handler-7] b.c.s.t.service.IdentificadorService     : ✅ Arquivo TXT gravado com sucesso em: /app/temp/20261005084955-28_sem_os_2/G8C5/G8C5-[18, 23].txt
2026-10-05T08:50:04.814-03:00  INFO 15156 --- [topomanager] [tomcat-handler-7] b.c.s.t.service.IdentificadorService     : ✅ Arquivo TXT gravado com sucesso em: /app/temp/20261005084955-28_sem_os_2/G8C5/G8C5-[18, 24].txt
2026-10-05T08:50:04.814-03:00  INFO 15156 --- [topomanager] [tomcat-handler-7] b.c.s.t.service.IdentificadorService     : ✅ Arquivo TXT gravado com sucesso em: /app/temp/20261005084955-28_sem_os_2/G8C5/G8C5-[20, 23].txt
2026-10-05T08:50:04.815-03:00  INFO 15156 --- [topomanager] [tomcat-handler-7] b.c.s.t.service.IdentificadorService     : ✅ Arquivo TXT gravado com sucesso em: /app/temp/20261005084955-28_sem_os_2/G8C5/G8C5-[20, 24].txt
2026-10-05T08:50:04.816-03:00  INFO 15156 --- [topomanager] [tomcat-handler-7] b.c.s.t.service.IdentificadorService     : ✅ Arquivo TXT gravado com sucesso em: /app/temp/20261005084955-28_sem_os_2/G8C5/G8C5-[23, 24].txt
2026-10-05T08:50:04.816-03:00  INFO 15156 --- [topomanager] [tomcat-handler-7] b.c.s.t.service.IdentificadorService     : ✅ Arquivo TXT gravado com sucesso em: /app/temp/20261005084955-28_sem_os_2/G8C4/G8C4-[2, 3].txt
2026-10-05T08:50:04.817-03:00  INFO 15156 --- [topomanager] [tomcat-handler-7] b.c.s.t.service.IdentificadorService     : ✅ Arquivo TXT gravado com sucesso em: /app/temp/20261005084955-28_sem_os_2/G8C4/G8C4-[2, 6].txt
2026-10-05T08:50:04.817-03:00  INFO 15156 --- [topomanager] [tomcat-handler-7] b.c.s.t.service.IdentificadorService     : ✅ Arquivo TXT gravado com sucesso em: /app/temp/20261005084955-28_sem_os_2/G8C4/G8C4-[2, 9].txt
2026-10-05T08:50:04.818-03:00  INFO 15156 --- [topomanager] [tomcat-handler-7] b.c.s.t.service.IdentificadorService     : ✅ Arquivo TXT gravado com sucesso em: /app/temp/20261005084955-28_sem_os_2/G8C4/G8C4-[2, 10].txt
2026-10-05T08:50:04.819-03:00  INFO 15156 --- [topomanager] [tomcat-handler-7] b.c.s.t.service.IdentificadorService     : ✅ Arquivo TXT gravado com sucesso em: /app/temp/20261005084955-28_sem_os_2/G8C4/G8C4-[2, 11].txt
2026-10-05T08:50:04.819-03:00  INFO 15156 --- [topomanager] [tomcat-handler-7] b.c.s.t.service.IdentificadorService     : ✅ Arquivo TXT gravado com sucesso em: /app/temp/20261005084955-28_sem_os_2/G8C4/G8C4-[2, 13].txt
2026-10-05T08:50:04.820-03:00  INFO 15156 --- [topomanager] [tomcat-handler-7] b.c.s.t.service.IdentificadorService     : ✅ Arquivo TXT gravado com sucesso em: /app/temp/20261005084955-28_sem_os_2/G8C4/G8C4-[2, 18].txt
2026-10-05T08:50:04.821-03:00  INFO 15156 --- [topomanager] [tomcat-handler-7] b.c.s.t.service.IdentificadorService     : ✅ Arquivo TXT gravado com sucesso em: /app/temp/20261005084955-28_sem_os_2/G8C4/G8C4-[2, 20].txt
2026-10-05T08:50:04.822-03:00  INFO 15156 --- [topomanager] [tomcat-handler-7] b.c.s.t.service.IdentificadorService     : ✅ Arquivo TXT gravado com sucesso em: /app/temp/20261005084955-28_sem_os_2/G8C4/G8C4-[2, 24].txt
2026-10-05T08:50:04.822-03:00  INFO 15156 --- [topomanager] [tomcat-handler-7] b.c.s.t.service.IdentificadorService     : ✅ Arquivo TXT gravado com sucesso em: /app/temp/20261005084955-28_sem_os_2/G8C4/G8C4-[2, 25].txt
2026-10-05T08:50:04.825-03:00  INFO 15156 --- [topomanager] [tomcat-handler-7] b.c.s.t.service.IdentificadorService     : ✅ Arquivo TXT gravado com sucesso em: /app/temp/20261005084955-28_sem_os_2/G8C4/G8C4-[3, 6].txt
2026-10-05T08:50:04.825-03:00  INFO 15156 --- [topomanager] [tomcat-handler-7] b.c.s.t.service.IdentificadorService     : ✅ Arquivo TXT gravado com sucesso em: /app/temp/20261005084955-28_sem_os_2/G8C4/G8C4-[3, 9].txt
2026-10-05T08:50:04.826-03:00  INFO 15156 --- [topomanager] [tomcat-handler-7] b.c.s.t.service.IdentificadorService     : ✅ Arquivo TXT gravado com sucesso em: /app/temp/20261005084955-28_sem_os_2/G8C4/G8C4-[3, 10].txt
2026-10-05T08:50:04.826-03:00  INFO 15156 --- [topomanager] [tomcat-handler-7] b.c.s.t.service.IdentificadorService     : ✅ Arquivo TXT gravado com sucesso em: /app/temp/20261005084955-28_sem_os_2/G8C4/G8C4-[3, 11].txt
2026-10-05T08:50:04.827-03:00  INFO 15156 --- [topomanager] [tomcat-handler-7] b.c.s.t.service.IdentificadorService     : ✅ Arquivo TXT gravado com sucesso em: /app/temp/20261005084955-28_sem_os_2/G8C4/G8C4-[3, 13].txt
2026-10-05T08:50:04.828-03:00  INFO 15156 --- [topomanager] [tomcat-handler-7] b.c.s.t.service.IdentificadorService     : ✅ Arquivo TXT gravado com sucesso em: /app/temp/20261005084955-28_sem_os_2/G8C4/G8C4-[3, 18].txt
2026-10-05T08:50:04.829-03:00  INFO 15156 --- [topomanager] [tomcat-handler-7] b.c.s.t.service.IdentificadorService     : ✅ Arquivo TXT gravado com sucesso em: /app/temp/20261005084955-28_sem_os_2/G8C4/G8C4-[3, 20].txt
2026-10-05T08:50:04.829-03:00  INFO 15156 --- [topomanager] [tomcat-handler-7] b.c.s.t.service.IdentificadorService     : ✅ Arquivo TXT gravado com sucesso em: /app/temp/20261005084955-28_sem_os_2/G8C4/G8C4-[3, 24].txt
2026-10-05T08:50:04.830-03:00  INFO 15156 --- [topomanager] [tomcat-handler-7] b.c.s.t.service.IdentificadorService     : ✅ Arquivo TXT gravado com sucesso em: /app/temp/20261005084955-28_sem_os_2/G8C4/G8C4-[3, 25].txt
2026-10-05T08:50:04.831-03:00  INFO 15156 --- [topomanager] [tomcat-handler-7] b.c.s.t.service.IdentificadorService     : ✅ Arquivo TXT gravado com sucesso em: /app/temp/20261005084955-28_sem_os_2/G8C4/G8C4-[6, 9].txt
2026-10-05T08:50:04.831-03:00  INFO 15156 --- [topomanager] [tomcat-handler-7] b.c.s.t.service.IdentificadorService     : ✅ Arquivo TXT gravado com sucesso em: /app/temp/20261005084955-28_sem_os_2/G8C4/G8C4-[6, 10].txt
2026-10-05T08:50:04.832-03:00  INFO 15156 --- [topomanager] [tomcat-handler-7] b.c.s.t.service.IdentificadorService     : ✅ Arquivo TXT gravado com sucesso em: /app/temp/20261005084955-28_sem_os_2/G8C4/G8C4-[6, 11].txt
2026-10-05T08:50:04.833-03:00  INFO 15156 --- [topomanager] [tomcat-handler-7] b.c.s.t.service.IdentificadorService     : ✅ Arquivo TXT gravado com sucesso em: /app/temp/20261005084955-28_sem_os_2/G8C4/G8C4-[6, 13].txt
2026-10-05T08:50:04.834-03:00  INFO 15156 --- [topomanager] [tomcat-handler-7] b.c.s.t.service.IdentificadorService     : ✅ Arquivo TXT gravado com sucesso em: /app/temp/20261005084955-28_sem_os_2/G8C4/G8C4-[6, 18].txt
2026-10-05T08:50:04.835-03:00  INFO 15156 --- [topomanager] [tomcat-handler-7] b.c.s.t.service.IdentificadorService     : ✅ Arquivo TXT gravado com sucesso em: /app/temp/20261005084955-28_sem_os_2/G8C4/G8C4-[6, 20].txt
2026-10-05T08:50:04.835-03:00  INFO 15156 --- [topomanager] [tomcat-handler-7] b.c.s.t.service.IdentificadorService     : ✅ Arquivo TXT gravado com sucesso em: /app/temp/20261005084955-28_sem_os_2/G8C4/G8C4-[6, 24].txt
2026-10-05T08:50:04.838-03:00  INFO 15156 --- [topomanager] [tomcat-handler-7] b.c.s.t.service.IdentificadorService     : ✅ Arquivo TXT gravado com sucesso em: /app/temp/20261005084955-28_sem_os_2/G8C4/G8C4-[6, 25].txt
2026-10-05T08:50:04.838-03:00  INFO 15156 --- [topomanager] [tomcat-handler-7] b.c.s.t.service.IdentificadorService     : ✅ Arquivo TXT gravado com sucesso em: /app/temp/20261005084955-28_sem_os_2/G8C4/G8C4-[9, 10].txt
2026-10-05T08:50:04.839-03:00  INFO 15156 --- [topomanager] [tomcat-handler-7] b.c.s.t.service.IdentificadorService     : ✅ Arquivo TXT gravado com sucesso em: /app/temp/20261005084955-28_sem_os_2/G8C4/G8C4-[9, 11].txt
2026-10-05T08:50:04.840-03:00  INFO 15156 --- [topomanager] [tomcat-handler-7] b.c.s.t.service.IdentificadorService     : ✅ Arquivo TXT gravado com sucesso em: /app/temp/20261005084955-28_sem_os_2/G8C4/G8C4-[9, 13].txt
2026-10-05T08:50:04.843-03:00  INFO 15156 --- [topomanager] [tomcat-handler-7] b.c.s.t.service.IdentificadorService     : ✅ Arquivo TXT gravado com sucesso em: /app/temp/20261005084955-28_sem_os_2/G8C4/G8C4-[9, 18].txt
2026-10-05T08:50:04.844-03:00  INFO 15156 --- [topomanager] [tomcat-handler-7] b.c.s.t.service.IdentificadorService     : ✅ Arquivo TXT gravado com sucesso em: /app/temp/20261005084955-28_sem_os_2/G8C4/G8C4-[9, 20].txt
2026-10-05T08:50:04.845-03:00  INFO 15156 --- [topomanager] [tomcat-handler-7] b.c.s.t.service.IdentificadorService     : ✅ Arquivo TXT gravado com sucesso em: /app/temp/20261005084955-28_sem_os_2/G8C4/G8C4-[9, 24].txt
2026-10-05T08:50:04.845-03:00  INFO 15156 --- [topomanager] [tomcat-handler-7] b.c.s.t.service.IdentificadorService     : ✅ Arquivo TXT gravado com sucesso em: /app/temp/20261005084955-28_sem_os_2/G8C4/G8C4-[9, 25].txt
2026-10-05T08:50:04.846-03:00  INFO 15156 --- [topomanager] [tomcat-handler-7] b.c.s.t.service.IdentificadorService     : ✅ Arquivo TXT gravado com sucesso em: /app/temp/20261005084955-28_sem_os_2/G8C4/G8C4-[10, 11].txt
2026-10-05T08:50:04.847-03:00  INFO 15156 --- [topomanager] [tomcat-handler-7] b.c.s.t.service.IdentificadorService     : ✅ Arquivo TXT gravado com sucesso em: /app/temp/20261005084955-28_sem_os_2/G8C4/G8C4-[10, 13].txt
2026-10-05T08:50:04.848-03:00  INFO 15156 --- [topomanager] [tomcat-handler-7] b.c.s.t.service.IdentificadorService     : ✅ Arquivo TXT gravado com sucesso em: /app/temp/20261005084955-28_sem_os_2/G8C4/G8C4-[10, 18].txt
2026-10-05T08:50:04.849-03:00  INFO 15156 --- [topomanager] [tomcat-handler-7] b.c.s.t.service.IdentificadorService     : ✅ Arquivo TXT gravado com sucesso em: /app/temp/20261005084955-28_sem_os_2/G8C4/G8C4-[10, 20].txt
2026-10-05T08:50:04.849-03:00  INFO 15156 --- [topomanager] [tomcat-handler-7] b.c.s.t.service.IdentificadorService     : ✅ Arquivo TXT gravado com sucesso em: /app/temp/20261005084955-28_sem_os_2/G8C4/G8C4-[10, 24].txt
2026-10-05T08:50:04.850-03:00  INFO 15156 --- [topomanager] [tomcat-handler-7] b.c.s.t.service.IdentificadorService     : ✅ Arquivo TXT gravado com sucesso em: /app/temp/20261005084955-28_sem_os_2/G8C4/G8C4-[10, 25].txt
2026-10-05T08:50:04.850-03:00  INFO 15156 --- [topomanager] [tomcat-handler-7] b.c.s.t.service.IdentificadorService     : ✅ Arquivo TXT gravado com sucesso em: /app/temp/20261005084955-28_sem_os_2/G8C4/G8C4-[11, 13].txt
2026-10-05T08:50:04.851-03:00  INFO 15156 --- [topomanager] [tomcat-handler-7] b.c.s.t.service.IdentificadorService     : ✅ Arquivo TXT gravado com sucesso em: /app/temp/20261005084955-28_sem_os_2/G8C4/G8C4-[11, 18].txt
2026-10-05T08:50:04.852-03:00  INFO 15156 --- [topomanager] [tomcat-handler-7] b.c.s.t.service.IdentificadorService     : ✅ Arquivo TXT gravado com sucesso em: /app/temp/20261005084955-28_sem_os_2/G8C4/G8C4-[11, 20].txt
2026-10-05T08:50:04.853-03:00  INFO 15156 --- [topomanager] [tomcat-handler-7] b.c.s.t.service.IdentificadorService     : ✅ Arquivo TXT gravado com sucesso em: /app/temp/20261005084955-28_sem_os_2/G8C4/G8C4-[11, 24].txt
2026-10-05T08:50:04.853-03:00  INFO 15156 --- [topomanager] [tomcat-handler-7] b.c.s.t.service.IdentificadorService     : ✅ Arquivo TXT gravado com sucesso em: /app/temp/20261005084955-28_sem_os_2/G8C4/G8C4-[11, 25].txt
2026-10-05T08:50:04.854-03:00  INFO 15156 --- [topomanager] [tomcat-handler-7] b.c.s.t.service.IdentificadorService     : ✅ Arquivo TXT gravado com sucesso em: /app/temp/20261005084955-28_sem_os_2/G8C4/G8C4-[13, 18].txt
2026-10-05T08:50:04.855-03:00  INFO 15156 --- [topomanager] [tomcat-handler-7] b.c.s.t.service.IdentificadorService     : ✅ Arquivo TXT gravado com sucesso em: /app/temp/20261005084955-28_sem_os_2/G8C4/G8C4-[13, 20].txt
2026-10-05T08:50:04.855-03:00  INFO 15156 --- [topomanager] [tomcat-handler-7] b.c.s.t.service.IdentificadorService     : ✅ Arquivo TXT gravado com sucesso em: /app/temp/20261005084955-28_sem_os_2/G8C4/G8C4-[13, 24].txt
2026-10-05T08:50:04.856-03:00  INFO 15156 --- [topomanager] [tomcat-handler-7] b.c.s.t.service.IdentificadorService     : ✅ Arquivo TXT gravado com sucesso em: /app/temp/20261005084955-28_sem_os_2/G8C4/G8C4-[13, 25].txt
2026-10-05T08:50:04.857-03:00  INFO 15156 --- [topomanager] [tomcat-handler-7] b.c.s.t.service.IdentificadorService     : ✅ Arquivo TXT gravado com sucesso em: /app/temp/20261005084955-28_sem_os_2/G8C4/G8C4-[18, 20].txt
2026-10-05T08:50:04.858-03:00  INFO 15156 --- [topomanager] [tomcat-handler-7] b.c.s.t.service.IdentificadorService     : ✅ Arquivo TXT gravado com sucesso em: /app/temp/20261005084955-28_sem_os_2/G8C4/G8C4-[18, 24].txt
2026-10-05T08:50:04.859-03:00  INFO 15156 --- [topomanager] [tomcat-handler-7] b.c.s.t.service.IdentificadorService     : ✅ Arquivo TXT gravado com sucesso em: /app/temp/20261005084955-28_sem_os_2/G8C4/G8C4-[18, 25].txt
2026-10-05T08:50:04.859-03:00  INFO 15156 --- [topomanager] [tomcat-handler-7] b.c.s.t.service.IdentificadorService     : ✅ Arquivo TXT gravado com sucesso em: /app/temp/20261005084955-28_sem_os_2/G8C4/G8C4-[20, 24].txt
2026-10-05T08:50:04.860-03:00  INFO 15156 --- [topomanager] [tomcat-handler-7] b.c.s.t.service.IdentificadorService     : ✅ Arquivo TXT gravado com sucesso em: /app/temp/20261005084955-28_sem_os_2/G8C4/G8C4-[20, 25].txt
2026-10-05T08:50:04.861-03:00  INFO 15156 --- [topomanager] [tomcat-handler-7] b.c.s.t.service.IdentificadorService     : ✅ Arquivo TXT gravado com sucesso em: /app/temp/20261005084955-28_sem_os_2/G8C4/G8C4-[24, 25].txt
2026-10-05T08:50:04.861-03:00  INFO 15156 --- [topomanager] [tomcat-handler-7] b.c.s.t.service.IdentificadorService     : ✅ Arquivo TXT gravado com sucesso em: /app/temp/20261005084955-28_sem_os_2/G4C1/G4C1-[2, 3].txt
2026-10-05T08:50:04.862-03:00  INFO 15156 --- [topomanager] [tomcat-handler-7] b.c.s.t.service.IdentificadorService     : ✅ Arquivo TXT gravado com sucesso em: /app/temp/20261005084955-28_sem_os_2/G4C1/G4C1-[2, 5].txt
2026-10-05T08:50:04.863-03:00  INFO 15156 --- [topomanager] [tomcat-handler-7] b.c.s.t.service.IdentificadorService     : ✅ Arquivo TXT gravado com sucesso em: /app/temp/20261005084955-28_sem_os_2/G4C1/G4C1-[2, 6].txt
2026-10-05T08:50:04.864-03:00  INFO 15156 --- [topomanager] [tomcat-handler-7] b.c.s.t.service.IdentificadorService     : ✅ Arquivo TXT gravado com sucesso em: /app/temp/20261005084955-28_sem_os_2/G4C1/G4C1-[2, 9].txt
2026-10-05T08:50:04.864-03:00  INFO 15156 --- [topomanager] [tomcat-handler-7] b.c.s.t.service.IdentificadorService     : ✅ Arquivo TXT gravado com sucesso em: /app/temp/20261005084955-28_sem_os_2/G4C1/G4C1-[2, 11].txt
2026-10-05T08:50:04.865-03:00  INFO 15156 --- [topomanager] [tomcat-handler-7] b.c.s.t.service.IdentificadorService     : ✅ Arquivo TXT gravado com sucesso em: /app/temp/20261005084955-28_sem_os_2/G4C1/G4C1-[2, 13].txt
2026-10-05T08:50:04.866-03:00  INFO 15156 --- [topomanager] [tomcat-handler-7] b.c.s.t.service.IdentificadorService     : ✅ Arquivo TXT gravado com sucesso em: /app/temp/20261005084955-28_sem_os_2/G4C1/G4C1-[2, 16].txt
2026-10-05T08:50:04.867-03:00  INFO 15156 --- [topomanager] [tomcat-handler-7] b.c.s.t.service.IdentificadorService     : ✅ Arquivo TXT gravado com sucesso em: /app/temp/20261005084955-28_sem_os_2/G4C1/G4C1-[2, 20].txt
2026-10-05T08:50:04.867-03:00  INFO 15156 --- [topomanager] [tomcat-handler-7] b.c.s.t.service.IdentificadorService     : ✅ Arquivo TXT gravado com sucesso em: /app/temp/20261005084955-28_sem_os_2/G4C1/G4C1-[2, 23].txt
2026-10-05T08:50:04.868-03:00  INFO 15156 --- [topomanager] [tomcat-handler-7] b.c.s.t.service.IdentificadorService     : ✅ Arquivo TXT gravado com sucesso em: /app/temp/20261005084955-28_sem_os_2/G4C1/G4C1-[2, 24].txt
2026-10-05T08:50:04.870-03:00  INFO 15156 --- [topomanager] [tomcat-handler-7] b.c.s.t.service.IdentificadorService     : ✅ Arquivo TXT gravado com sucesso em: /app/temp/20261005084955-28_sem_os_2/G4C1/G4C1-[3, 5].txt
2026-10-05T08:50:04.870-03:00  INFO 15156 --- [topomanager] [tomcat-handler-7] b.c.s.t.service.IdentificadorService     : ✅ Arquivo TXT gravado com sucesso em: /app/temp/20261005084955-28_sem_os_2/G4C1/G4C1-[3, 6].txt
2026-10-05T08:50:04.871-03:00  INFO 15156 --- [topomanager] [tomcat-handler-7] b.c.s.t.service.IdentificadorService     : ✅ Arquivo TXT gravado com sucesso em: /app/temp/20261005084955-28_sem_os_2/G4C1/G4C1-[3, 9].txt
2026-10-05T08:50:04.872-03:00  INFO 15156 --- [topomanager] [tomcat-handler-7] b.c.s.t.service.IdentificadorService     : ✅ Arquivo TXT gravado com sucesso em: /app/temp/20261005084955-28_sem_os_2/G4C1/G4C1-[3, 11].txt
2026-10-05T08:50:04.872-03:00  INFO 15156 --- [topomanager] [tomcat-handler-7] b.c.s.t.service.IdentificadorService     : ✅ Arquivo TXT gravado com sucesso em: /app/temp/20261005084955-28_sem_os_2/G4C1/G4C1-[3, 13].txt
2026-10-05T08:50:04.873-03:00  INFO 15156 --- [topomanager] [tomcat-handler-7] b.c.s.t.service.IdentificadorService     : ✅ Arquivo TXT gravado com sucesso em: /app/temp/20261005084955-28_sem_os_2/G4C1/G4C1-[3, 16].txt
2026-10-05T08:50:04.873-03:00  INFO 15156 --- [topomanager] [tomcat-handler-7] b.c.s.t.service.IdentificadorService     : ✅ Arquivo TXT gravado com sucesso em: /app/temp/20261005084955-28_sem_os_2/G4C1/G4C1-[3, 20].txt
2026-10-05T08:50:04.874-03:00  INFO 15156 --- [topomanager] [tomcat-handler-7] b.c.s.t.service.IdentificadorService     : ✅ Arquivo TXT gravado com sucesso em: /app/temp/20261005084955-28_sem_os_2/G4C1/G4C1-[3, 23].txt
2026-10-05T08:50:04.875-03:00  INFO 15156 --- [topomanager] [tomcat-handler-7] b.c.s.t.service.IdentificadorService     : ✅ Arquivo TXT gravado com sucesso em: /app/temp/20261005084955-28_sem_os_2/G4C1/G4C1-[3, 24].txt
2026-10-05T08:50:04.875-03:00  INFO 15156 --- [topomanager] [tomcat-handler-7] b.c.s.t.service.IdentificadorService     : ✅ Arquivo TXT gravado com sucesso em: /app/temp/20261005084955-28_sem_os_2/G4C1/G4C1-[5, 6].txt
2026-10-05T08:50:04.876-03:00  INFO 15156 --- [topomanager] [tomcat-handler-7] b.c.s.t.service.IdentificadorService     : ✅ Arquivo TXT gravado com sucesso em: /app/temp/20261005084955-28_sem_os_2/G4C1/G4C1-[5, 9].txt
2026-10-05T08:50:04.877-03:00  INFO 15156 --- [topomanager] [tomcat-handler-7] b.c.s.t.service.IdentificadorService     : ✅ Arquivo TXT gravado com sucesso em: /app/temp/20261005084955-28_sem_os_2/G4C1/G4C1-[5, 11].txt
2026-10-05T08:50:04.877-03:00  INFO 15156 --- [topomanager] [tomcat-handler-7] b.c.s.t.service.IdentificadorService     : ✅ Arquivo TXT gravado com sucesso em: /app/temp/20261005084955-28_sem_os_2/G4C1/G4C1-[5, 13].txt
2026-10-05T08:50:04.878-03:00  INFO 15156 --- [topomanager] [tomcat-handler-7] b.c.s.t.service.IdentificadorService     : ✅ Arquivo TXT gravado com sucesso em: /app/temp/20261005084955-28_sem_os_2/G4C1/G4C1-[5, 16].txt
2026-10-05T08:50:04.879-03:00  INFO 15156 --- [topomanager] [tomcat-handler-7] b.c.s.t.service.IdentificadorService     : ✅ Arquivo TXT gravado com sucesso em: /app/temp/20261005084955-28_sem_os_2/G4C1/G4C1-[5, 20].txt
2026-10-05T08:50:04.880-03:00  INFO 15156 --- [topomanager] [tomcat-handler-7] b.c.s.t.service.IdentificadorService     : ✅ Arquivo TXT gravado com sucesso em: /app/temp/20261005084955-28_sem_os_2/G4C1/G4C1-[5, 23].txt
2026-10-05T08:50:04.882-03:00  INFO 15156 --- [topomanager] [tomcat-handler-7] b.c.s.t.service.IdentificadorService     : ✅ Arquivo TXT gravado com sucesso em: /app/temp/20261005084955-28_sem_os_2/G4C1/G4C1-[5, 24].txt
2026-10-05T08:50:04.882-03:00  INFO 15156 --- [topomanager] [tomcat-handler-7] b.c.s.t.service.IdentificadorService     : ✅ Arquivo TXT gravado com sucesso em: /app/temp/20261005084955-28_sem_os_2/G4C1/G4C1-[6, 9].txt
2026-10-05T08:50:04.883-03:00  INFO 15156 --- [topomanager] [tomcat-handler-7] b.c.s.t.service.IdentificadorService     : ✅ Arquivo TXT gravado com sucesso em: /app/temp/20261005084955-28_sem_os_2/G4C1/G4C1-[6, 11].txt
2026-10-05T08:50:04.883-03:00  INFO 15156 --- [topomanager] [tomcat-handler-7] b.c.s.t.service.IdentificadorService     : ✅ Arquivo TXT gravado com sucesso em: /app/temp/20261005084955-28_sem_os_2/G4C1/G4C1-[6, 13].txt
2026-10-05T08:50:04.884-03:00  INFO 15156 --- [topomanager] [tomcat-handler-7] b.c.s.t.service.IdentificadorService     : ✅ Arquivo TXT gravado com sucesso em: /app/temp/20261005084955-28_sem_os_2/G4C1/G4C1-[6, 16].txt
2026-10-05T08:50:04.885-03:00  INFO 15156 --- [topomanager] [tomcat-handler-7] b.c.s.t.service.IdentificadorService     : ✅ Arquivo TXT gravado com sucesso em: /app/temp/20261005084955-28_sem_os_2/G4C1/G4C1-[6, 20].txt
2026-10-05T08:50:04.885-03:00  INFO 15156 --- [topomanager] [tomcat-handler-7] b.c.s.t.service.IdentificadorService     : ✅ Arquivo TXT gravado com sucesso em: /app/temp/20261005084955-28_sem_os_2/G4C1/G4C1-[6, 23].txt
2026-10-05T08:50:04.886-03:00  INFO 15156 --- [topomanager] [tomcat-handler-7] b.c.s.t.service.IdentificadorService     : ✅ Arquivo TXT gravado com sucesso em: /app/temp/20261005084955-28_sem_os_2/G4C1/G4C1-[6, 24].txt
2026-10-05T08:50:04.887-03:00  INFO 15156 --- [topomanager] [tomcat-handler-7] b.c.s.t.service.IdentificadorService     : ✅ Arquivo TXT gravado com sucesso em: /app/temp/20261005084955-28_sem_os_2/G4C1/G4C1-[9, 11].txt
2026-10-05T08:50:04.888-03:00  INFO 15156 --- [topomanager] [tomcat-handler-7] b.c.s.t.service.IdentificadorService     : ✅ Arquivo TXT gravado com sucesso em: /app/temp/20261005084955-28_sem_os_2/G4C1/G4C1-[9, 13].txt
2026-10-05T08:50:04.888-03:00  INFO 15156 --- [topomanager] [tomcat-handler-7] b.c.s.t.service.IdentificadorService     : ✅ Arquivo TXT gravado com sucesso em: /app/temp/20261005084955-28_sem_os_2/G4C1/G4C1-[9, 16].txt
2026-10-05T08:50:04.889-03:00  INFO 15156 --- [topomanager] [tomcat-handler-7] b.c.s.t.service.IdentificadorService     : ✅ Arquivo TXT gravado com sucesso em: /app/temp/20261005084955-28_sem_os_2/G4C1/G4C1-[9, 20].txt
2026-10-05T08:50:04.889-03:00  INFO 15156 --- [topomanager] [tomcat-handler-7] b.c.s.t.service.IdentificadorService     : ✅ Arquivo TXT gravado com sucesso em: /app/temp/20261005084955-28_sem_os_2/G4C1/G4C1-[9, 23].txt
2026-10-05T08:50:04.890-03:00  INFO 15156 --- [topomanager] [tomcat-handler-7] b.c.s.t.service.IdentificadorService     : ✅ Arquivo TXT gravado com sucesso em: /app/temp/20261005084955-28_sem_os_2/G4C1/G4C1-[9, 24].txt
2026-10-05T08:50:04.891-03:00  INFO 15156 --- [topomanager] [tomcat-handler-7] b.c.s.t.service.IdentificadorService     : ✅ Arquivo TXT gravado com sucesso em: /app/temp/20261005084955-28_sem_os_2/G4C1/G4C1-[11, 13].txt
2026-10-05T08:50:04.891-03:00  INFO 15156 --- [topomanager] [tomcat-handler-7] b.c.s.t.service.IdentificadorService     : ✅ Arquivo TXT gravado com sucesso em: /app/temp/20261005084955-28_sem_os_2/G4C1/G4C1-[11, 16].txt
2026-10-05T08:50:04.892-03:00  INFO 15156 --- [topomanager] [tomcat-handler-7] b.c.s.t.service.IdentificadorService     : ✅ Arquivo TXT gravado com sucesso em: /app/temp/20261005084955-28_sem_os_2/G4C1/G4C1-[11, 20].txt
2026-10-05T08:50:04.893-03:00  INFO 15156 --- [topomanager] [tomcat-handler-7] b.c.s.t.service.IdentificadorService     : ✅ Arquivo TXT gravado com sucesso em: /app/temp/20261005084955-28_sem_os_2/G4C1/G4C1-[11, 23].txt
2026-10-05T08:50:04.893-03:00  INFO 15156 --- [topomanager] [tomcat-handler-7] b.c.s.t.service.IdentificadorService     : ✅ Arquivo TXT gravado com sucesso em: /app/temp/20261005084955-28_sem_os_2/G4C1/G4C1-[11, 24].txt
2026-10-05T08:50:04.894-03:00  INFO 15156 --- [topomanager] [tomcat-handler-7] b.c.s.t.service.IdentificadorService     : ✅ Arquivo TXT gravado com sucesso em: /app/temp/20261005084955-28_sem_os_2/G4C1/G4C1-[13, 16].txt
2026-10-05T08:50:04.896-03:00  INFO 15156 --- [topomanager] [tomcat-handler-7] b.c.s.t.service.IdentificadorService     : ✅ Arquivo TXT gravado com sucesso em: /app/temp/20261005084955-28_sem_os_2/G4C1/G4C1-[13, 20].txt
2026-10-05T08:50:04.896-03:00  INFO 15156 --- [topomanager] [tomcat-handler-7] b.c.s.t.service.IdentificadorService     : ✅ Arquivo TXT gravado com sucesso em: /app/temp/20261005084955-28_sem_os_2/G4C1/G4C1-[13, 23].txt
2026-10-05T08:50:04.897-03:00  INFO 15156 --- [topomanager] [tomcat-handler-7] b.c.s.t.service.IdentificadorService     : ✅ Arquivo TXT gravado com sucesso em: /app/temp/20261005084955-28_sem_os_2/G4C1/G4C1-[13, 24].txt
2026-10-05T08:50:04.898-03:00  INFO 15156 --- [topomanager] [tomcat-handler-7] b.c.s.t.service.IdentificadorService     : ✅ Arquivo TXT gravado com sucesso em: /app/temp/20261005084955-28_sem_os_2/G4C1/G4C1-[16, 20].txt
2026-10-05T08:50:04.898-03:00  INFO 15156 --- [topomanager] [tomcat-handler-7] b.c.s.t.service.IdentificadorService     : ✅ Arquivo TXT gravado com sucesso em: /app/temp/20261005084955-28_sem_os_2/G4C1/G4C1-[16, 23].txt
2026-10-05T08:50:04.899-03:00  INFO 15156 --- [topomanager] [tomcat-handler-7] b.c.s.t.service.IdentificadorService     : ✅ Arquivo TXT gravado com sucesso em: /app/temp/20261005084955-28_sem_os_2/G4C1/G4C1-[16, 24].txt
2026-10-05T08:50:04.899-03:00  INFO 15156 --- [topomanager] [tomcat-handler-7] b.c.s.t.service.IdentificadorService     : ✅ Arquivo TXT gravado com sucesso em: /app/temp/20261005084955-28_sem_os_2/G4C1/G4C1-[20, 23].txt
2026-10-05T08:50:04.900-03:00  INFO 15156 --- [topomanager] [tomcat-handler-7] b.c.s.t.service.IdentificadorService     : ✅ Arquivo TXT gravado com sucesso em: /app/temp/20261005084955-28_sem_os_2/G4C1/G4C1-[20, 24].txt
2026-10-05T08:50:04.901-03:00  INFO 15156 --- [topomanager] [tomcat-handler-7] b.c.s.t.service.IdentificadorService     : ✅ Arquivo TXT gravado com sucesso em: /app/temp/20261005084955-28_sem_os_2/G4C1/G4C1-[23, 24].txt
2026-10-05T08:50:04.901-03:00  INFO 15156 --- [topomanager] [tomcat-handler-7] b.c.s.t.service.IdentificadorService     : ✅ Arquivo TXT gravado com sucesso em: /app/temp/20261005084955-28_sem_os_2/G20C10/G20C10-[3, 5].txt
2026-10-05T08:50:04.902-03:00  INFO 15156 --- [topomanager] [tomcat-handler-7] b.c.s.t.service.IdentificadorService     : ✅ Arquivo TXT gravado com sucesso em: /app/temp/20261005084955-28_sem_os_2/G20C10/G20C10-[3, 6].txt
2026-10-05T08:50:04.903-03:00  INFO 15156 --- [topomanager] [tomcat-handler-7] b.c.s.t.service.IdentificadorService     : ✅ Arquivo TXT gravado com sucesso em: /app/temp/20261005084955-28_sem_os_2/G20C10/G20C10-[3, 9].txt
2026-10-05T08:50:04.903-03:00  INFO 15156 --- [topomanager] [tomcat-handler-7] b.c.s.t.service.IdentificadorService     : ✅ Arquivo TXT gravado com sucesso em: /app/temp/20261005084955-28_sem_os_2/G20C10/G20C10-[3, 11].txt
2026-10-05T08:50:04.904-03:00  INFO 15156 --- [topomanager] [tomcat-handler-7] b.c.s.t.service.IdentificadorService     : ✅ Arquivo TXT gravado com sucesso em: /app/temp/20261005084955-28_sem_os_2/G20C10/G20C10-[3, 13].txt
2026-10-05T08:50:04.905-03:00  INFO 15156 --- [topomanager] [tomcat-handler-7] b.c.s.t.service.IdentificadorService     : ✅ Arquivo TXT gravado com sucesso em: /app/temp/20261005084955-28_sem_os_2/G20C10/G20C10-[3, 14].txt
2026-10-05T08:50:04.905-03:00  INFO 15156 --- [topomanager] [tomcat-handler-7] b.c.s.t.service.IdentificadorService     : ✅ Arquivo TXT gravado com sucesso em: /app/temp/20261005084955-28_sem_os_2/G20C10/G20C10-[3, 20].txt
2026-10-05T08:50:04.906-03:00  INFO 15156 --- [topomanager] [tomcat-handler-7] b.c.s.t.service.IdentificadorService     : ✅ Arquivo TXT gravado com sucesso em: /app/temp/20261005084955-28_sem_os_2/G20C10/G20C10-[3, 23].txt
2026-10-05T08:50:04.907-03:00  INFO 15156 --- [topomanager] [tomcat-handler-7] b.c.s.t.service.IdentificadorService     : ✅ Arquivo TXT gravado com sucesso em: /app/temp/20261005084955-28_sem_os_2/G20C10/G20C10-[3, 24].txt
2026-10-05T08:50:04.907-03:00  INFO 15156 --- [topomanager] [tomcat-handler-7] b.c.s.t.service.IdentificadorService     : ✅ Arquivo TXT gravado com sucesso em: /app/temp/20261005084955-28_sem_os_2/G20C10/G20C10-[3, 25].txt
2026-10-05T08:50:04.908-03:00  INFO 15156 --- [topomanager] [tomcat-handler-7] b.c.s.t.service.IdentificadorService     : ✅ Arquivo TXT gravado com sucesso em: /app/temp/20261005084955-28_sem_os_2/G20C10/G20C10-[5, 6].txt
2026-10-05T08:50:04.908-03:00  INFO 15156 --- [topomanager] [tomcat-handler-7] b.c.s.t.service.IdentificadorService     : ✅ Arquivo TXT gravado com sucesso em: /app/temp/20261005084955-28_sem_os_2/G20C10/G20C10-[5, 9].txt
2026-10-05T08:50:04.909-03:00  INFO 15156 --- [topomanager] [tomcat-handler-7] b.c.s.t.service.IdentificadorService     : ✅ Arquivo TXT gravado com sucesso em: /app/temp/20261005084955-28_sem_os_2/G20C10/G20C10-[5, 11].txt
2026-10-05T08:50:04.910-03:00  INFO 15156 --- [topomanager] [tomcat-handler-7] b.c.s.t.service.IdentificadorService     : ✅ Arquivo TXT gravado com sucesso em: /app/temp/20261005084955-28_sem_os_2/G20C10/G20C10-[5, 13].txt
2026-10-05T08:50:04.911-03:00  INFO 15156 --- [topomanager] [tomcat-handler-7] b.c.s.t.service.IdentificadorService     : ✅ Arquivo TXT gravado com sucesso em: /app/temp/20261005084955-28_sem_os_2/G20C10/G20C10-[5, 14].txt
2026-10-05T08:50:04.911-03:00  INFO 15156 --- [topomanager] [tomcat-handler-7] b.c.s.t.service.IdentificadorService     : ✅ Arquivo TXT gravado com sucesso em: /app/temp/20261005084955-28_sem_os_2/G20C10/G20C10-[5, 20].txt
2026-10-05T08:50:04.912-03:00  INFO 15156 --- [topomanager] [tomcat-handler-7] b.c.s.t.service.IdentificadorService     : ✅ Arquivo TXT gravado com sucesso em: /app/temp/20261005084955-28_sem_os_2/G20C10/G20C10-[5, 23].txt
2026-10-05T08:50:04.913-03:00  INFO 15156 --- [topomanager] [tomcat-handler-7] b.c.s.t.service.IdentificadorService     : ✅ Arquivo TXT gravado com sucesso em: /app/temp/20261005084955-28_sem_os_2/G20C10/G20C10-[5, 24].txt
2026-10-05T08:50:04.913-03:00  INFO 15156 --- [topomanager] [tomcat-handler-7] b.c.s.t.service.IdentificadorService     : ✅ Arquivo TXT gravado com sucesso em: /app/temp/20261005084955-28_sem_os_2/G20C10/G20C10-[5, 25].txt
2026-10-05T08:50:04.914-03:00  INFO 15156 --- [topomanager] [tomcat-handler-7] b.c.s.t.service.IdentificadorService     : ✅ Arquivo TXT gravado com sucesso em: /app/temp/20261005084955-28_sem_os_2/G20C10/G20C10-[6, 9].txt
2026-10-05T08:50:04.914-03:00  INFO 15156 --- [topomanager] [tomcat-handler-7] b.c.s.t.service.IdentificadorService     : ✅ Arquivo TXT gravado com sucesso em: /app/temp/20261005084955-28_sem_os_2/G20C10/G20C10-[6, 11].txt
2026-10-05T08:50:04.915-03:00  INFO 15156 --- [topomanager] [tomcat-handler-7] b.c.s.t.service.IdentificadorService     : ✅ Arquivo TXT gravado com sucesso em: /app/temp/20261005084955-28_sem_os_2/G20C10/G20C10-[6, 13].txt
2026-10-05T08:50:04.916-03:00  INFO 15156 --- [topomanager] [tomcat-handler-7] b.c.s.t.service.IdentificadorService     : ✅ Arquivo TXT gravado com sucesso em: /app/temp/20261005084955-28_sem_os_2/G20C10/G20C10-[6, 14].txt
2026-10-05T08:50:04.916-03:00  INFO 15156 --- [topomanager] [tomcat-handler-7] b.c.s.t.service.IdentificadorService     : ✅ Arquivo TXT gravado com sucesso em: /app/temp/20261005084955-28_sem_os_2/G20C10/G20C10-[6, 20].txt
2026-10-05T08:50:04.917-03:00  INFO 15156 --- [topomanager] [tomcat-handler-7] b.c.s.t.service.IdentificadorService     : ✅ Arquivo TXT gravado com sucesso em: /app/temp/20261005084955-28_sem_os_2/G20C10/G20C10-[6, 23].txt
2026-10-05T08:50:04.918-03:00  INFO 15156 --- [topomanager] [tomcat-handler-7] b.c.s.t.service.IdentificadorService     : ✅ Arquivo TXT gravado com sucesso em: /app/temp/20261005084955-28_sem_os_2/G20C10/G20C10-[6, 24].txt
2026-10-05T08:50:04.918-03:00  INFO 15156 --- [topomanager] [tomcat-handler-7] b.c.s.t.service.IdentificadorService     : ✅ Arquivo TXT gravado com sucesso em: /app/temp/20261005084955-28_sem_os_2/G20C10/G20C10-[6, 25].txt
2026-10-05T08:50:04.919-03:00  INFO 15156 --- [topomanager] [tomcat-handler-7] b.c.s.t.service.IdentificadorService     : ✅ Arquivo TXT gravado com sucesso em: /app/temp/20261005084955-28_sem_os_2/G20C10/G20C10-[9, 11].txt
2026-10-05T08:50:04.919-03:00  INFO 15156 --- [topomanager] [tomcat-handler-7] b.c.s.t.service.IdentificadorService     : ✅ Arquivo TXT gravado com sucesso em: /app/temp/20261005084955-28_sem_os_2/G20C10/G20C10-[9, 13].txt
2026-10-05T08:50:04.920-03:00  INFO 15156 --- [topomanager] [tomcat-handler-7] b.c.s.t.service.IdentificadorService     : ✅ Arquivo TXT gravado com sucesso em: /app/temp/20261005084955-28_sem_os_2/G20C10/G20C10-[9, 14].txt
2026-10-05T08:50:04.921-03:00  INFO 15156 --- [topomanager] [tomcat-handler-7] b.c.s.t.service.IdentificadorService     : ✅ Arquivo TXT gravado com sucesso em: /app/temp/20261005084955-28_sem_os_2/G20C10/G20C10-[9, 20].txt
2026-10-05T08:50:04.921-03:00  INFO 15156 --- [topomanager] [tomcat-handler-7] b.c.s.t.service.IdentificadorService     : ✅ Arquivo TXT gravado com sucesso em: /app/temp/20261005084955-28_sem_os_2/G20C10/G20C10-[9, 23].txt
2026-10-05T08:50:04.922-03:00  INFO 15156 --- [topomanager] [tomcat-handler-7] b.c.s.t.service.IdentificadorService     : ✅ Arquivo TXT gravado com sucesso em: /app/temp/20261005084955-28_sem_os_2/G20C10/G20C10-[9, 24].txt
2026-10-05T08:50:04.923-03:00  INFO 15156 --- [topomanager] [tomcat-handler-7] b.c.s.t.service.IdentificadorService     : ✅ Arquivo TXT gravado com sucesso em: /app/temp/20261005084955-28_sem_os_2/G20C10/G20C10-[9, 25].txt
2026-10-05T08:50:04.923-03:00  INFO 15156 --- [topomanager] [tomcat-handler-7] b.c.s.t.service.IdentificadorService     : ✅ Arquivo TXT gravado com sucesso em: /app/temp/20261005084955-28_sem_os_2/G20C10/G20C10-[11, 13].txt
2026-10-05T08:50:04.924-03:00  INFO 15156 --- [topomanager] [tomcat-handler-7] b.c.s.t.service.IdentificadorService     : ✅ Arquivo TXT gravado com sucesso em: /app/temp/20261005084955-28_sem_os_2/G20C10/G20C10-[11, 14].txt
2026-10-05T08:50:04.924-03:00  INFO 15156 --- [topomanager] [tomcat-handler-7] b.c.s.t.service.IdentificadorService     : ✅ Arquivo TXT gravado com sucesso em: /app/temp/20261005084955-28_sem_os_2/G20C10/G20C10-[11, 20].txt
2026-10-05T08:50:04.925-03:00  INFO 15156 --- [topomanager] [tomcat-handler-7] b.c.s.t.service.IdentificadorService     : ✅ Arquivo TXT gravado com sucesso em: /app/temp/20261005084955-28_sem_os_2/G20C10/G20C10-[11, 23].txt
2026-10-05T08:50:04.926-03:00  INFO 15156 --- [topomanager] [tomcat-handler-7] b.c.s.t.service.IdentificadorService     : ✅ Arquivo TXT gravado com sucesso em: /app/temp/20261005084955-28_sem_os_2/G20C10/G20C10-[11, 24].txt
2026-10-05T08:50:04.926-03:00  INFO 15156 --- [topomanager] [tomcat-handler-7] b.c.s.t.service.IdentificadorService     : ✅ Arquivo TXT gravado com sucesso em: /app/temp/20261005084955-28_sem_os_2/G20C10/G20C10-[11, 25].txt
2026-10-05T08:50:04.927-03:00  INFO 15156 --- [topomanager] [tomcat-handler-7] b.c.s.t.service.IdentificadorService     : ✅ Arquivo TXT gravado com sucesso em: /app/temp/20261005084955-28_sem_os_2/G20C10/G20C10-[13, 14].txt
2026-10-05T08:50:04.928-03:00  INFO 15156 --- [topomanager] [tomcat-handler-7] b.c.s.t.service.IdentificadorService     : ✅ Arquivo TXT gravado com sucesso em: /app/temp/20261005084955-28_sem_os_2/G20C10/G20C10-[13, 20].txt
2026-10-05T08:50:04.928-03:00  INFO 15156 --- [topomanager] [tomcat-handler-7] b.c.s.t.service.IdentificadorService     : ✅ Arquivo TXT gravado com sucesso em: /app/temp/20261005084955-28_sem_os_2/G20C10/G20C10-[13, 23].txt
2026-10-05T08:50:04.929-03:00  INFO 15156 --- [topomanager] [tomcat-handler-7] b.c.s.t.service.IdentificadorService     : ✅ Arquivo TXT gravado com sucesso em: /app/temp/20261005084955-28_sem_os_2/G20C10/G20C10-[13, 24].txt
2026-10-05T08:50:04.929-03:00  INFO 15156 --- [topomanager] [tomcat-handler-7] b.c.s.t.service.IdentificadorService     : ✅ Arquivo TXT gravado com sucesso em: /app/temp/20261005084955-28_sem_os_2/G20C10/G20C10-[13, 25].txt
2026-10-05T08:50:04.931-03:00  INFO 15156 --- [topomanager] [tomcat-handler-7] b.c.s.t.service.IdentificadorService     : ✅ Arquivo TXT gravado com sucesso em: /app/temp/20261005084955-28_sem_os_2/G20C10/G20C10-[14, 20].txt
2026-10-05T08:50:04.931-03:00  INFO 15156 --- [topomanager] [tomcat-handler-7] b.c.s.t.service.IdentificadorService     : ✅ Arquivo TXT gravado com sucesso em: /app/temp/20261005084955-28_sem_os_2/G20C10/G20C10-[14, 23].txt
2026-10-05T08:50:04.932-03:00  INFO 15156 --- [topomanager] [tomcat-handler-7] b.c.s.t.service.IdentificadorService     : ✅ Arquivo TXT gravado com sucesso em: /app/temp/20261005084955-28_sem_os_2/G20C10/G20C10-[14, 24].txt
2026-10-05T08:50:04.932-03:00  INFO 15156 --- [topomanager] [tomcat-handler-7] b.c.s.t.service.IdentificadorService     : ✅ Arquivo TXT gravado com sucesso em: /app/temp/20261005084955-28_sem_os_2/G20C10/G20C10-[14, 25].txt
2026-10-05T08:50:04.933-03:00  INFO 15156 --- [topomanager] [tomcat-handler-7] b.c.s.t.service.IdentificadorService     : ✅ Arquivo TXT gravado com sucesso em: /app/temp/20261005084955-28_sem_os_2/G20C10/G20C10-[20, 23].txt
2026-10-05T08:50:04.934-03:00  INFO 15156 --- [topomanager] [tomcat-handler-7] b.c.s.t.service.IdentificadorService     : ✅ Arquivo TXT gravado com sucesso em: /app/temp/20261005084955-28_sem_os_2/G20C10/G20C10-[20, 24].txt
2026-10-05T08:50:04.934-03:00  INFO 15156 --- [topomanager] [tomcat-handler-7] b.c.s.t.service.IdentificadorService     : ✅ Arquivo TXT gravado com sucesso em: /app/temp/20261005084955-28_sem_os_2/G20C10/G20C10-[20, 25].txt
2026-10-05T08:50:04.935-03:00  INFO 15156 --- [topomanager] [tomcat-handler-7] b.c.s.t.service.IdentificadorService     : ✅ Arquivo TXT gravado com sucesso em: /app/temp/20261005084955-28_sem_os_2/G20C10/G20C10-[23, 24].txt
2026-10-05T08:50:04.936-03:00  INFO 15156 --- [topomanager] [tomcat-handler-7] b.c.s.t.service.IdentificadorService     : ✅ Arquivo TXT gravado com sucesso em: /app/temp/20261005084955-28_sem_os_2/G20C10/G20C10-[23, 25].txt
2026-10-05T08:50:04.936-03:00  INFO 15156 --- [topomanager] [tomcat-handler-7] b.c.s.t.service.IdentificadorService     : ✅ Arquivo TXT gravado com sucesso em: /app/temp/20261005084955-28_sem_os_2/G20C10/G20C10-[24, 25].txt
2026-10-05T08:50:04.937-03:00  INFO 15156 --- [topomanager] [tomcat-handler-7] b.c.s.t.service.IdentificadorService     : ✅ Arquivo TXT gravado com sucesso em: /app/temp/20261005084955-28_sem_os_2/G4C7/G4C7-[3, 5].txt
2026-10-05T08:50:04.938-03:00  INFO 15156 --- [topomanager] [tomcat-handler-7] b.c.s.t.service.IdentificadorService     : ✅ Arquivo TXT gravado com sucesso em: /app/temp/20261005084955-28_sem_os_2/G4C7/G4C7-[3, 6].txt
2026-10-05T08:50:04.938-03:00  INFO 15156 --- [topomanager] [tomcat-handler-7] b.c.s.t.service.IdentificadorService     : ✅ Arquivo TXT gravado com sucesso em: /app/temp/20261005084955-28_sem_os_2/G4C7/G4C7-[3, 9].txt
2026-10-05T08:50:04.939-03:00  INFO 15156 --- [topomanager] [tomcat-handler-7] b.c.s.t.service.IdentificadorService     : ✅ Arquivo TXT gravado com sucesso em: /app/temp/20261005084955-28_sem_os_2/G4C7/G4C7-[3, 11].txt
2026-10-05T08:50:04.939-03:00  INFO 15156 --- [topomanager] [tomcat-handler-7] b.c.s.t.service.IdentificadorService     : ✅ Arquivo TXT gravado com sucesso em: /app/temp/20261005084955-28_sem_os_2/G4C7/G4C7-[3, 13].txt
2026-10-05T08:50:04.940-03:00  INFO 15156 --- [topomanager] [tomcat-handler-7] b.c.s.t.service.IdentificadorService     : ✅ Arquivo TXT gravado com sucesso em: /app/temp/20261005084955-28_sem_os_2/G4C7/G4C7-[3, 16].txt
2026-10-05T08:50:04.941-03:00  INFO 15156 --- [topomanager] [tomcat-handler-7] b.c.s.t.service.IdentificadorService     : ✅ Arquivo TXT gravado com sucesso em: /app/temp/20261005084955-28_sem_os_2/G4C7/G4C7-[3, 18].txt
2026-10-05T08:50:04.941-03:00  INFO 15156 --- [topomanager] [tomcat-handler-7] b.c.s.t.service.IdentificadorService     : ✅ Arquivo TXT gravado com sucesso em: /app/temp/20261005084955-28_sem_os_2/G4C7/G4C7-[3, 20].txt
2026-10-05T08:50:04.942-03:00  INFO 15156 --- [topomanager] [tomcat-handler-7] b.c.s.t.service.IdentificadorService     : ✅ Arquivo TXT gravado com sucesso em: /app/temp/20261005084955-28_sem_os_2/G4C7/G4C7-[3, 23].txt
2026-10-05T08:50:04.944-03:00  INFO 15156 --- [topomanager] [tomcat-handler-7] b.c.s.t.service.IdentificadorService     : ✅ Arquivo TXT gravado com sucesso em: /app/temp/20261005084955-28_sem_os_2/G4C7/G4C7-[3, 24].txt
2026-10-05T08:50:04.944-03:00  INFO 15156 --- [topomanager] [tomcat-handler-7] b.c.s.t.service.IdentificadorService     : ✅ Arquivo TXT gravado com sucesso em: /app/temp/20261005084955-28_sem_os_2/G4C7/G4C7-[5, 6].txt
2026-10-05T08:50:04.945-03:00  INFO 15156 --- [topomanager] [tomcat-handler-7] b.c.s.t.service.IdentificadorService     : ✅ Arquivo TXT gravado com sucesso em: /app/temp/20261005084955-28_sem_os_2/G4C7/G4C7-[5, 9].txt
2026-10-05T08:50:04.945-03:00  INFO 15156 --- [topomanager] [tomcat-handler-7] b.c.s.t.service.IdentificadorService     : ✅ Arquivo TXT gravado com sucesso em: /app/temp/20261005084955-28_sem_os_2/G4C7/G4C7-[5, 11].txt
2026-10-05T08:50:04.946-03:00  INFO 15156 --- [topomanager] [tomcat-handler-7] b.c.s.t.service.IdentificadorService     : ✅ Arquivo TXT gravado com sucesso em: /app/temp/20261005084955-28_sem_os_2/G4C7/G4C7-[5, 13].txt
2026-10-05T08:50:04.947-03:00  INFO 15156 --- [topomanager] [tomcat-handler-7] b.c.s.t.service.IdentificadorService     : ✅ Arquivo TXT gravado com sucesso em: /app/temp/20261005084955-28_sem_os_2/G4C7/G4C7-[5, 16].txt
2026-10-05T08:50:04.947-03:00  INFO 15156 --- [topomanager] [tomcat-handler-7] b.c.s.t.service.IdentificadorService     : ✅ Arquivo TXT gravado com sucesso em: /app/temp/20261005084955-28_sem_os_2/G4C7/G4C7-[5, 18].txt
2026-10-05T08:50:04.948-03:00  INFO 15156 --- [topomanager] [tomcat-handler-7] b.c.s.t.service.IdentificadorService     : ✅ Arquivo TXT gravado com sucesso em: /app/temp/20261005084955-28_sem_os_2/G4C7/G4C7-[5, 20].txt
2026-10-05T08:50:04.948-03:00  INFO 15156 --- [topomanager] [tomcat-handler-7] b.c.s.t.service.IdentificadorService     : ✅ Arquivo TXT gravado com sucesso em: /app/temp/20261005084955-28_sem_os_2/G4C7/G4C7-[5, 23].txt
2026-10-05T08:50:04.949-03:00  INFO 15156 --- [topomanager] [tomcat-handler-7] b.c.s.t.service.IdentificadorService     : ✅ Arquivo TXT gravado com sucesso em: /app/temp/20261005084955-28_sem_os_2/G4C7/G4C7-[5, 24].txt
2026-10-05T08:50:04.949-03:00  INFO 15156 --- [topomanager] [tomcat-handler-7] b.c.s.t.service.IdentificadorService     : ✅ Arquivo TXT gravado com sucesso em: /app/temp/20261005084955-28_sem_os_2/G4C7/G4C7-[6, 9].txt
2026-10-05T08:50:04.950-03:00  INFO 15156 --- [topomanager] [tomcat-handler-7] b.c.s.t.service.IdentificadorService     : ✅ Arquivo TXT gravado com sucesso em: /app/temp/20261005084955-28_sem_os_2/G4C7/G4C7-[6, 11].txt
2026-10-05T08:50:04.951-03:00  INFO 15156 --- [topomanager] [tomcat-handler-7] b.c.s.t.service.IdentificadorService     : ✅ Arquivo TXT gravado com sucesso em: /app/temp/20261005084955-28_sem_os_2/G4C7/G4C7-[6, 13].txt
2026-10-05T08:50:04.951-03:00  INFO 15156 --- [topomanager] [tomcat-handler-7] b.c.s.t.service.IdentificadorService     : ✅ Arquivo TXT gravado com sucesso em: /app/temp/20261005084955-28_sem_os_2/G4C7/G4C7-[6, 16].txt
2026-10-05T08:50:04.952-03:00  INFO 15156 --- [topomanager] [tomcat-handler-7] b.c.s.t.service.IdentificadorService     : ✅ Arquivo TXT gravado com sucesso em: /app/temp/20261005084955-28_sem_os_2/G4C7/G4C7-[6, 18].txt
2026-10-05T08:50:04.952-03:00  INFO 15156 --- [topomanager] [tomcat-handler-7] b.c.s.t.service.IdentificadorService     : ✅ Arquivo TXT gravado com sucesso em: /app/temp/20261005084955-28_sem_os_2/G4C7/G4C7-[6, 20].txt
2026-10-05T08:50:04.953-03:00  INFO 15156 --- [topomanager] [tomcat-handler-7] b.c.s.t.service.IdentificadorService     : ✅ Arquivo TXT gravado com sucesso em: /app/temp/20261005084955-28_sem_os_2/G4C7/G4C7-[6, 23].txt
2026-10-05T08:50:04.953-03:00  INFO 15156 --- [topomanager] [tomcat-handler-7] b.c.s.t.service.IdentificadorService     : ✅ Arquivo TXT gravado com sucesso em: /app/temp/20261005084955-28_sem_os_2/G4C7/G4C7-[6, 24].txt
2026-10-05T08:50:04.954-03:00  INFO 15156 --- [topomanager] [tomcat-handler-7] b.c.s.t.service.IdentificadorService     : ✅ Arquivo TXT gravado com sucesso em: /app/temp/20261005084955-28_sem_os_2/G4C7/G4C7-[9, 11].txt
2026-10-05T08:50:04.954-03:00  INFO 15156 --- [topomanager] [tomcat-handler-7] b.c.s.t.service.IdentificadorService     : ✅ Arquivo TXT gravado com sucesso em: /app/temp/20261005084955-28_sem_os_2/G4C7/G4C7-[9, 13].txt
2026-10-05T08:50:04.955-03:00  INFO 15156 --- [topomanager] [tomcat-handler-7] b.c.s.t.service.IdentificadorService     : ✅ Arquivo TXT gravado com sucesso em: /app/temp/20261005084955-28_sem_os_2/G4C7/G4C7-[9, 16].txt
2026-10-05T08:50:04.956-03:00  INFO 15156 --- [topomanager] [tomcat-handler-7] b.c.s.t.service.IdentificadorService     : ✅ Arquivo TXT gravado com sucesso em: /app/temp/20261005084955-28_sem_os_2/G4C7/G4C7-[9, 18].txt
2026-10-05T08:50:04.956-03:00  INFO 15156 --- [topomanager] [tomcat-handler-7] b.c.s.t.service.IdentificadorService     : ✅ Arquivo TXT gravado com sucesso em: /app/temp/20261005084955-28_sem_os_2/G4C7/G4C7-[9, 20].txt
2026-10-05T08:50:04.957-03:00  INFO 15156 --- [topomanager] [tomcat-handler-7] b.c.s.t.service.IdentificadorService     : ✅ Arquivo TXT gravado com sucesso em: /app/temp/20261005084955-28_sem_os_2/G4C7/G4C7-[9, 23].txt
2026-10-05T08:50:04.958-03:00  INFO 15156 --- [topomanager] [tomcat-handler-7] b.c.s.t.service.IdentificadorService     : ✅ Arquivo TXT gravado com sucesso em: /app/temp/20261005084955-28_sem_os_2/G4C7/G4C7-[9, 24].txt
2026-10-05T08:50:04.959-03:00  INFO 15156 --- [topomanager] [tomcat-handler-7] b.c.s.t.service.IdentificadorService     : ✅ Arquivo TXT gravado com sucesso em: /app/temp/20261005084955-28_sem_os_2/G4C7/G4C7-[11, 13].txt
2026-10-05T08:50:04.959-03:00  INFO 15156 --- [topomanager] [tomcat-handler-7] b.c.s.t.service.IdentificadorService     : ✅ Arquivo TXT gravado com sucesso em: /app/temp/20261005084955-28_sem_os_2/G4C7/G4C7-[11, 16].txt
2026-10-05T08:50:04.960-03:00  INFO 15156 --- [topomanager] [tomcat-handler-7] b.c.s.t.service.IdentificadorService     : ✅ Arquivo TXT gravado com sucesso em: /app/temp/20261005084955-28_sem_os_2/G4C7/G4C7-[11, 18].txt
2026-10-05T08:50:04.960-03:00  INFO 15156 --- [topomanager] [tomcat-handler-7] b.c.s.t.service.IdentificadorService     : ✅ Arquivo TXT gravado com sucesso em: /app/temp/20261005084955-28_sem_os_2/G4C7/G4C7-[11, 20].txt
2026-10-05T08:50:04.961-03:00  INFO 15156 --- [topomanager] [tomcat-handler-7] b.c.s.t.service.IdentificadorService     : ✅ Arquivo TXT gravado com sucesso em: /app/temp/20261005084955-28_sem_os_2/G4C7/G4C7-[11, 23].txt
2026-10-05T08:50:04.961-03:00  INFO 15156 --- [topomanager] [tomcat-handler-7] b.c.s.t.service.IdentificadorService     : ✅ Arquivo TXT gravado com sucesso em: /app/temp/20261005084955-28_sem_os_2/G4C7/G4C7-[11, 24].txt
2026-10-05T08:50:04.962-03:00  INFO 15156 --- [topomanager] [tomcat-handler-7] b.c.s.t.service.IdentificadorService     : ✅ Arquivo TXT gravado com sucesso em: /app/temp/20261005084955-28_sem_os_2/G4C7/G4C7-[13, 16].txt
2026-10-05T08:50:04.963-03:00  INFO 15156 --- [topomanager] [tomcat-handler-7] b.c.s.t.service.IdentificadorService     : ✅ Arquivo TXT gravado com sucesso em: /app/temp/20261005084955-28_sem_os_2/G4C7/G4C7-[13, 18].txt
2026-10-05T08:50:04.963-03:00  INFO 15156 --- [topomanager] [tomcat-handler-7] b.c.s.t.service.IdentificadorService     : ✅ Arquivo TXT gravado com sucesso em: /app/temp/20261005084955-28_sem_os_2/G4C7/G4C7-[13, 20].txt
2026-10-05T08:50:04.964-03:00  INFO 15156 --- [topomanager] [tomcat-handler-7] b.c.s.t.service.IdentificadorService     : ✅ Arquivo TXT gravado com sucesso em: /app/temp/20261005084955-28_sem_os_2/G4C7/G4C7-[13, 23].txt
2026-10-05T08:50:04.964-03:00  INFO 15156 --- [topomanager] [tomcat-handler-7] b.c.s.t.service.IdentificadorService     : ✅ Arquivo TXT gravado com sucesso em: /app/temp/20261005084955-28_sem_os_2/G4C7/G4C7-[13, 24].txt
2026-10-05T08:50:04.965-03:00  INFO 15156 --- [topomanager] [tomcat-handler-7] b.c.s.t.service.IdentificadorService     : ✅ Arquivo TXT gravado com sucesso em: /app/temp/20261005084955-28_sem_os_2/G4C7/G4C7-[16, 18].txt
2026-10-05T08:50:04.965-03:00  INFO 15156 --- [topomanager] [tomcat-handler-7] b.c.s.t.service.IdentificadorService     : ✅ Arquivo TXT gravado com sucesso em: /app/temp/20261005084955-28_sem_os_2/G4C7/G4C7-[16, 20].txt
2026-10-05T08:50:04.966-03:00  INFO 15156 --- [topomanager] [tomcat-handler-7] b.c.s.t.service.IdentificadorService     : ✅ Arquivo TXT gravado com sucesso em: /app/temp/20261005084955-28_sem_os_2/G4C7/G4C7-[16, 23].txt
2026-10-05T08:50:04.966-03:00  INFO 15156 --- [topomanager] [tomcat-handler-7] b.c.s.t.service.IdentificadorService     : ✅ Arquivo TXT gravado com sucesso em: /app/temp/20261005084955-28_sem_os_2/G4C7/G4C7-[16, 24].txt
2026-10-05T08:50:04.967-03:00  INFO 15156 --- [topomanager] [tomcat-handler-7] b.c.s.t.service.IdentificadorService     : ✅ Arquivo TXT gravado com sucesso em: /app/temp/20261005084955-28_sem_os_2/G4C7/G4C7-[18, 20].txt
2026-10-05T08:50:04.968-03:00  INFO 15156 --- [topomanager] [tomcat-handler-7] b.c.s.t.service.IdentificadorService     : ✅ Arquivo TXT gravado com sucesso em: /app/temp/20261005084955-28_sem_os_2/G4C7/G4C7-[18, 23].txt
2026-10-05T08:50:04.969-03:00  INFO 15156 --- [topomanager] [tomcat-handler-7] b.c.s.t.service.IdentificadorService     : ✅ Arquivo TXT gravado com sucesso em: /app/temp/20261005084955-28_sem_os_2/G4C7/G4C7-[18, 24].txt
2026-10-05T08:50:04.969-03:00  INFO 15156 --- [topomanager] [tomcat-handler-7] b.c.s.t.service.IdentificadorService     : ✅ Arquivo TXT gravado com sucesso em: /app/temp/20261005084955-28_sem_os_2/G4C7/G4C7-[20, 23].txt
2026-10-05T08:50:04.970-03:00  INFO 15156 --- [topomanager] [tomcat-handler-7] b.c.s.t.service.IdentificadorService     : ✅ Arquivo TXT gravado com sucesso em: /app/temp/20261005084955-28_sem_os_2/G4C7/G4C7-[20, 24].txt
2026-10-05T08:50:04.970-03:00  INFO 15156 --- [topomanager] [tomcat-handler-7] b.c.s.t.service.IdentificadorService     : ✅ Arquivo TXT gravado com sucesso em: /app/temp/20261005084955-28_sem_os_2/G4C7/G4C7-[23, 24].txt
2026-10-05T08:50:04.971-03:00  INFO 15156 --- [topomanager] [tomcat-handler-7] b.c.s.t.service.IdentificadorService     : ✅ Arquivo TXT gravado com sucesso em: /app/temp/20261005084955-28_sem_os_2/G8C9/G8C9-[2, 3].txt
2026-10-05T08:50:04.972-03:00  INFO 15156 --- [topomanager] [tomcat-handler-7] b.c.s.t.service.IdentificadorService     : ✅ Arquivo TXT gravado com sucesso em: /app/temp/20261005084955-28_sem_os_2/G8C9/G8C9-[2, 6].txt
2026-10-05T08:50:04.972-03:00  INFO 15156 --- [topomanager] [tomcat-handler-7] b.c.s.t.service.IdentificadorService     : ✅ Arquivo TXT gravado com sucesso em: /app/temp/20261005084955-28_sem_os_2/G8C9/G8C9-[2, 9].txt
2026-10-05T08:50:04.973-03:00  INFO 15156 --- [topomanager] [tomcat-handler-7] b.c.s.t.service.IdentificadorService     : ✅ Arquivo TXT gravado com sucesso em: /app/temp/20261005084955-28_sem_os_2/G8C9/G8C9-[2, 10].txt
2026-10-05T08:50:04.973-03:00  INFO 15156 --- [topomanager] [tomcat-handler-7] b.c.s.t.service.IdentificadorService     : ✅ Arquivo TXT gravado com sucesso em: /app/temp/20261005084955-28_sem_os_2/G8C9/G8C9-[2, 11].txt
2026-10-05T08:50:04.974-03:00  INFO 15156 --- [topomanager] [tomcat-handler-7] b.c.s.t.service.IdentificadorService     : ✅ Arquivo TXT gravado com sucesso em: /app/temp/20261005084955-28_sem_os_2/G8C9/G8C9-[2, 13].txt
2026-10-05T08:50:04.975-03:00  INFO 15156 --- [topomanager] [tomcat-handler-7] b.c.s.t.service.IdentificadorService     : ✅ Arquivo TXT gravado com sucesso em: /app/temp/20261005084955-28_sem_os_2/G8C9/G8C9-[2, 20].txt
2026-10-05T08:50:04.975-03:00  INFO 15156 --- [topomanager] [tomcat-handler-7] b.c.s.t.service.IdentificadorService     : ✅ Arquivo TXT gravado com sucesso em: /app/temp/20261005084955-28_sem_os_2/G8C9/G8C9-[2, 23].txt
2026-10-05T08:50:04.976-03:00  INFO 15156 --- [topomanager] [tomcat-handler-7] b.c.s.t.service.IdentificadorService     : ✅ Arquivo TXT gravado com sucesso em: /app/temp/20261005084955-28_sem_os_2/G8C9/G8C9-[2, 24].txt
2026-10-05T08:50:04.977-03:00  INFO 15156 --- [topomanager] [tomcat-handler-7] b.c.s.t.service.IdentificadorService     : ✅ Arquivo TXT gravado com sucesso em: /app/temp/20261005084955-28_sem_os_2/G8C9/G8C9-[2, 25].txt
2026-10-05T08:50:04.977-03:00  INFO 15156 --- [topomanager] [tomcat-handler-7] b.c.s.t.service.IdentificadorService     : ✅ Arquivo TXT gravado com sucesso em: /app/temp/20261005084955-28_sem_os_2/G8C9/G8C9-[3, 6].txt
2026-10-05T08:50:04.978-03:00  INFO 15156 --- [topomanager] [tomcat-handler-7] b.c.s.t.service.IdentificadorService     : ✅ Arquivo TXT gravado com sucesso em: /app/temp/20261005084955-28_sem_os_2/G8C9/G8C9-[3, 9].txt
2026-10-05T08:50:04.978-03:00  INFO 15156 --- [topomanager] [tomcat-handler-7] b.c.s.t.service.IdentificadorService     : ✅ Arquivo TXT gravado com sucesso em: /app/temp/20261005084955-28_sem_os_2/G8C9/G8C9-[3, 10].txt
2026-10-05T08:50:04.980-03:00  INFO 15156 --- [topomanager] [tomcat-handler-7] b.c.s.t.service.IdentificadorService     : ✅ Arquivo TXT gravado com sucesso em: /app/temp/20261005084955-28_sem_os_2/G8C9/G8C9-[3, 11].txt
2026-10-05T08:50:04.981-03:00  INFO 15156 --- [topomanager] [tomcat-handler-7] b.c.s.t.service.IdentificadorService     : ✅ Arquivo TXT gravado com sucesso em: /app/temp/20261005084955-28_sem_os_2/G8C9/G8C9-[3, 13].txt
2026-10-05T08:50:04.981-03:00  INFO 15156 --- [topomanager] [tomcat-handler-7] b.c.s.t.service.IdentificadorService     : ✅ Arquivo TXT gravado com sucesso em: /app/temp/20261005084955-28_sem_os_2/G8C9/G8C9-[3, 20].txt
2026-10-05T08:50:04.981-03:00  INFO 15156 --- [topomanager] [tomcat-handler-7] b.c.s.t.service.IdentificadorService     : ✅ Arquivo TXT gravado com sucesso em: /app/temp/20261005084955-28_sem_os_2/G8C9/G8C9-[3, 23].txt
2026-10-05T08:50:04.981-03:00  INFO 15156 --- [topomanager] [tomcat-handler-7] b.c.s.t.service.IdentificadorService     : ✅ Arquivo TXT gravado com sucesso em: /app/temp/20261005084955-28_sem_os_2/G8C9/G8C9-[3, 24].txt
2026-10-05T08:50:04.982-03:00  INFO 15156 --- [topomanager] [tomcat-handler-7] b.c.s.t.service.IdentificadorService     : ✅ Arquivo TXT gravado com sucesso em: /app/temp/20261005084955-28_sem_os_2/G8C9/G8C9-[3, 25].txt
2026-10-05T08:50:04.982-03:00  INFO 15156 --- [topomanager] [tomcat-handler-7] b.c.s.t.service.IdentificadorService     : ✅ Arquivo TXT gravado com sucesso em: /app/temp/20261005084955-28_sem_os_2/G8C9/G8C9-[6, 9].txt
2026-10-05T08:50:04.983-03:00  INFO 15156 --- [topomanager] [tomcat-handler-7] b.c.s.t.service.IdentificadorService     : ✅ Arquivo TXT gravado com sucesso em: /app/temp/20261005084955-28_sem_os_2/G8C9/G8C9-[6, 10].txt
2026-10-05T08:50:04.984-03:00  INFO 15156 --- [topomanager] [tomcat-handler-7] b.c.s.t.service.IdentificadorService     : ✅ Arquivo TXT gravado com sucesso em: /app/temp/20261005084955-28_sem_os_2/G8C9/G8C9-[6, 11].txt
2026-10-05T08:50:04.984-03:00  INFO 15156 --- [topomanager] [tomcat-handler-7] b.c.s.t.service.IdentificadorService     : ✅ Arquivo TXT gravado com sucesso em: /app/temp/20261005084955-28_sem_os_2/G8C9/G8C9-[6, 13].txt
2026-10-05T08:50:04.985-03:00  INFO 15156 --- [topomanager] [tomcat-handler-7] b.c.s.t.service.IdentificadorService     : ✅ Arquivo TXT gravado com sucesso em: /app/temp/20261005084955-28_sem_os_2/G8C9/G8C9-[6, 20].txt
2026-10-05T08:50:04.985-03:00  INFO 15156 --- [topomanager] [tomcat-handler-7] b.c.s.t.service.IdentificadorService     : ✅ Arquivo TXT gravado com sucesso em: /app/temp/20261005084955-28_sem_os_2/G8C9/G8C9-[6, 23].txt
2026-10-05T08:50:04.986-03:00  INFO 15156 --- [topomanager] [tomcat-handler-7] b.c.s.t.service.IdentificadorService     : ✅ Arquivo TXT gravado com sucesso em: /app/temp/20261005084955-28_sem_os_2/G8C9/G8C9-[6, 24].txt
2026-10-05T08:50:04.987-03:00  INFO 15156 --- [topomanager] [tomcat-handler-7] b.c.s.t.service.IdentificadorService     : ✅ Arquivo TXT gravado com sucesso em: /app/temp/20261005084955-28_sem_os_2/G8C9/G8C9-[6, 25].txt
2026-10-05T08:50:04.987-03:00  INFO 15156 --- [topomanager] [tomcat-handler-7] b.c.s.t.service.IdentificadorService     : ✅ Arquivo TXT gravado com sucesso em: /app/temp/20261005084955-28_sem_os_2/G8C9/G8C9-[9, 10].txt
2026-10-05T08:50:04.988-03:00  INFO 15156 --- [topomanager] [tomcat-handler-7] b.c.s.t.service.IdentificadorService     : ✅ Arquivo TXT gravado com sucesso em: /app/temp/20261005084955-28_sem_os_2/G8C9/G8C9-[9, 11].txt
2026-10-05T08:50:04.989-03:00  INFO 15156 --- [topomanager] [tomcat-handler-7] b.c.s.t.service.IdentificadorService     : ✅ Arquivo TXT gravado com sucesso em: /app/temp/20261005084955-28_sem_os_2/G8C9/G8C9-[9, 13].txt
2026-10-05T08:50:04.990-03:00  INFO 15156 --- [topomanager] [tomcat-handler-7] b.c.s.t.service.IdentificadorService     : ✅ Arquivo TXT gravado com sucesso em: /app/temp/20261005084955-28_sem_os_2/G8C9/G8C9-[9, 20].txt
2026-10-05T08:50:04.990-03:00  INFO 15156 --- [topomanager] [tomcat-handler-7] b.c.s.t.service.IdentificadorService     : ✅ Arquivo TXT gravado com sucesso em: /app/temp/20261005084955-28_sem_os_2/G8C9/G8C9-[9, 23].txt
2026-10-05T08:50:04.991-03:00  INFO 15156 --- [topomanager] [tomcat-handler-7] b.c.s.t.service.IdentificadorService     : ✅ Arquivo TXT gravado com sucesso em: /app/temp/20261005084955-28_sem_os_2/G8C9/G8C9-[9, 24].txt
2026-10-05T08:50:04.992-03:00  INFO 15156 --- [topomanager] [tomcat-handler-7] b.c.s.t.service.IdentificadorService     : ✅ Arquivo TXT gravado com sucesso em: /app/temp/20261005084955-28_sem_os_2/G8C9/G8C9-[9, 25].txt
2026-10-05T08:50:04.992-03:00  INFO 15156 --- [topomanager] [tomcat-handler-7] b.c.s.t.service.IdentificadorService     : ✅ Arquivo TXT gravado com sucesso em: /app/temp/20261005084955-28_sem_os_2/G8C9/G8C9-[10, 11].txt
2026-10-05T08:50:04.993-03:00  INFO 15156 --- [topomanager] [tomcat-handler-7] b.c.s.t.service.IdentificadorService     : ✅ Arquivo TXT gravado com sucesso em: /app/temp/20261005084955-28_sem_os_2/G8C9/G8C9-[10, 13].txt
2026-10-05T08:50:04.993-03:00  INFO 15156 --- [topomanager] [tomcat-handler-7] b.c.s.t.service.IdentificadorService     : ✅ Arquivo TXT gravado com sucesso em: /app/temp/20261005084955-28_sem_os_2/G8C9/G8C9-[10, 20].txt
2026-10-05T08:50:04.994-03:00  INFO 15156 --- [topomanager] [tomcat-handler-7] b.c.s.t.service.IdentificadorService     : ✅ Arquivo TXT gravado com sucesso em: /app/temp/20261005084955-28_sem_os_2/G8C9/G8C9-[10, 23].txt
2026-10-05T08:50:04.994-03:00  INFO 15156 --- [topomanager] [tomcat-handler-7] b.c.s.t.service.IdentificadorService     : ✅ Arquivo TXT gravado com sucesso em: /app/temp/20261005084955-28_sem_os_2/G8C9/G8C9-[10, 24].txt
2026-10-05T08:50:04.995-03:00  INFO 15156 --- [topomanager] [tomcat-handler-7] b.c.s.t.service.IdentificadorService     : ✅ Arquivo TXT gravado com sucesso em: /app/temp/20261005084955-28_sem_os_2/G8C9/G8C9-[10, 25].txt
2026-10-05T08:50:04.995-03:00  INFO 15156 --- [topomanager] [tomcat-handler-7] b.c.s.t.service.IdentificadorService     : ✅ Arquivo TXT gravado com sucesso em: /app/temp/20261005084955-28_sem_os_2/G8C9/G8C9-[11, 13].txt
2026-10-05T08:50:04.996-03:00  INFO 15156 --- [topomanager] [tomcat-handler-7] b.c.s.t.service.IdentificadorService     : ✅ Arquivo TXT gravado com sucesso em: /app/temp/20261005084955-28_sem_os_2/G8C9/G8C9-[11, 20].txt
2026-10-05T08:50:04.997-03:00  INFO 15156 --- [topomanager] [tomcat-handler-7] b.c.s.t.service.IdentificadorService     : ✅ Arquivo TXT gravado com sucesso em: /app/temp/20261005084955-28_sem_os_2/G8C9/G8C9-[11, 23].txt
2026-10-05T08:50:04.997-03:00  INFO 15156 --- [topomanager] [tomcat-handler-7] b.c.s.t.service.IdentificadorService     : ✅ Arquivo TXT gravado com sucesso em: /app/temp/20261005084955-28_sem_os_2/G8C9/G8C9-[11, 24].txt
2026-10-05T08:50:04.998-03:00  INFO 15156 --- [topomanager] [tomcat-handler-7] b.c.s.t.service.IdentificadorService     : ✅ Arquivo TXT gravado com sucesso em: /app/temp/20261005084955-28_sem_os_2/G8C9/G8C9-[11, 25].txt
2026-10-05T08:50:04.998-03:00  INFO 15156 --- [topomanager] [tomcat-handler-7] b.c.s.t.service.IdentificadorService     : ✅ Arquivo TXT gravado com sucesso em: /app/temp/20261005084955-28_sem_os_2/G8C9/G8C9-[13, 20].txt
2026-10-05T08:50:04.999-03:00  INFO 15156 --- [topomanager] [tomcat-handler-7] b.c.s.t.service.IdentificadorService     : ✅ Arquivo TXT gravado com sucesso em: /app/temp/20261005084955-28_sem_os_2/G8C9/G8C9-[13, 23].txt
2026-10-05T08:50:04.999-03:00  INFO 15156 --- [topomanager] [tomcat-handler-7] b.c.s.t.service.IdentificadorService     : ✅ Arquivo TXT gravado com sucesso em: /app/temp/20261005084955-28_sem_os_2/G8C9/G8C9-[13, 24].txt
2026-10-05T08:50:05.000-03:00  INFO 15156 --- [topomanager] [tomcat-handler-7] b.c.s.t.service.IdentificadorService     : ✅ Arquivo TXT gravado com sucesso em: /app/temp/20261005084955-28_sem_os_2/G8C9/G8C9-[13, 25].txt
2026-10-05T08:50:05.001-03:00  INFO 15156 --- [topomanager] [tomcat-handler-7] b.c.s.t.service.IdentificadorService     : ✅ Arquivo TXT gravado com sucesso em: /app/temp/20261005084955-28_sem_os_2/G8C9/G8C9-[20, 23].txt
2026-10-05T08:50:05.002-03:00  INFO 15156 --- [topomanager] [tomcat-handler-7] b.c.s.t.service.IdentificadorService     : ✅ Arquivo TXT gravado com sucesso em: /app/temp/20261005084955-28_sem_os_2/G8C9/G8C9-[20, 24].txt
2026-10-05T08:50:05.002-03:00  INFO 15156 --- [topomanager] [tomcat-handler-7] b.c.s.t.service.IdentificadorService     : ✅ Arquivo TXT gravado com sucesso em: /app/temp/20261005084955-28_sem_os_2/G8C9/G8C9-[20, 25].txt
2026-10-05T08:50:05.003-03:00  INFO 15156 --- [topomanager] [tomcat-handler-7] b.c.s.t.service.IdentificadorService     : ✅ Arquivo TXT gravado com sucesso em: /app/temp/20261005084955-28_sem_os_2/G8C9/G8C9-[23, 24].txt
2026-10-05T08:50:05.004-03:00  INFO 15156 --- [topomanager] [tomcat-handler-7] b.c.s.t.service.IdentificadorService     : ✅ Arquivo TXT gravado com sucesso em: /app/temp/20261005084955-28_sem_os_2/G8C9/G8C9-[23, 25].txt
2026-10-05T08:50:05.004-03:00  INFO 15156 --- [topomanager] [tomcat-handler-7] b.c.s.t.service.IdentificadorService     : ✅ Arquivo TXT gravado com sucesso em: /app/temp/20261005084955-28_sem_os_2/G8C9/G8C9-[24, 25].txt
2026-10-05T08:50:05.005-03:00  INFO 15156 --- [topomanager] [tomcat-handler-7] b.c.s.t.service.IdentificadorService     : ✅ Arquivo TXT gravado com sucesso em: /app/temp/20261005084955-28_sem_os_2/G4C4/G4C4-[2, 3].txt
2026-10-05T08:50:05.005-03:00  INFO 15156 --- [topomanager] [tomcat-handler-7] b.c.s.t.service.IdentificadorService     : ✅ Arquivo TXT gravado com sucesso em: /app/temp/20261005084955-28_sem_os_2/G4C4/G4C4-[2, 5].txt
2026-10-05T08:50:05.006-03:00  INFO 15156 --- [topomanager] [tomcat-handler-7] b.c.s.t.service.IdentificadorService     : ✅ Arquivo TXT gravado com sucesso em: /app/temp/20261005084955-28_sem_os_2/G4C4/G4C4-[2, 6].txt
2026-10-05T08:50:05.006-03:00  INFO 15156 --- [topomanager] [tomcat-handler-7] b.c.s.t.service.IdentificadorService     : ✅ Arquivo TXT gravado com sucesso em: /app/temp/20261005084955-28_sem_os_2/G4C4/G4C4-[2, 9].txt
2026-10-05T08:50:05.007-03:00  INFO 15156 --- [topomanager] [tomcat-handler-7] b.c.s.t.service.IdentificadorService     : ✅ Arquivo TXT gravado com sucesso em: /app/temp/20261005084955-28_sem_os_2/G4C4/G4C4-[2, 11].txt
2026-10-05T08:50:05.008-03:00  INFO 15156 --- [topomanager] [tomcat-handler-7] b.c.s.t.service.IdentificadorService     : ✅ Arquivo TXT gravado com sucesso em: /app/temp/20261005084955-28_sem_os_2/G4C4/G4C4-[2, 13].txt
2026-10-05T08:50:05.008-03:00  INFO 15156 --- [topomanager] [tomcat-handler-7] b.c.s.t.service.IdentificadorService     : ✅ Arquivo TXT gravado com sucesso em: /app/temp/20261005084955-28_sem_os_2/G4C4/G4C4-[2, 16].txt
2026-10-05T08:50:05.009-03:00  INFO 15156 --- [topomanager] [tomcat-handler-7] b.c.s.t.service.IdentificadorService     : ✅ Arquivo TXT gravado com sucesso em: /app/temp/20261005084955-28_sem_os_2/G4C4/G4C4-[2, 18].txt
2026-10-05T08:50:05.009-03:00  INFO 15156 --- [topomanager] [tomcat-handler-7] b.c.s.t.service.IdentificadorService     : ✅ Arquivo TXT gravado com sucesso em: /app/temp/20261005084955-28_sem_os_2/G4C4/G4C4-[2, 20].txt
2026-10-05T08:50:05.010-03:00  INFO 15156 --- [topomanager] [tomcat-handler-7] b.c.s.t.service.IdentificadorService     : ✅ Arquivo TXT gravado com sucesso em: /app/temp/20261005084955-28_sem_os_2/G4C4/G4C4-[2, 24].txt
2026-10-05T08:50:05.010-03:00  INFO 15156 --- [topomanager] [tomcat-handler-7] b.c.s.t.service.IdentificadorService     : ✅ Arquivo TXT gravado com sucesso em: /app/temp/20261005084955-28_sem_os_2/G4C4/G4C4-[3, 5].txt
2026-10-05T08:50:05.011-03:00  INFO 15156 --- [topomanager] [tomcat-handler-7] b.c.s.t.service.IdentificadorService     : ✅ Arquivo TXT gravado com sucesso em: /app/temp/20261005084955-28_sem_os_2/G4C4/G4C4-[3, 6].txt
2026-10-05T08:50:05.012-03:00  INFO 15156 --- [topomanager] [tomcat-handler-7] b.c.s.t.service.IdentificadorService     : ✅ Arquivo TXT gravado com sucesso em: /app/temp/20261005084955-28_sem_os_2/G4C4/G4C4-[3, 9].txt
2026-10-05T08:50:05.012-03:00  INFO 15156 --- [topomanager] [tomcat-handler-7] b.c.s.t.service.IdentificadorService     : ✅ Arquivo TXT gravado com sucesso em: /app/temp/20261005084955-28_sem_os_2/G4C4/G4C4-[3, 11].txt
2026-10-05T08:50:05.013-03:00  INFO 15156 --- [topomanager] [tomcat-handler-7] b.c.s.t.service.IdentificadorService     : ✅ Arquivo TXT gravado com sucesso em: /app/temp/20261005084955-28_sem_os_2/G4C4/G4C4-[3, 13].txt
2026-10-05T08:50:05.013-03:00  INFO 15156 --- [topomanager] [tomcat-handler-7] b.c.s.t.service.IdentificadorService     : ✅ Arquivo TXT gravado com sucesso em: /app/temp/20261005084955-28_sem_os_2/G4C4/G4C4-[3, 16].txt
2026-10-05T08:50:05.014-03:00  INFO 15156 --- [topomanager] [tomcat-handler-7] b.c.s.t.service.IdentificadorService     : ✅ Arquivo TXT gravado com sucesso em: /app/temp/20261005084955-28_sem_os_2/G4C4/G4C4-[3, 18].txt
2026-10-05T08:50:05.014-03:00  INFO 15156 --- [topomanager] [tomcat-handler-7] b.c.s.t.service.IdentificadorService     : ✅ Arquivo TXT gravado com sucesso em: /app/temp/20261005084955-28_sem_os_2/G4C4/G4C4-[3, 20].txt
2026-10-05T08:50:05.015-03:00  INFO 15156 --- [topomanager] [tomcat-handler-7] b.c.s.t.service.IdentificadorService     : ✅ Arquivo TXT gravado com sucesso em: /app/temp/20261005084955-28_sem_os_2/G4C4/G4C4-[3, 24].txt
2026-10-05T08:50:05.016-03:00  INFO 15156 --- [topomanager] [tomcat-handler-7] b.c.s.t.service.IdentificadorService     : ✅ Arquivo TXT gravado com sucesso em: /app/temp/20261005084955-28_sem_os_2/G4C4/G4C4-[5, 6].txt
2026-10-05T08:50:05.016-03:00  INFO 15156 --- [topomanager] [tomcat-handler-7] b.c.s.t.service.IdentificadorService     : ✅ Arquivo TXT gravado com sucesso em: /app/temp/20261005084955-28_sem_os_2/G4C4/G4C4-[5, 9].txt
2026-10-05T08:50:05.017-03:00  INFO 15156 --- [topomanager] [tomcat-handler-7] b.c.s.t.service.IdentificadorService     : ✅ Arquivo TXT gravado com sucesso em: /app/temp/20261005084955-28_sem_os_2/G4C4/G4C4-[5, 11].txt
2026-10-05T08:50:05.017-03:00  INFO 15156 --- [topomanager] [tomcat-handler-7] b.c.s.t.service.IdentificadorService     : ✅ Arquivo TXT gravado com sucesso em: /app/temp/20261005084955-28_sem_os_2/G4C4/G4C4-[5, 13].txt
2026-10-05T08:50:05.018-03:00  INFO 15156 --- [topomanager] [tomcat-handler-7] b.c.s.t.service.IdentificadorService     : ✅ Arquivo TXT gravado com sucesso em: /app/temp/20261005084955-28_sem_os_2/G4C4/G4C4-[5, 16].txt
2026-10-05T08:50:05.019-03:00  INFO 15156 --- [topomanager] [tomcat-handler-7] b.c.s.t.service.IdentificadorService     : ✅ Arquivo TXT gravado com sucesso em: /app/temp/20261005084955-28_sem_os_2/G4C4/G4C4-[5, 18].txt
2026-10-05T08:50:05.019-03:00  INFO 15156 --- [topomanager] [tomcat-handler-7] b.c.s.t.service.IdentificadorService     : ✅ Arquivo TXT gravado com sucesso em: /app/temp/20261005084955-28_sem_os_2/G4C4/G4C4-[5, 20].txt
2026-10-05T08:50:05.020-03:00  INFO 15156 --- [topomanager] [tomcat-handler-7] b.c.s.t.service.IdentificadorService     : ✅ Arquivo TXT gravado com sucesso em: /app/temp/20261005084955-28_sem_os_2/G4C4/G4C4-[5, 24].txt
2026-10-05T08:50:05.020-03:00  INFO 15156 --- [topomanager] [tomcat-handler-7] b.c.s.t.service.IdentificadorService     : ✅ Arquivo TXT gravado com sucesso em: /app/temp/20261005084955-28_sem_os_2/G4C4/G4C4-[6, 9].txt
2026-10-05T08:50:05.021-03:00  INFO 15156 --- [topomanager] [tomcat-handler-7] b.c.s.t.service.IdentificadorService     : ✅ Arquivo TXT gravado com sucesso em: /app/temp/20261005084955-28_sem_os_2/G4C4/G4C4-[6, 11].txt
2026-10-05T08:50:05.022-03:00  INFO 15156 --- [topomanager] [tomcat-handler-7] b.c.s.t.service.IdentificadorService     : ✅ Arquivo TXT gravado com sucesso em: /app/temp/20261005084955-28_sem_os_2/G4C4/G4C4-[6, 13].txt
2026-10-05T08:50:05.022-03:00  INFO 15156 --- [topomanager] [tomcat-handler-7] b.c.s.t.service.IdentificadorService     : ✅ Arquivo TXT gravado com sucesso em: /app/temp/20261005084955-28_sem_os_2/G4C4/G4C4-[6, 16].txt
2026-10-05T08:50:05.023-03:00  INFO 15156 --- [topomanager] [tomcat-handler-7] b.c.s.t.service.IdentificadorService     : ✅ Arquivo TXT gravado com sucesso em: /app/temp/20261005084955-28_sem_os_2/G4C4/G4C4-[6, 18].txt
2026-10-05T08:50:05.023-03:00  INFO 15156 --- [topomanager] [tomcat-handler-7] b.c.s.t.service.IdentificadorService     : ✅ Arquivo TXT gravado com sucesso em: /app/temp/20261005084955-28_sem_os_2/G4C4/G4C4-[6, 20].txt
2026-10-05T08:50:05.025-03:00  INFO 15156 --- [topomanager] [tomcat-handler-7] b.c.s.t.service.IdentificadorService     : ✅ Arquivo TXT gravado com sucesso em: /app/temp/20261005084955-28_sem_os_2/G4C4/G4C4-[6, 24].txt
2026-10-05T08:50:05.026-03:00  INFO 15156 --- [topomanager] [tomcat-handler-7] b.c.s.t.service.IdentificadorService     : ✅ Arquivo TXT gravado com sucesso em: /app/temp/20261005084955-28_sem_os_2/G4C4/G4C4-[9, 11].txt
2026-10-05T08:50:05.026-03:00  INFO 15156 --- [topomanager] [tomcat-handler-7] b.c.s.t.service.IdentificadorService     : ✅ Arquivo TXT gravado com sucesso em: /app/temp/20261005084955-28_sem_os_2/G4C4/G4C4-[9, 13].txt
2026-10-05T08:50:05.027-03:00  INFO 15156 --- [topomanager] [tomcat-handler-7] b.c.s.t.service.IdentificadorService     : ✅ Arquivo TXT gravado com sucesso em: /app/temp/20261005084955-28_sem_os_2/G4C4/G4C4-[9, 16].txt
2026-10-05T08:50:05.028-03:00  INFO 15156 --- [topomanager] [tomcat-handler-7] b.c.s.t.service.IdentificadorService     : ✅ Arquivo TXT gravado com sucesso em: /app/temp/20261005084955-28_sem_os_2/G4C4/G4C4-[9, 18].txt
2026-10-05T08:50:05.028-03:00  INFO 15156 --- [topomanager] [tomcat-handler-7] b.c.s.t.service.IdentificadorService     : ✅ Arquivo TXT gravado com sucesso em: /app/temp/20261005084955-28_sem_os_2/G4C4/G4C4-[9, 20].txt
2026-10-05T08:50:05.029-03:00  INFO 15156 --- [topomanager] [tomcat-handler-7] b.c.s.t.service.IdentificadorService     : ✅ Arquivo TXT gravado com sucesso em: /app/temp/20261005084955-28_sem_os_2/G4C4/G4C4-[9, 24].txt
2026-10-05T08:50:05.029-03:00  INFO 15156 --- [topomanager] [tomcat-handler-7] b.c.s.t.service.IdentificadorService     : ✅ Arquivo TXT gravado com sucesso em: /app/temp/20261005084955-28_sem_os_2/G4C4/G4C4-[11, 13].txt
2026-10-05T08:50:05.030-03:00  INFO 15156 --- [topomanager] [tomcat-handler-7] b.c.s.t.service.IdentificadorService     : ✅ Arquivo TXT gravado com sucesso em: /app/temp/20261005084955-28_sem_os_2/G4C4/G4C4-[11, 16].txt
2026-10-05T08:50:05.030-03:00  INFO 15156 --- [topomanager] [tomcat-handler-7] b.c.s.t.service.IdentificadorService     : ✅ Arquivo TXT gravado com sucesso em: /app/temp/20261005084955-28_sem_os_2/G4C4/G4C4-[11, 18].txt
2026-10-05T08:50:05.031-03:00  INFO 15156 --- [topomanager] [tomcat-handler-7] b.c.s.t.service.IdentificadorService     : ✅ Arquivo TXT gravado com sucesso em: /app/temp/20261005084955-28_sem_os_2/G4C4/G4C4-[11, 20].txt
2026-10-05T08:50:05.032-03:00  INFO 15156 --- [topomanager] [tomcat-handler-7] b.c.s.t.service.IdentificadorService     : ✅ Arquivo TXT gravado com sucesso em: /app/temp/20261005084955-28_sem_os_2/G4C4/G4C4-[11, 24].txt
2026-10-05T08:50:05.032-03:00  INFO 15156 --- [topomanager] [tomcat-handler-7] b.c.s.t.service.IdentificadorService     : ✅ Arquivo TXT gravado com sucesso em: /app/temp/20261005084955-28_sem_os_2/G4C4/G4C4-[13, 16].txt
2026-10-05T08:50:05.033-03:00  INFO 15156 --- [topomanager] [tomcat-handler-7] b.c.s.t.service.IdentificadorService     : ✅ Arquivo TXT gravado com sucesso em: /app/temp/20261005084955-28_sem_os_2/G4C4/G4C4-[13, 18].txt
2026-10-05T08:50:05.033-03:00  INFO 15156 --- [topomanager] [tomcat-handler-7] b.c.s.t.service.IdentificadorService     : ✅ Arquivo TXT gravado com sucesso em: /app/temp/20261005084955-28_sem_os_2/G4C4/G4C4-[13, 20].txt
2026-10-05T08:50:05.034-03:00  INFO 15156 --- [topomanager] [tomcat-handler-7] b.c.s.t.service.IdentificadorService     : ✅ Arquivo TXT gravado com sucesso em: /app/temp/20261005084955-28_sem_os_2/G4C4/G4C4-[13, 24].txt
2026-10-05T08:50:05.035-03:00  INFO 15156 --- [topomanager] [tomcat-handler-7] b.c.s.t.service.IdentificadorService     : ✅ Arquivo TXT gravado com sucesso em: /app/temp/20261005084955-28_sem_os_2/G4C4/G4C4-[16, 18].txt
2026-10-05T08:50:05.035-03:00  INFO 15156 --- [topomanager] [tomcat-handler-7] b.c.s.t.service.IdentificadorService     : ✅ Arquivo TXT gravado com sucesso em: /app/temp/20261005084955-28_sem_os_2/G4C4/G4C4-[16, 20].txt
2026-10-05T08:50:05.036-03:00  INFO 15156 --- [topomanager] [tomcat-handler-7] b.c.s.t.service.IdentificadorService     : ✅ Arquivo TXT gravado com sucesso em: /app/temp/20261005084955-28_sem_os_2/G4C4/G4C4-[16, 24].txt
2026-10-05T08:50:05.036-03:00  INFO 15156 --- [topomanager] [tomcat-handler-7] b.c.s.t.service.IdentificadorService     : ✅ Arquivo TXT gravado com sucesso em: /app/temp/20261005084955-28_sem_os_2/G4C4/G4C4-[18, 20].txt
2026-10-05T08:50:05.037-03:00  INFO 15156 --- [topomanager] [tomcat-handler-7] b.c.s.t.service.IdentificadorService     : ✅ Arquivo TXT gravado com sucesso em: /app/temp/20261005084955-28_sem_os_2/G4C4/G4C4-[18, 24].txt
2026-10-05T08:50:05.038-03:00  INFO 15156 --- [topomanager] [tomcat-handler-7] b.c.s.t.service.IdentificadorService     : ✅ Arquivo TXT gravado com sucesso em: /app/temp/20261005084955-28_sem_os_2/G4C4/G4C4-[20, 24].txt
2026-10-05T08:50:05.038-03:00  INFO 15156 --- [topomanager] [tomcat-handler-7] b.c.s.t.service.IdentificadorService     : ✅ Arquivo TXT gravado com sucesso em: /app/temp/20261005084955-28_sem_os_2/G8C8/G8C8-[3, 6].txt
2026-10-05T08:50:05.039-03:00  INFO 15156 --- [topomanager] [tomcat-handler-7] b.c.s.t.service.IdentificadorService     : ✅ Arquivo TXT gravado com sucesso em: /app/temp/20261005084955-28_sem_os_2/G8C8/G8C8-[3, 9].txt
2026-10-05T08:50:05.039-03:00  INFO 15156 --- [topomanager] [tomcat-handler-7] b.c.s.t.service.IdentificadorService     : ✅ Arquivo TXT gravado com sucesso em: /app/temp/20261005084955-28_sem_os_2/G8C8/G8C8-[3, 10].txt
2026-10-05T08:50:05.040-03:00  INFO 15156 --- [topomanager] [tomcat-handler-7] b.c.s.t.service.IdentificadorService     : ✅ Arquivo TXT gravado com sucesso em: /app/temp/20261005084955-28_sem_os_2/G8C8/G8C8-[3, 11].txt
2026-10-05T08:50:05.040-03:00  INFO 15156 --- [topomanager] [tomcat-handler-7] b.c.s.t.service.IdentificadorService     : ✅ Arquivo TXT gravado com sucesso em: /app/temp/20261005084955-28_sem_os_2/G8C8/G8C8-[3, 13].txt
2026-10-05T08:50:05.041-03:00  INFO 15156 --- [topomanager] [tomcat-handler-7] b.c.s.t.service.IdentificadorService     : ✅ Arquivo TXT gravado com sucesso em: /app/temp/20261005084955-28_sem_os_2/G8C8/G8C8-[3, 18].txt
2026-10-05T08:50:05.042-03:00  INFO 15156 --- [topomanager] [tomcat-handler-7] b.c.s.t.service.IdentificadorService     : ✅ Arquivo TXT gravado com sucesso em: /app/temp/20261005084955-28_sem_os_2/G8C8/G8C8-[3, 20].txt
2026-10-05T08:50:05.042-03:00  INFO 15156 --- [topomanager] [tomcat-handler-7] b.c.s.t.service.IdentificadorService     : ✅ Arquivo TXT gravado com sucesso em: /app/temp/20261005084955-28_sem_os_2/G8C8/G8C8-[3, 23].txt
2026-10-05T08:50:05.043-03:00  INFO 15156 --- [topomanager] [tomcat-handler-7] b.c.s.t.service.IdentificadorService     : ✅ Arquivo TXT gravado com sucesso em: /app/temp/20261005084955-28_sem_os_2/G8C8/G8C8-[3, 24].txt
2026-10-05T08:50:05.044-03:00  INFO 15156 --- [topomanager] [tomcat-handler-7] b.c.s.t.service.IdentificadorService     : ✅ Arquivo TXT gravado com sucesso em: /app/temp/20261005084955-28_sem_os_2/G8C8/G8C8-[3, 25].txt
2026-10-05T08:50:05.044-03:00  INFO 15156 --- [topomanager] [tomcat-handler-7] b.c.s.t.service.IdentificadorService     : ✅ Arquivo TXT gravado com sucesso em: /app/temp/20261005084955-28_sem_os_2/G8C8/G8C8-[6, 9].txt
2026-10-05T08:50:05.045-03:00  INFO 15156 --- [topomanager] [tomcat-handler-7] b.c.s.t.service.IdentificadorService     : ✅ Arquivo TXT gravado com sucesso em: /app/temp/20261005084955-28_sem_os_2/G8C8/G8C8-[6, 10].txt
2026-10-05T08:50:05.045-03:00  INFO 15156 --- [topomanager] [tomcat-handler-7] b.c.s.t.service.IdentificadorService     : ✅ Arquivo TXT gravado com sucesso em: /app/temp/20261005084955-28_sem_os_2/G8C8/G8C8-[6, 11].txt
2026-10-05T08:50:05.046-03:00  INFO 15156 --- [topomanager] [tomcat-handler-7] b.c.s.t.service.IdentificadorService     : ✅ Arquivo TXT gravado com sucesso em: /app/temp/20261005084955-28_sem_os_2/G8C8/G8C8-[6, 13].txt
2026-10-05T08:50:05.046-03:00  INFO 15156 --- [topomanager] [tomcat-handler-7] b.c.s.t.service.IdentificadorService     : ✅ Arquivo TXT gravado com sucesso em: /app/temp/20261005084955-28_sem_os_2/G8C8/G8C8-[6, 18].txt
2026-10-05T08:50:05.047-03:00  INFO 15156 --- [topomanager] [tomcat-handler-7] b.c.s.t.service.IdentificadorService     : ✅ Arquivo TXT gravado com sucesso em: /app/temp/20261005084955-28_sem_os_2/G8C8/G8C8-[6, 20].txt
2026-10-05T08:50:05.047-03:00  INFO 15156 --- [topomanager] [tomcat-handler-7] b.c.s.t.service.IdentificadorService     : ✅ Arquivo TXT gravado com sucesso em: /app/temp/20261005084955-28_sem_os_2/G8C8/G8C8-[6, 23].txt
2026-10-05T08:50:05.048-03:00  INFO 15156 --- [topomanager] [tomcat-handler-7] b.c.s.t.service.IdentificadorService     : ✅ Arquivo TXT gravado com sucesso em: /app/temp/20261005084955-28_sem_os_2/G8C8/G8C8-[6, 24].txt
2026-10-05T08:50:05.049-03:00  INFO 15156 --- [topomanager] [tomcat-handler-7] b.c.s.t.service.IdentificadorService     : ✅ Arquivo TXT gravado com sucesso em: /app/temp/20261005084955-28_sem_os_2/G8C8/G8C8-[6, 25].txt
2026-10-05T08:50:05.050-03:00  INFO 15156 --- [topomanager] [tomcat-handler-7] b.c.s.t.service.IdentificadorService     : ✅ Arquivo TXT gravado com sucesso em: /app/temp/20261005084955-28_sem_os_2/G8C8/G8C8-[9, 10].txt
2026-10-05T08:50:05.050-03:00  INFO 15156 --- [topomanager] [tomcat-handler-7] b.c.s.t.service.IdentificadorService     : ✅ Arquivo TXT gravado com sucesso em: /app/temp/20261005084955-28_sem_os_2/G8C8/G8C8-[9, 11].txt
2026-10-05T08:50:05.051-03:00  INFO 15156 --- [topomanager] [tomcat-handler-7] b.c.s.t.service.IdentificadorService     : ✅ Arquivo TXT gravado com sucesso em: /app/temp/20261005084955-28_sem_os_2/G8C8/G8C8-[9, 13].txt
2026-10-05T08:50:05.051-03:00  INFO 15156 --- [topomanager] [tomcat-handler-7] b.c.s.t.service.IdentificadorService     : ✅ Arquivo TXT gravado com sucesso em: /app/temp/20261005084955-28_sem_os_2/G8C8/G8C8-[9, 18].txt
2026-10-05T08:50:05.052-03:00  INFO 15156 --- [topomanager] [tomcat-handler-7] b.c.s.t.service.IdentificadorService     : ✅ Arquivo TXT gravado com sucesso em: /app/temp/20261005084955-28_sem_os_2/G8C8/G8C8-[9, 20].txt
2026-10-05T08:50:05.052-03:00  INFO 15156 --- [topomanager] [tomcat-handler-7] b.c.s.t.service.IdentificadorService     : ✅ Arquivo TXT gravado com sucesso em: /app/temp/20261005084955-28_sem_os_2/G8C8/G8C8-[9, 23].txt
2026-10-05T08:50:05.053-03:00  INFO 15156 --- [topomanager] [tomcat-handler-7] b.c.s.t.service.IdentificadorService     : ✅ Arquivo TXT gravado com sucesso em: /app/temp/20261005084955-28_sem_os_2/G8C8/G8C8-[9, 24].txt
2026-10-05T08:50:05.054-03:00  INFO 15156 --- [topomanager] [tomcat-handler-7] b.c.s.t.service.IdentificadorService     : ✅ Arquivo TXT gravado com sucesso em: /app/temp/20261005084955-28_sem_os_2/G8C8/G8C8-[9, 25].txt
2026-10-05T08:50:05.054-03:00  INFO 15156 --- [topomanager] [tomcat-handler-7] b.c.s.t.service.IdentificadorService     : ✅ Arquivo TXT gravado com sucesso em: /app/temp/20261005084955-28_sem_os_2/G8C8/G8C8-[10, 11].txt
2026-10-05T08:50:05.055-03:00  INFO 15156 --- [topomanager] [tomcat-handler-7] b.c.s.t.service.IdentificadorService     : ✅ Arquivo TXT gravado com sucesso em: /app/temp/20261005084955-28_sem_os_2/G8C8/G8C8-[10, 13].txt
2026-10-05T08:50:05.055-03:00  INFO 15156 --- [topomanager] [tomcat-handler-7] b.c.s.t.service.IdentificadorService     : ✅ Arquivo TXT gravado com sucesso em: /app/temp/20261005084955-28_sem_os_2/G8C8/G8C8-[10, 18].txt
2026-10-05T08:50:05.056-03:00  INFO 15156 --- [topomanager] [tomcat-handler-7] b.c.s.t.service.IdentificadorService     : ✅ Arquivo TXT gravado com sucesso em: /app/temp/20261005084955-28_sem_os_2/G8C8/G8C8-[10, 20].txt
2026-10-05T08:50:05.056-03:00  INFO 15156 --- [topomanager] [tomcat-handler-7] b.c.s.t.service.IdentificadorService     : ✅ Arquivo TXT gravado com sucesso em: /app/temp/20261005084955-28_sem_os_2/G8C8/G8C8-[10, 23].txt
2026-10-05T08:50:05.057-03:00  INFO 15156 --- [topomanager] [tomcat-handler-7] b.c.s.t.service.IdentificadorService     : ✅ Arquivo TXT gravado com sucesso em: /app/temp/20261005084955-28_sem_os_2/G8C8/G8C8-[10, 24].txt
2026-10-05T08:50:05.058-03:00  INFO 15156 --- [topomanager] [tomcat-handler-7] b.c.s.t.service.IdentificadorService     : ✅ Arquivo TXT gravado com sucesso em: /app/temp/20261005084955-28_sem_os_2/G8C8/G8C8-[10, 25].txt
2026-10-05T08:50:05.058-03:00  INFO 15156 --- [topomanager] [tomcat-handler-7] b.c.s.t.service.IdentificadorService     : ✅ Arquivo TXT gravado com sucesso em: /app/temp/20261005084955-28_sem_os_2/G8C8/G8C8-[11, 13].txt
2026-10-05T08:50:05.059-03:00  INFO 15156 --- [topomanager] [tomcat-handler-7] b.c.s.t.service.IdentificadorService     : ✅ Arquivo TXT gravado com sucesso em: /app/temp/20261005084955-28_sem_os_2/G8C8/G8C8-[11, 18].txt
2026-10-05T08:50:05.059-03:00  INFO 15156 --- [topomanager] [tomcat-handler-7] b.c.s.t.service.IdentificadorService     : ✅ Arquivo TXT gravado com sucesso em: /app/temp/20261005084955-28_sem_os_2/G8C8/G8C8-[11, 20].txt
2026-10-05T08:50:05.060-03:00  INFO 15156 --- [topomanager] [tomcat-handler-7] b.c.s.t.service.IdentificadorService     : ✅ Arquivo TXT gravado com sucesso em: /app/temp/20261005084955-28_sem_os_2/G8C8/G8C8-[11, 23].txt
2026-10-05T08:50:05.061-03:00  INFO 15156 --- [topomanager] [tomcat-handler-7] b.c.s.t.service.IdentificadorService     : ✅ Arquivo TXT gravado com sucesso em: /app/temp/20261005084955-28_sem_os_2/G8C8/G8C8-[11, 24].txt
2026-10-05T08:50:05.061-03:00  INFO 15156 --- [topomanager] [tomcat-handler-7] b.c.s.t.service.IdentificadorService     : ✅ Arquivo TXT gravado com sucesso em: /app/temp/20261005084955-28_sem_os_2/G8C8/G8C8-[11, 25].txt
2026-10-05T08:50:05.062-03:00  INFO 15156 --- [topomanager] [tomcat-handler-7] b.c.s.t.service.IdentificadorService     : ✅ Arquivo TXT gravado com sucesso em: /app/temp/20261005084955-28_sem_os_2/G8C8/G8C8-[13, 18].txt
2026-10-05T08:50:05.062-03:00  INFO 15156 --- [topomanager] [tomcat-handler-7] b.c.s.t.service.IdentificadorService     : ✅ Arquivo TXT gravado com sucesso em: /app/temp/20261005084955-28_sem_os_2/G8C8/G8C8-[13, 20].txt
2026-10-05T08:50:05.063-03:00  INFO 15156 --- [topomanager] [tomcat-handler-7] b.c.s.t.service.IdentificadorService     : ✅ Arquivo TXT gravado com sucesso em: /app/temp/20261005084955-28_sem_os_2/G8C8/G8C8-[13, 23].txt
2026-10-05T08:50:05.064-03:00  INFO 15156 --- [topomanager] [tomcat-handler-7] b.c.s.t.service.IdentificadorService     : ✅ Arquivo TXT gravado com sucesso em: /app/temp/20261005084955-28_sem_os_2/G8C8/G8C8-[13, 24].txt
2026-10-05T08:50:05.064-03:00  INFO 15156 --- [topomanager] [tomcat-handler-7] b.c.s.t.service.IdentificadorService     : ✅ Arquivo TXT gravado com sucesso em: /app/temp/20261005084955-28_sem_os_2/G8C8/G8C8-[13, 25].txt
2026-10-05T08:50:05.066-03:00  INFO 15156 --- [topomanager] [tomcat-handler-7] b.c.s.t.service.IdentificadorService     : ✅ Arquivo TXT gravado com sucesso em: /app/temp/20261005084955-28_sem_os_2/G8C8/G8C8-[18, 20].txt
2026-10-05T08:50:05.067-03:00  INFO 15156 --- [topomanager] [tomcat-handler-7] b.c.s.t.service.IdentificadorService     : ✅ Arquivo TXT gravado com sucesso em: /app/temp/20261005084955-28_sem_os_2/G8C8/G8C8-[18, 23].txt
2026-10-05T08:50:05.067-03:00  INFO 15156 --- [topomanager] [tomcat-handler-7] b.c.s.t.service.IdentificadorService     : ✅ Arquivo TXT gravado com sucesso em: /app/temp/20261005084955-28_sem_os_2/G8C8/G8C8-[18, 24].txt
2026-10-05T08:50:05.068-03:00  INFO 15156 --- [topomanager] [tomcat-handler-7] b.c.s.t.service.IdentificadorService     : ✅ Arquivo TXT gravado com sucesso em: /app/temp/20261005084955-28_sem_os_2/G8C8/G8C8-[18, 25].txt
2026-10-05T08:50:05.069-03:00  INFO 15156 --- [topomanager] [tomcat-handler-7] b.c.s.t.service.IdentificadorService     : ✅ Arquivo TXT gravado com sucesso em: /app/temp/20261005084955-28_sem_os_2/G8C8/G8C8-[20, 23].txt
2026-10-05T08:50:05.069-03:00  INFO 15156 --- [topomanager] [tomcat-handler-7] b.c.s.t.service.IdentificadorService     : ✅ Arquivo TXT gravado com sucesso em: /app/temp/20261005084955-28_sem_os_2/G8C8/G8C8-[20, 24].txt
2026-10-05T08:50:05.070-03:00  INFO 15156 --- [topomanager] [tomcat-handler-7] b.c.s.t.service.IdentificadorService     : ✅ Arquivo TXT gravado com sucesso em: /app/temp/20261005084955-28_sem_os_2/G8C8/G8C8-[20, 25].txt
2026-10-05T08:50:05.070-03:00  INFO 15156 --- [topomanager] [tomcat-handler-7] b.c.s.t.service.IdentificadorService     : ✅ Arquivo TXT gravado com sucesso em: /app/temp/20261005084955-28_sem_os_2/G8C8/G8C8-[23, 24].txt
2026-10-05T08:50:05.071-03:00  INFO 15156 --- [topomanager] [tomcat-handler-7] b.c.s.t.service.IdentificadorService     : ✅ Arquivo TXT gravado com sucesso em: /app/temp/20261005084955-28_sem_os_2/G8C8/G8C8-[23, 25].txt
2026-10-05T08:50:05.072-03:00  INFO 15156 --- [topomanager] [tomcat-handler-7] b.c.s.t.service.IdentificadorService     : ✅ Arquivo TXT gravado com sucesso em: /app/temp/20261005084955-28_sem_os_2/G8C8/G8C8-[24, 25].txt
2026-10-05T08:50:05.072-03:00  INFO 15156 --- [topomanager] [tomcat-handler-7] b.c.s.t.service.IdentificadorService     : ✅ Arquivo TXT gravado com sucesso em: /app/temp/20261005084955-28_sem_os_2/G20C13/G20C13-[3, 5].txt
2026-10-05T08:50:05.073-03:00  INFO 15156 --- [topomanager] [tomcat-handler-7] b.c.s.t.service.IdentificadorService     : ✅ Arquivo TXT gravado com sucesso em: /app/temp/20261005084955-28_sem_os_2/G20C13/G20C13-[3, 6].txt
2026-10-05T08:50:05.073-03:00  INFO 15156 --- [topomanager] [tomcat-handler-7] b.c.s.t.service.IdentificadorService     : ✅ Arquivo TXT gravado com sucesso em: /app/temp/20261005084955-28_sem_os_2/G20C13/G20C13-[3, 9].txt
2026-10-05T08:50:05.074-03:00  INFO 15156 --- [topomanager] [tomcat-handler-7] b.c.s.t.service.IdentificadorService     : ✅ Arquivo TXT gravado com sucesso em: /app/temp/20261005084955-28_sem_os_2/G20C13/G20C13-[3, 11].txt
2026-10-05T08:50:05.074-03:00  INFO 15156 --- [topomanager] [tomcat-handler-7] b.c.s.t.service.IdentificadorService     : ✅ Arquivo TXT gravado com sucesso em: /app/temp/20261005084955-28_sem_os_2/G20C13/G20C13-[3, 13].txt
2026-10-05T08:50:05.075-03:00  INFO 15156 --- [topomanager] [tomcat-handler-7] b.c.s.t.service.IdentificadorService     : ✅ Arquivo TXT gravado com sucesso em: /app/temp/20261005084955-28_sem_os_2/G20C13/G20C13-[3, 14].txt
2026-10-05T08:50:05.076-03:00  INFO 15156 --- [topomanager] [tomcat-handler-7] b.c.s.t.service.IdentificadorService     : ✅ Arquivo TXT gravado com sucesso em: /app/temp/20261005084955-28_sem_os_2/G20C13/G20C13-[3, 20].txt
2026-10-05T08:50:05.076-03:00  INFO 15156 --- [topomanager] [tomcat-handler-7] b.c.s.t.service.IdentificadorService     : ✅ Arquivo TXT gravado com sucesso em: /app/temp/20261005084955-28_sem_os_2/G20C13/G20C13-[3, 23].txt
2026-10-05T08:50:05.077-03:00  INFO 15156 --- [topomanager] [tomcat-handler-7] b.c.s.t.service.IdentificadorService     : ✅ Arquivo TXT gravado com sucesso em: /app/temp/20261005084955-28_sem_os_2/G20C13/G20C13-[3, 24].txt
2026-10-05T08:50:05.078-03:00  INFO 15156 --- [topomanager] [tomcat-handler-7] b.c.s.t.service.IdentificadorService     : ✅ Arquivo TXT gravado com sucesso em: /app/temp/20261005084955-28_sem_os_2/G20C13/G20C13-[3, 25].txt
2026-10-05T08:50:05.078-03:00  INFO 15156 --- [topomanager] [tomcat-handler-7] b.c.s.t.service.IdentificadorService     : ✅ Arquivo TXT gravado com sucesso em: /app/temp/20261005084955-28_sem_os_2/G20C13/G20C13-[5, 6].txt
2026-10-05T08:50:05.079-03:00  INFO 15156 --- [topomanager] [tomcat-handler-7] b.c.s.t.service.IdentificadorService     : ✅ Arquivo TXT gravado com sucesso em: /app/temp/20261005084955-28_sem_os_2/G20C13/G20C13-[5, 9].txt
2026-10-05T08:50:05.079-03:00  INFO 15156 --- [topomanager] [tomcat-handler-7] b.c.s.t.service.IdentificadorService     : ✅ Arquivo TXT gravado com sucesso em: /app/temp/20261005084955-28_sem_os_2/G20C13/G20C13-[5, 11].txt
2026-10-05T08:50:05.080-03:00  INFO 15156 --- [topomanager] [tomcat-handler-7] b.c.s.t.service.IdentificadorService     : ✅ Arquivo TXT gravado com sucesso em: /app/temp/20261005084955-28_sem_os_2/G20C13/G20C13-[5, 13].txt
2026-10-05T08:50:05.081-03:00  INFO 15156 --- [topomanager] [tomcat-handler-7] b.c.s.t.service.IdentificadorService     : ✅ Arquivo TXT gravado com sucesso em: /app/temp/20261005084955-28_sem_os_2/G20C13/G20C13-[5, 14].txt
2026-10-05T08:50:05.081-03:00  INFO 15156 --- [topomanager] [tomcat-handler-7] b.c.s.t.service.IdentificadorService     : ✅ Arquivo TXT gravado com sucesso em: /app/temp/20261005084955-28_sem_os_2/G20C13/G20C13-[5, 20].txt
2026-10-05T08:50:05.082-03:00  INFO 15156 --- [topomanager] [tomcat-handler-7] b.c.s.t.service.IdentificadorService     : ✅ Arquivo TXT gravado com sucesso em: /app/temp/20261005084955-28_sem_os_2/G20C13/G20C13-[5, 23].txt
2026-10-05T08:50:05.082-03:00  INFO 15156 --- [topomanager] [tomcat-handler-7] b.c.s.t.service.IdentificadorService     : ✅ Arquivo TXT gravado com sucesso em: /app/temp/20261005084955-28_sem_os_2/G20C13/G20C13-[5, 24].txt
2026-10-05T08:50:05.083-03:00  INFO 15156 --- [topomanager] [tomcat-handler-7] b.c.s.t.service.IdentificadorService     : ✅ Arquivo TXT gravado com sucesso em: /app/temp/20261005084955-28_sem_os_2/G20C13/G20C13-[5, 25].txt
2026-10-05T08:50:05.083-03:00  INFO 15156 --- [topomanager] [tomcat-handler-7] b.c.s.t.service.IdentificadorService     : ✅ Arquivo TXT gravado com sucesso em: /app/temp/20261005084955-28_sem_os_2/G20C13/G20C13-[6, 9].txt
2026-10-05T08:50:05.084-03:00  INFO 15156 --- [topomanager] [tomcat-handler-7] b.c.s.t.service.IdentificadorService     : ✅ Arquivo TXT gravado com sucesso em: /app/temp/20261005084955-28_sem_os_2/G20C13/G20C13-[6, 11].txt
2026-10-05T08:50:05.085-03:00  INFO 15156 --- [topomanager] [tomcat-handler-7] b.c.s.t.service.IdentificadorService     : ✅ Arquivo TXT gravado com sucesso em: /app/temp/20261005084955-28_sem_os_2/G20C13/G20C13-[6, 13].txt
2026-10-05T08:50:05.085-03:00  INFO 15156 --- [topomanager] [tomcat-handler-7] b.c.s.t.service.IdentificadorService     : ✅ Arquivo TXT gravado com sucesso em: /app/temp/20261005084955-28_sem_os_2/G20C13/G20C13-[6, 14].txt
2026-10-05T08:50:05.086-03:00  INFO 15156 --- [topomanager] [tomcat-handler-7] b.c.s.t.service.IdentificadorService     : ✅ Arquivo TXT gravado com sucesso em: /app/temp/20261005084955-28_sem_os_2/G20C13/G20C13-[6, 20].txt
2026-10-05T08:50:05.086-03:00  INFO 15156 --- [topomanager] [tomcat-handler-7] b.c.s.t.service.IdentificadorService     : ✅ Arquivo TXT gravado com sucesso em: /app/temp/20261005084955-28_sem_os_2/G20C13/G20C13-[6, 23].txt
2026-10-05T08:50:05.087-03:00  INFO 15156 --- [topomanager] [tomcat-handler-7] b.c.s.t.service.IdentificadorService     : ✅ Arquivo TXT gravado com sucesso em: /app/temp/20261005084955-28_sem_os_2/G20C13/G20C13-[6, 24].txt
2026-10-05T08:50:05.088-03:00  INFO 15156 --- [topomanager] [tomcat-handler-7] b.c.s.t.service.IdentificadorService     : ✅ Arquivo TXT gravado com sucesso em: /app/temp/20261005084955-28_sem_os_2/G20C13/G20C13-[6, 25].txt
2026-10-05T08:50:05.088-03:00  INFO 15156 --- [topomanager] [tomcat-handler-7] b.c.s.t.service.IdentificadorService     : ✅ Arquivo TXT gravado com sucesso em: /app/temp/20261005084955-28_sem_os_2/G20C13/G20C13-[9, 11].txt
2026-10-05T08:50:05.089-03:00  INFO 15156 --- [topomanager] [tomcat-handler-7] b.c.s.t.service.IdentificadorService     : ✅ Arquivo TXT gravado com sucesso em: /app/temp/20261005084955-28_sem_os_2/G20C13/G20C13-[9, 13].txt
2026-10-05T08:50:05.090-03:00  INFO 15156 --- [topomanager] [tomcat-handler-7] b.c.s.t.service.IdentificadorService     : ✅ Arquivo TXT gravado com sucesso em: /app/temp/20261005084955-28_sem_os_2/G20C13/G20C13-[9, 14].txt
2026-10-05T08:50:05.091-03:00  INFO 15156 --- [topomanager] [tomcat-handler-7] b.c.s.t.service.IdentificadorService     : ✅ Arquivo TXT gravado com sucesso em: /app/temp/20261005084955-28_sem_os_2/G20C13/G20C13-[9, 20].txt
2026-10-05T08:50:05.092-03:00  INFO 15156 --- [topomanager] [tomcat-handler-7] b.c.s.t.service.IdentificadorService     : ✅ Arquivo TXT gravado com sucesso em: /app/temp/20261005084955-28_sem_os_2/G20C13/G20C13-[9, 23].txt
2026-10-05T08:50:05.092-03:00  INFO 15156 --- [topomanager] [tomcat-handler-7] b.c.s.t.service.IdentificadorService     : ✅ Arquivo TXT gravado com sucesso em: /app/temp/20261005084955-28_sem_os_2/G20C13/G20C13-[9, 24].txt
2026-10-05T08:50:05.093-03:00  INFO 15156 --- [topomanager] [tomcat-handler-7] b.c.s.t.service.IdentificadorService     : ✅ Arquivo TXT gravado com sucesso em: /app/temp/20261005084955-28_sem_os_2/G20C13/G20C13-[9, 25].txt
2026-10-05T08:50:05.094-03:00  INFO 15156 --- [topomanager] [tomcat-handler-7] b.c.s.t.service.IdentificadorService     : ✅ Arquivo TXT gravado com sucesso em: /app/temp/20261005084955-28_sem_os_2/G20C13/G20C13-[11, 13].txt
2026-10-05T08:50:05.094-03:00  INFO 15156 --- [topomanager] [tomcat-handler-7] b.c.s.t.service.IdentificadorService     : ✅ Arquivo TXT gravado com sucesso em: /app/temp/20261005084955-28_sem_os_2/G20C13/G20C13-[11, 14].txt
2026-10-05T08:50:05.095-03:00  INFO 15156 --- [topomanager] [tomcat-handler-7] b.c.s.t.service.IdentificadorService     : ✅ Arquivo TXT gravado com sucesso em: /app/temp/20261005084955-28_sem_os_2/G20C13/G20C13-[11, 20].txt
2026-10-05T08:50:05.096-03:00  INFO 15156 --- [topomanager] [tomcat-handler-7] b.c.s.t.service.IdentificadorService     : ✅ Arquivo TXT gravado com sucesso em: /app/temp/20261005084955-28_sem_os_2/G20C13/G20C13-[11, 23].txt
2026-10-05T08:50:05.096-03:00  INFO 15156 --- [topomanager] [tomcat-handler-7] b.c.s.t.service.IdentificadorService     : ✅ Arquivo TXT gravado com sucesso em: /app/temp/20261005084955-28_sem_os_2/G20C13/G20C13-[11, 24].txt
2026-10-05T08:50:05.097-03:00  INFO 15156 --- [topomanager] [tomcat-handler-7] b.c.s.t.service.IdentificadorService     : ✅ Arquivo TXT gravado com sucesso em: /app/temp/20261005084955-28_sem_os_2/G20C13/G20C13-[11, 25].txt
2026-10-05T08:50:05.097-03:00  INFO 15156 --- [topomanager] [tomcat-handler-7] b.c.s.t.service.IdentificadorService     : ✅ Arquivo TXT gravado com sucesso em: /app/temp/20261005084955-28_sem_os_2/G20C13/G20C13-[13, 14].txt
2026-10-05T08:50:05.099-03:00  INFO 15156 --- [topomanager] [tomcat-handler-7] b.c.s.t.service.IdentificadorService     : ✅ Arquivo TXT gravado com sucesso em: /app/temp/20261005084955-28_sem_os_2/G20C13/G20C13-[13, 20].txt
2026-10-05T08:50:05.100-03:00  INFO 15156 --- [topomanager] [tomcat-handler-7] b.c.s.t.service.IdentificadorService     : ✅ Arquivo TXT gravado com sucesso em: /app/temp/20261005084955-28_sem_os_2/G20C13/G20C13-[13, 23].txt
2026-10-05T08:50:05.100-03:00  INFO 15156 --- [topomanager] [tomcat-handler-7] b.c.s.t.service.IdentificadorService     : ✅ Arquivo TXT gravado com sucesso em: /app/temp/20261005084955-28_sem_os_2/G20C13/G20C13-[13, 24].txt
2026-10-05T08:50:05.101-03:00  INFO 15156 --- [topomanager] [tomcat-handler-7] b.c.s.t.service.IdentificadorService     : ✅ Arquivo TXT gravado com sucesso em: /app/temp/20261005084955-28_sem_os_2/G20C13/G20C13-[13, 25].txt
2026-10-05T08:50:05.102-03:00  INFO 15156 --- [topomanager] [tomcat-handler-7] b.c.s.t.service.IdentificadorService     : ✅ Arquivo TXT gravado com sucesso em: /app/temp/20261005084955-28_sem_os_2/G20C13/G20C13-[14, 20].txt
2026-10-05T08:50:05.102-03:00  INFO 15156 --- [topomanager] [tomcat-handler-7] b.c.s.t.service.IdentificadorService     : ✅ Arquivo TXT gravado com sucesso em: /app/temp/20261005084955-28_sem_os_2/G20C13/G20C13-[14, 23].txt
2026-10-05T08:50:05.103-03:00  INFO 15156 --- [topomanager] [tomcat-handler-7] b.c.s.t.service.IdentificadorService     : ✅ Arquivo TXT gravado com sucesso em: /app/temp/20261005084955-28_sem_os_2/G20C13/G20C13-[14, 24].txt
2026-10-05T08:50:05.103-03:00  INFO 15156 --- [topomanager] [tomcat-handler-7] b.c.s.t.service.IdentificadorService     : ✅ Arquivo TXT gravado com sucesso em: /app/temp/20261005084955-28_sem_os_2/G20C13/G20C13-[14, 25].txt
2026-10-05T08:50:05.104-03:00  INFO 15156 --- [topomanager] [tomcat-handler-7] b.c.s.t.service.IdentificadorService     : ✅ Arquivo TXT gravado com sucesso em: /app/temp/20261005084955-28_sem_os_2/G20C13/G20C13-[20, 23].txt
2026-10-05T08:50:05.105-03:00  INFO 15156 --- [topomanager] [tomcat-handler-7] b.c.s.t.service.IdentificadorService     : ✅ Arquivo TXT gravado com sucesso em: /app/temp/20261005084955-28_sem_os_2/G20C13/G20C13-[20, 24].txt
2026-10-05T08:50:05.105-03:00  INFO 15156 --- [topomanager] [tomcat-handler-7] b.c.s.t.service.IdentificadorService     : ✅ Arquivo TXT gravado com sucesso em: /app/temp/20261005084955-28_sem_os_2/G20C13/G20C13-[20, 25].txt
2026-10-05T08:50:05.106-03:00  INFO 15156 --- [topomanager] [tomcat-handler-7] b.c.s.t.service.IdentificadorService     : ✅ Arquivo TXT gravado com sucesso em: /app/temp/20261005084955-28_sem_os_2/G20C13/G20C13-[23, 24].txt
2026-10-05T08:50:05.107-03:00  INFO 15156 --- [topomanager] [tomcat-handler-7] b.c.s.t.service.IdentificadorService     : ✅ Arquivo TXT gravado com sucesso em: /app/temp/20261005084955-28_sem_os_2/G20C13/G20C13-[23, 25].txt
2026-10-05T08:50:05.107-03:00  INFO 15156 --- [topomanager] [tomcat-handler-7] b.c.s.t.service.IdentificadorService     : ✅ Arquivo TXT gravado com sucesso em: /app/temp/20261005084955-28_sem_os_2/G20C13/G20C13-[24, 25].txt
2026-10-05T08:50:05.108-03:00  INFO 15156 --- [topomanager] [tomcat-handler-7] b.c.s.t.service.IdentificadorService     : ✅ Arquivo TXT gravado com sucesso em: /app/temp/20261005084955-28_sem_os_2/G20C14/G20C14-[3, 5].txt
2026-10-05T08:50:05.108-03:00  INFO 15156 --- [topomanager] [tomcat-handler-7] b.c.s.t.service.IdentificadorService     : ✅ Arquivo TXT gravado com sucesso em: /app/temp/20261005084955-28_sem_os_2/G20C14/G20C14-[3, 6].txt
2026-10-05T08:50:05.109-03:00  INFO 15156 --- [topomanager] [tomcat-handler-7] b.c.s.t.service.IdentificadorService     : ✅ Arquivo TXT gravado com sucesso em: /app/temp/20261005084955-28_sem_os_2/G20C14/G20C14-[3, 9].txt
2026-10-05T08:50:05.109-03:00  INFO 15156 --- [topomanager] [tomcat-handler-7] b.c.s.t.service.IdentificadorService     : ✅ Arquivo TXT gravado com sucesso em: /app/temp/20261005084955-28_sem_os_2/G20C14/G20C14-[3, 11].txt
2026-10-05T08:50:05.110-03:00  INFO 15156 --- [topomanager] [tomcat-handler-7] b.c.s.t.service.IdentificadorService     : ✅ Arquivo TXT gravado com sucesso em: /app/temp/20261005084955-28_sem_os_2/G20C14/G20C14-[3, 13].txt
2026-10-05T08:50:05.111-03:00  INFO 15156 --- [topomanager] [tomcat-handler-7] b.c.s.t.service.IdentificadorService     : ✅ Arquivo TXT gravado com sucesso em: /app/temp/20261005084955-28_sem_os_2/G20C14/G20C14-[3, 14].txt
2026-10-05T08:50:05.112-03:00  INFO 15156 --- [topomanager] [tomcat-handler-7] b.c.s.t.service.IdentificadorService     : ✅ Arquivo TXT gravado com sucesso em: /app/temp/20261005084955-28_sem_os_2/G20C14/G20C14-[3, 18].txt
2026-10-05T08:50:05.112-03:00  INFO 15156 --- [topomanager] [tomcat-handler-7] b.c.s.t.service.IdentificadorService     : ✅ Arquivo TXT gravado com sucesso em: /app/temp/20261005084955-28_sem_os_2/G20C14/G20C14-[3, 20].txt
2026-10-05T08:50:05.113-03:00  INFO 15156 --- [topomanager] [tomcat-handler-7] b.c.s.t.service.IdentificadorService     : ✅ Arquivo TXT gravado com sucesso em: /app/temp/20261005084955-28_sem_os_2/G20C14/G20C14-[3, 23].txt
2026-10-05T08:50:05.113-03:00  INFO 15156 --- [topomanager] [tomcat-handler-7] b.c.s.t.service.IdentificadorService     : ✅ Arquivo TXT gravado com sucesso em: /app/temp/20261005084955-28_sem_os_2/G20C14/G20C14-[3, 25].txt
2026-10-05T08:50:05.114-03:00  INFO 15156 --- [topomanager] [tomcat-handler-7] b.c.s.t.service.IdentificadorService     : ✅ Arquivo TXT gravado com sucesso em: /app/temp/20261005084955-28_sem_os_2/G20C14/G20C14-[5, 6].txt
2026-10-05T08:50:05.115-03:00  INFO 15156 --- [topomanager] [tomcat-handler-7] b.c.s.t.service.IdentificadorService     : ✅ Arquivo TXT gravado com sucesso em: /app/temp/20261005084955-28_sem_os_2/G20C14/G20C14-[5, 9].txt
2026-10-05T08:50:05.115-03:00  INFO 15156 --- [topomanager] [tomcat-handler-7] b.c.s.t.service.IdentificadorService     : ✅ Arquivo TXT gravado com sucesso em: /app/temp/20261005084955-28_sem_os_2/G20C14/G20C14-[5, 11].txt
2026-10-05T08:50:05.116-03:00  INFO 15156 --- [topomanager] [tomcat-handler-7] b.c.s.t.service.IdentificadorService     : ✅ Arquivo TXT gravado com sucesso em: /app/temp/20261005084955-28_sem_os_2/G20C14/G20C14-[5, 13].txt
2026-10-05T08:50:05.116-03:00  INFO 15156 --- [topomanager] [tomcat-handler-7] b.c.s.t.service.IdentificadorService     : ✅ Arquivo TXT gravado com sucesso em: /app/temp/20261005084955-28_sem_os_2/G20C14/G20C14-[5, 14].txt
2026-10-05T08:50:05.117-03:00  INFO 15156 --- [topomanager] [tomcat-handler-7] b.c.s.t.service.IdentificadorService     : ✅ Arquivo TXT gravado com sucesso em: /app/temp/20261005084955-28_sem_os_2/G20C14/G20C14-[5, 18].txt
2026-10-05T08:50:05.117-03:00  INFO 15156 --- [topomanager] [tomcat-handler-7] b.c.s.t.service.IdentificadorService     : ✅ Arquivo TXT gravado com sucesso em: /app/temp/20261005084955-28_sem_os_2/G20C14/G20C14-[5, 20].txt
2026-10-05T08:50:05.119-03:00  INFO 15156 --- [topomanager] [tomcat-handler-7] b.c.s.t.service.IdentificadorService     : ✅ Arquivo TXT gravado com sucesso em: /app/temp/20261005084955-28_sem_os_2/G20C14/G20C14-[5, 23].txt
2026-10-05T08:50:05.120-03:00  INFO 15156 --- [topomanager] [tomcat-handler-7] b.c.s.t.service.IdentificadorService     : ✅ Arquivo TXT gravado com sucesso em: /app/temp/20261005084955-28_sem_os_2/G20C14/G20C14-[5, 25].txt
2026-10-05T08:50:05.120-03:00  INFO 15156 --- [topomanager] [tomcat-handler-7] b.c.s.t.service.IdentificadorService     : ✅ Arquivo TXT gravado com sucesso em: /app/temp/20261005084955-28_sem_os_2/G20C14/G20C14-[6, 9].txt
2026-10-05T08:50:05.121-03:00  INFO 15156 --- [topomanager] [tomcat-handler-7] b.c.s.t.service.IdentificadorService     : ✅ Arquivo TXT gravado com sucesso em: /app/temp/20261005084955-28_sem_os_2/G20C14/G20C14-[6, 11].txt
2026-10-05T08:50:05.122-03:00  INFO 15156 --- [topomanager] [tomcat-handler-7] b.c.s.t.service.IdentificadorService     : ✅ Arquivo TXT gravado com sucesso em: /app/temp/20261005084955-28_sem_os_2/G20C14/G20C14-[6, 13].txt
2026-10-05T08:50:05.122-03:00  INFO 15156 --- [topomanager] [tomcat-handler-7] b.c.s.t.service.IdentificadorService     : ✅ Arquivo TXT gravado com sucesso em: /app/temp/20261005084955-28_sem_os_2/G20C14/G20C14-[6, 14].txt
2026-10-05T08:50:05.123-03:00  INFO 15156 --- [topomanager] [tomcat-handler-7] b.c.s.t.service.IdentificadorService     : ✅ Arquivo TXT gravado com sucesso em: /app/temp/20261005084955-28_sem_os_2/G20C14/G20C14-[6, 18].txt
2026-10-05T08:50:05.123-03:00  INFO 15156 --- [topomanager] [tomcat-handler-7] b.c.s.t.service.IdentificadorService     : ✅ Arquivo TXT gravado com sucesso em: /app/temp/20261005084955-28_sem_os_2/G20C14/G20C14-[6, 20].txt
2026-10-05T08:50:05.124-03:00  INFO 15156 --- [topomanager] [tomcat-handler-7] b.c.s.t.service.IdentificadorService     : ✅ Arquivo TXT gravado com sucesso em: /app/temp/20261005084955-28_sem_os_2/G20C14/G20C14-[6, 23].txt
2026-10-05T08:50:05.124-03:00  INFO 15156 --- [topomanager] [tomcat-handler-7] b.c.s.t.service.IdentificadorService     : ✅ Arquivo TXT gravado com sucesso em: /app/temp/20261005084955-28_sem_os_2/G20C14/G20C14-[6, 25].txt
2026-10-05T08:50:05.125-03:00  INFO 15156 --- [topomanager] [tomcat-handler-7] b.c.s.t.service.IdentificadorService     : ✅ Arquivo TXT gravado com sucesso em: /app/temp/20261005084955-28_sem_os_2/G20C14/G20C14-[9, 11].txt
2026-10-05T08:50:05.126-03:00  INFO 15156 --- [topomanager] [tomcat-handler-7] b.c.s.t.service.IdentificadorService     : ✅ Arquivo TXT gravado com sucesso em: /app/temp/20261005084955-28_sem_os_2/G20C14/G20C14-[9, 13].txt
2026-10-05T08:50:05.126-03:00  INFO 15156 --- [topomanager] [tomcat-handler-7] b.c.s.t.service.IdentificadorService     : ✅ Arquivo TXT gravado com sucesso em: /app/temp/20261005084955-28_sem_os_2/G20C14/G20C14-[9, 14].txt
2026-10-05T08:50:05.127-03:00  INFO 15156 --- [topomanager] [tomcat-handler-7] b.c.s.t.service.IdentificadorService     : ✅ Arquivo TXT gravado com sucesso em: /app/temp/20261005084955-28_sem_os_2/G20C14/G20C14-[9, 18].txt
2026-10-05T08:50:05.128-03:00  INFO 15156 --- [topomanager] [tomcat-handler-7] b.c.s.t.service.IdentificadorService     : ✅ Arquivo TXT gravado com sucesso em: /app/temp/20261005084955-28_sem_os_2/G20C14/G20C14-[9, 20].txt
2026-10-05T08:50:05.128-03:00  INFO 15156 --- [topomanager] [tomcat-handler-7] b.c.s.t.service.IdentificadorService     : ✅ Arquivo TXT gravado com sucesso em: /app/temp/20261005084955-28_sem_os_2/G20C14/G20C14-[9, 23].txt
2026-10-05T08:50:05.130-03:00  INFO 15156 --- [topomanager] [tomcat-handler-7] b.c.s.t.service.IdentificadorService     : ✅ Arquivo TXT gravado com sucesso em: /app/temp/20261005084955-28_sem_os_2/G20C14/G20C14-[9, 25].txt
2026-10-05T08:50:05.130-03:00  INFO 15156 --- [topomanager] [tomcat-handler-7] b.c.s.t.service.IdentificadorService     : ✅ Arquivo TXT gravado com sucesso em: /app/temp/20261005084955-28_sem_os_2/G20C14/G20C14-[11, 13].txt
2026-10-05T08:50:05.131-03:00  INFO 15156 --- [topomanager] [tomcat-handler-7] b.c.s.t.service.IdentificadorService     : ✅ Arquivo TXT gravado com sucesso em: /app/temp/20261005084955-28_sem_os_2/G20C14/G20C14-[11, 14].txt
2026-10-05T08:50:05.131-03:00  INFO 15156 --- [topomanager] [tomcat-handler-7] b.c.s.t.service.IdentificadorService     : ✅ Arquivo TXT gravado com sucesso em: /app/temp/20261005084955-28_sem_os_2/G20C14/G20C14-[11, 18].txt
2026-10-05T08:50:05.132-03:00  INFO 15156 --- [topomanager] [tomcat-handler-7] b.c.s.t.service.IdentificadorService     : ✅ Arquivo TXT gravado com sucesso em: /app/temp/20261005084955-28_sem_os_2/G20C14/G20C14-[11, 20].txt
2026-10-05T08:50:05.133-03:00  INFO 15156 --- [topomanager] [tomcat-handler-7] b.c.s.t.service.IdentificadorService     : ✅ Arquivo TXT gravado com sucesso em: /app/temp/20261005084955-28_sem_os_2/G20C14/G20C14-[11, 23].txt
2026-10-05T08:50:05.133-03:00  INFO 15156 --- [topomanager] [tomcat-handler-7] b.c.s.t.service.IdentificadorService     : ✅ Arquivo TXT gravado com sucesso em: /app/temp/20261005084955-28_sem_os_2/G20C14/G20C14-[11, 25].txt
2026-10-05T08:50:05.134-03:00  INFO 15156 --- [topomanager] [tomcat-handler-7] b.c.s.t.service.IdentificadorService     : ✅ Arquivo TXT gravado com sucesso em: /app/temp/20261005084955-28_sem_os_2/G20C14/G20C14-[13, 14].txt
2026-10-05T08:50:05.134-03:00  INFO 15156 --- [topomanager] [tomcat-handler-7] b.c.s.t.service.IdentificadorService     : ✅ Arquivo TXT gravado com sucesso em: /app/temp/20261005084955-28_sem_os_2/G20C14/G20C14-[13, 18].txt
2026-10-05T08:50:05.135-03:00  INFO 15156 --- [topomanager] [tomcat-handler-7] b.c.s.t.service.IdentificadorService     : ✅ Arquivo TXT gravado com sucesso em: /app/temp/20261005084955-28_sem_os_2/G20C14/G20C14-[13, 20].txt
2026-10-05T08:50:05.136-03:00  INFO 15156 --- [topomanager] [tomcat-handler-7] b.c.s.t.service.IdentificadorService     : ✅ Arquivo TXT gravado com sucesso em: /app/temp/20261005084955-28_sem_os_2/G20C14/G20C14-[13, 23].txt
2026-10-05T08:50:05.136-03:00  INFO 15156 --- [topomanager] [tomcat-handler-7] b.c.s.t.service.IdentificadorService     : ✅ Arquivo TXT gravado com sucesso em: /app/temp/20261005084955-28_sem_os_2/G20C14/G20C14-[13, 25].txt
2026-10-05T08:50:05.138-03:00  INFO 15156 --- [topomanager] [tomcat-handler-7] b.c.s.t.service.IdentificadorService     : ✅ Arquivo TXT gravado com sucesso em: /app/temp/20261005084955-28_sem_os_2/G20C14/G20C14-[14, 18].txt
2026-10-05T08:50:05.138-03:00  INFO 15156 --- [topomanager] [tomcat-handler-7] b.c.s.t.service.IdentificadorService     : ✅ Arquivo TXT gravado com sucesso em: /app/temp/20261005084955-28_sem_os_2/G20C14/G20C14-[14, 20].txt
2026-10-05T08:50:05.139-03:00  INFO 15156 --- [topomanager] [tomcat-handler-7] b.c.s.t.service.IdentificadorService     : ✅ Arquivo TXT gravado com sucesso em: /app/temp/20261005084955-28_sem_os_2/G20C14/G20C14-[14, 23].txt
2026-10-05T08:50:05.139-03:00  INFO 15156 --- [topomanager] [tomcat-handler-7] b.c.s.t.service.IdentificadorService     : ✅ Arquivo TXT gravado com sucesso em: /app/temp/20261005084955-28_sem_os_2/G20C14/G20C14-[14, 25].txt
2026-10-05T08:50:05.140-03:00  INFO 15156 --- [topomanager] [tomcat-handler-7] b.c.s.t.service.IdentificadorService     : ✅ Arquivo TXT gravado com sucesso em: /app/temp/20261005084955-28_sem_os_2/G20C14/G20C14-[18, 20].txt
2026-10-05T08:50:05.140-03:00  INFO 15156 --- [topomanager] [tomcat-handler-7] b.c.s.t.service.IdentificadorService     : ✅ Arquivo TXT gravado com sucesso em: /app/temp/20261005084955-28_sem_os_2/G20C14/G20C14-[18, 23].txt
2026-10-05T08:50:05.141-03:00  INFO 15156 --- [topomanager] [tomcat-handler-7] b.c.s.t.service.IdentificadorService     : ✅ Arquivo TXT gravado com sucesso em: /app/temp/20261005084955-28_sem_os_2/G20C14/G20C14-[18, 25].txt
2026-10-05T08:50:05.142-03:00  INFO 15156 --- [topomanager] [tomcat-handler-7] b.c.s.t.service.IdentificadorService     : ✅ Arquivo TXT gravado com sucesso em: /app/temp/20261005084955-28_sem_os_2/G20C14/G20C14-[20, 23].txt
2026-10-05T08:50:05.143-03:00  INFO 15156 --- [topomanager] [tomcat-handler-7] b.c.s.t.service.IdentificadorService     : ✅ Arquivo TXT gravado com sucesso em: /app/temp/20261005084955-28_sem_os_2/G20C14/G20C14-[20, 25].txt
2026-10-05T08:50:05.144-03:00  INFO 15156 --- [topomanager] [tomcat-handler-7] b.c.s.t.service.IdentificadorService     : ✅ Arquivo TXT gravado com sucesso em: /app/temp/20261005084955-28_sem_os_2/G20C14/G20C14-[23, 25].txt
2026-10-05T08:50:05.144-03:00  INFO 15156 --- [topomanager] [tomcat-handler-7] b.c.s.t.service.IdentificadorService     : ✅ Arquivo TXT gravado com sucesso em: /app/temp/20261005084955-28_sem_os_2/G20C11/G20C11-[3, 5].txt
2026-10-05T08:50:05.145-03:00  INFO 15156 --- [topomanager] [tomcat-handler-7] b.c.s.t.service.IdentificadorService     : ✅ Arquivo TXT gravado com sucesso em: /app/temp/20261005084955-28_sem_os_2/G20C11/G20C11-[3, 6].txt
2026-10-05T08:50:05.145-03:00  INFO 15156 --- [topomanager] [tomcat-handler-7] b.c.s.t.service.IdentificadorService     : ✅ Arquivo TXT gravado com sucesso em: /app/temp/20261005084955-28_sem_os_2/G20C11/G20C11-[3, 9].txt
2026-10-05T08:50:05.146-03:00  INFO 15156 --- [topomanager] [tomcat-handler-7] b.c.s.t.service.IdentificadorService     : ✅ Arquivo TXT gravado com sucesso em: /app/temp/20261005084955-28_sem_os_2/G20C11/G20C11-[3, 11].txt
2026-10-05T08:50:05.146-03:00  INFO 15156 --- [topomanager] [tomcat-handler-7] b.c.s.t.service.IdentificadorService     : ✅ Arquivo TXT gravado com sucesso em: /app/temp/20261005084955-28_sem_os_2/G20C11/G20C11-[3, 13].txt
2026-10-05T08:50:05.148-03:00  INFO 15156 --- [topomanager] [tomcat-handler-7] b.c.s.t.service.IdentificadorService     : ✅ Arquivo TXT gravado com sucesso em: /app/temp/20261005084955-28_sem_os_2/G20C11/G20C11-[3, 14].txt
2026-10-05T08:50:05.148-03:00  INFO 15156 --- [topomanager] [tomcat-handler-7] b.c.s.t.service.IdentificadorService     : ✅ Arquivo TXT gravado com sucesso em: /app/temp/20261005084955-28_sem_os_2/G20C11/G20C11-[3, 18].txt
2026-10-05T08:50:05.149-03:00  INFO 15156 --- [topomanager] [tomcat-handler-7] b.c.s.t.service.IdentificadorService     : ✅ Arquivo TXT gravado com sucesso em: /app/temp/20261005084955-28_sem_os_2/G20C11/G20C11-[3, 20].txt
2026-10-05T08:50:05.149-03:00  INFO 15156 --- [topomanager] [tomcat-handler-7] b.c.s.t.service.IdentificadorService     : ✅ Arquivo TXT gravado com sucesso em: /app/temp/20261005084955-28_sem_os_2/G20C11/G20C11-[3, 23].txt
2026-10-05T08:50:05.150-03:00  INFO 15156 --- [topomanager] [tomcat-handler-7] b.c.s.t.service.IdentificadorService     : ✅ Arquivo TXT gravado com sucesso em: /app/temp/20261005084955-28_sem_os_2/G20C11/G20C11-[3, 25].txt
2026-10-05T08:50:05.151-03:00  INFO 15156 --- [topomanager] [tomcat-handler-7] b.c.s.t.service.IdentificadorService     : ✅ Arquivo TXT gravado com sucesso em: /app/temp/20261005084955-28_sem_os_2/G20C11/G20C11-[5, 6].txt
2026-10-05T08:50:05.151-03:00  INFO 15156 --- [topomanager] [tomcat-handler-7] b.c.s.t.service.IdentificadorService     : ✅ Arquivo TXT gravado com sucesso em: /app/temp/20261005084955-28_sem_os_2/G20C11/G20C11-[5, 9].txt
2026-10-05T08:50:05.152-03:00  INFO 15156 --- [topomanager] [tomcat-handler-7] b.c.s.t.service.IdentificadorService     : ✅ Arquivo TXT gravado com sucesso em: /app/temp/20261005084955-28_sem_os_2/G20C11/G20C11-[5, 11].txt
2026-10-05T08:50:05.152-03:00  INFO 15156 --- [topomanager] [tomcat-handler-7] b.c.s.t.service.IdentificadorService     : ✅ Arquivo TXT gravado com sucesso em: /app/temp/20261005084955-28_sem_os_2/G20C11/G20C11-[5, 13].txt
2026-10-05T08:50:05.153-03:00  INFO 15156 --- [topomanager] [tomcat-handler-7] b.c.s.t.service.IdentificadorService     : ✅ Arquivo TXT gravado com sucesso em: /app/temp/20261005084955-28_sem_os_2/G20C11/G20C11-[5, 14].txt
2026-10-05T08:50:05.153-03:00  INFO 15156 --- [topomanager] [tomcat-handler-7] b.c.s.t.service.IdentificadorService     : ✅ Arquivo TXT gravado com sucesso em: /app/temp/20261005084955-28_sem_os_2/G20C11/G20C11-[5, 18].txt
2026-10-05T08:50:05.154-03:00  INFO 15156 --- [topomanager] [tomcat-handler-7] b.c.s.t.service.IdentificadorService     : ✅ Arquivo TXT gravado com sucesso em: /app/temp/20261005084955-28_sem_os_2/G20C11/G20C11-[5, 20].txt
2026-10-05T08:50:05.155-03:00  INFO 15156 --- [topomanager] [tomcat-handler-7] b.c.s.t.service.IdentificadorService     : ✅ Arquivo TXT gravado com sucesso em: /app/temp/20261005084955-28_sem_os_2/G20C11/G20C11-[5, 23].txt
2026-10-05T08:50:05.155-03:00  INFO 15156 --- [topomanager] [tomcat-handler-7] b.c.s.t.service.IdentificadorService     : ✅ Arquivo TXT gravado com sucesso em: /app/temp/20261005084955-28_sem_os_2/G20C11/G20C11-[5, 25].txt
2026-10-05T08:50:05.156-03:00  INFO 15156 --- [topomanager] [tomcat-handler-7] b.c.s.t.service.IdentificadorService     : ✅ Arquivo TXT gravado com sucesso em: /app/temp/20261005084955-28_sem_os_2/G20C11/G20C11-[6, 9].txt
2026-10-05T08:50:05.156-03:00  INFO 15156 --- [topomanager] [tomcat-handler-7] b.c.s.t.service.IdentificadorService     : ✅ Arquivo TXT gravado com sucesso em: /app/temp/20261005084955-28_sem_os_2/G20C11/G20C11-[6, 11].txt
2026-10-05T08:50:05.157-03:00  INFO 15156 --- [topomanager] [tomcat-handler-7] b.c.s.t.service.IdentificadorService     : ✅ Arquivo TXT gravado com sucesso em: /app/temp/20261005084955-28_sem_os_2/G20C11/G20C11-[6, 13].txt
2026-10-05T08:50:05.158-03:00  INFO 15156 --- [topomanager] [tomcat-handler-7] b.c.s.t.service.IdentificadorService     : ✅ Arquivo TXT gravado com sucesso em: /app/temp/20261005084955-28_sem_os_2/G20C11/G20C11-[6, 14].txt
2026-10-05T08:50:05.159-03:00  INFO 15156 --- [topomanager] [tomcat-handler-7] b.c.s.t.service.IdentificadorService     : ✅ Arquivo TXT gravado com sucesso em: /app/temp/20261005084955-28_sem_os_2/G20C11/G20C11-[6, 18].txt
2026-10-05T08:50:05.159-03:00  INFO 15156 --- [topomanager] [tomcat-handler-7] b.c.s.t.service.IdentificadorService     : ✅ Arquivo TXT gravado com sucesso em: /app/temp/20261005084955-28_sem_os_2/G20C11/G20C11-[6, 20].txt
2026-10-05T08:50:05.160-03:00  INFO 15156 --- [topomanager] [tomcat-handler-7] b.c.s.t.service.IdentificadorService     : ✅ Arquivo TXT gravado com sucesso em: /app/temp/20261005084955-28_sem_os_2/G20C11/G20C11-[6, 23].txt
2026-10-05T08:50:05.161-03:00  INFO 15156 --- [topomanager] [tomcat-handler-7] b.c.s.t.service.IdentificadorService     : ✅ Arquivo TXT gravado com sucesso em: /app/temp/20261005084955-28_sem_os_2/G20C11/G20C11-[6, 25].txt
2026-10-05T08:50:05.161-03:00  INFO 15156 --- [topomanager] [tomcat-handler-7] b.c.s.t.service.IdentificadorService     : ✅ Arquivo TXT gravado com sucesso em: /app/temp/20261005084955-28_sem_os_2/G20C11/G20C11-[9, 11].txt
2026-10-05T08:50:05.162-03:00  INFO 15156 --- [topomanager] [tomcat-handler-7] b.c.s.t.service.IdentificadorService     : ✅ Arquivo TXT gravado com sucesso em: /app/temp/20261005084955-28_sem_os_2/G20C11/G20C11-[9, 13].txt
2026-10-05T08:50:05.162-03:00  INFO 15156 --- [topomanager] [tomcat-handler-7] b.c.s.t.service.IdentificadorService     : ✅ Arquivo TXT gravado com sucesso em: /app/temp/20261005084955-28_sem_os_2/G20C11/G20C11-[9, 14].txt
2026-10-05T08:50:05.163-03:00  INFO 15156 --- [topomanager] [tomcat-handler-7] b.c.s.t.service.IdentificadorService     : ✅ Arquivo TXT gravado com sucesso em: /app/temp/20261005084955-28_sem_os_2/G20C11/G20C11-[9, 18].txt
2026-10-05T08:50:05.163-03:00  INFO 15156 --- [topomanager] [tomcat-handler-7] b.c.s.t.service.IdentificadorService     : ✅ Arquivo TXT gravado com sucesso em: /app/temp/20261005084955-28_sem_os_2/G20C11/G20C11-[9, 20].txt
2026-10-05T08:50:05.164-03:00  INFO 15156 --- [topomanager] [tomcat-handler-7] b.c.s.t.service.IdentificadorService     : ✅ Arquivo TXT gravado com sucesso em: /app/temp/20261005084955-28_sem_os_2/G20C11/G20C11-[9, 23].txt
2026-10-05T08:50:05.165-03:00  INFO 15156 --- [topomanager] [tomcat-handler-7] b.c.s.t.service.IdentificadorService     : ✅ Arquivo TXT gravado com sucesso em: /app/temp/20261005084955-28_sem_os_2/G20C11/G20C11-[9, 25].txt
2026-10-05T08:50:05.166-03:00  INFO 15156 --- [topomanager] [tomcat-handler-7] b.c.s.t.service.IdentificadorService     : ✅ Arquivo TXT gravado com sucesso em: /app/temp/20261005084955-28_sem_os_2/G20C11/G20C11-[11, 13].txt
2026-10-05T08:50:05.166-03:00  INFO 15156 --- [topomanager] [tomcat-handler-7] b.c.s.t.service.IdentificadorService     : ✅ Arquivo TXT gravado com sucesso em: /app/temp/20261005084955-28_sem_os_2/G20C11/G20C11-[11, 14].txt
2026-10-05T08:50:05.167-03:00  INFO 15156 --- [topomanager] [tomcat-handler-7] b.c.s.t.service.IdentificadorService     : ✅ Arquivo TXT gravado com sucesso em: /app/temp/20261005084955-28_sem_os_2/G20C11/G20C11-[11, 18].txt
2026-10-05T08:50:05.167-03:00  INFO 15156 --- [topomanager] [tomcat-handler-7] b.c.s.t.service.IdentificadorService     : ✅ Arquivo TXT gravado com sucesso em: /app/temp/20261005084955-28_sem_os_2/G20C11/G20C11-[11, 20].txt
2026-10-05T08:50:05.168-03:00  INFO 15156 --- [topomanager] [tomcat-handler-7] b.c.s.t.service.IdentificadorService     : ✅ Arquivo TXT gravado com sucesso em: /app/temp/20261005084955-28_sem_os_2/G20C11/G20C11-[11, 23].txt
2026-10-05T08:50:05.169-03:00  INFO 15156 --- [topomanager] [tomcat-handler-7] b.c.s.t.service.IdentificadorService     : ✅ Arquivo TXT gravado com sucesso em: /app/temp/20261005084955-28_sem_os_2/G20C11/G20C11-[11, 25].txt
2026-10-05T08:50:05.170-03:00  INFO 15156 --- [topomanager] [tomcat-handler-7] b.c.s.t.service.IdentificadorService     : ✅ Arquivo TXT gravado com sucesso em: /app/temp/20261005084955-28_sem_os_2/G20C11/G20C11-[13, 14].txt
2026-10-05T08:50:05.170-03:00  INFO 15156 --- [topomanager] [tomcat-handler-7] b.c.s.t.service.IdentificadorService     : ✅ Arquivo TXT gravado com sucesso em: /app/temp/20261005084955-28_sem_os_2/G20C11/G20C11-[13, 18].txt
2026-10-05T08:50:05.171-03:00  INFO 15156 --- [topomanager] [tomcat-handler-7] b.c.s.t.service.IdentificadorService     : ✅ Arquivo TXT gravado com sucesso em: /app/temp/20261005084955-28_sem_os_2/G20C11/G20C11-[13, 20].txt
2026-10-05T08:50:05.172-03:00  INFO 15156 --- [topomanager] [tomcat-handler-7] b.c.s.t.service.IdentificadorService     : ✅ Arquivo TXT gravado com sucesso em: /app/temp/20261005084955-28_sem_os_2/G20C11/G20C11-[13, 23].txt
2026-10-05T08:50:05.172-03:00  INFO 15156 --- [topomanager] [tomcat-handler-7] b.c.s.t.service.IdentificadorService     : ✅ Arquivo TXT gravado com sucesso em: /app/temp/20261005084955-28_sem_os_2/G20C11/G20C11-[13, 25].txt
2026-10-05T08:50:05.173-03:00  INFO 15156 --- [topomanager] [tomcat-handler-7] b.c.s.t.service.IdentificadorService     : ✅ Arquivo TXT gravado com sucesso em: /app/temp/20261005084955-28_sem_os_2/G20C11/G20C11-[14, 18].txt
2026-10-05T08:50:05.174-03:00  INFO 15156 --- [topomanager] [tomcat-handler-7] b.c.s.t.service.IdentificadorService     : ✅ Arquivo TXT gravado com sucesso em: /app/temp/20261005084955-28_sem_os_2/G20C11/G20C11-[14, 20].txt
2026-10-05T08:50:05.174-03:00  INFO 15156 --- [topomanager] [tomcat-handler-7] b.c.s.t.service.IdentificadorService     : ✅ Arquivo TXT gravado com sucesso em: /app/temp/20261005084955-28_sem_os_2/G20C11/G20C11-[14, 23].txt
2026-10-05T08:50:05.175-03:00  INFO 15156 --- [topomanager] [tomcat-handler-7] b.c.s.t.service.IdentificadorService     : ✅ Arquivo TXT gravado com sucesso em: /app/temp/20261005084955-28_sem_os_2/G20C11/G20C11-[14, 25].txt
2026-10-05T08:50:05.176-03:00  INFO 15156 --- [topomanager] [tomcat-handler-7] b.c.s.t.service.IdentificadorService     : ✅ Arquivo TXT gravado com sucesso em: /app/temp/20261005084955-28_sem_os_2/G20C11/G20C11-[18, 20].txt
2026-10-05T08:50:05.176-03:00  INFO 15156 --- [topomanager] [tomcat-handler-7] b.c.s.t.service.IdentificadorService     : ✅ Arquivo TXT gravado com sucesso em: /app/temp/20261005084955-28_sem_os_2/G20C11/G20C11-[18, 23].txt
2026-10-05T08:50:05.177-03:00  INFO 15156 --- [topomanager] [tomcat-handler-7] b.c.s.t.service.IdentificadorService     : ✅ Arquivo TXT gravado com sucesso em: /app/temp/20261005084955-28_sem_os_2/G20C11/G20C11-[18, 25].txt
2026-10-05T08:50:05.178-03:00  INFO 15156 --- [topomanager] [tomcat-handler-7] b.c.s.t.service.IdentificadorService     : ✅ Arquivo TXT gravado com sucesso em: /app/temp/20261005084955-28_sem_os_2/G20C11/G20C11-[20, 23].txt
2026-10-05T08:50:05.178-03:00  INFO 15156 --- [topomanager] [tomcat-handler-7] b.c.s.t.service.IdentificadorService     : ✅ Arquivo TXT gravado com sucesso em: /app/temp/20261005084955-28_sem_os_2/G20C11/G20C11-[20, 25].txt
2026-10-05T08:50:05.179-03:00  INFO 15156 --- [topomanager] [tomcat-handler-7] b.c.s.t.service.IdentificadorService     : ✅ Arquivo TXT gravado com sucesso em: /app/temp/20261005084955-28_sem_os_2/G20C11/G20C11-[23, 25].txt
2026-10-05T08:50:05.179-03:00  INFO 15156 --- [topomanager] [tomcat-handler-7] b.c.s.t.service.IdentificadorService     : ✅ Arquivo TXT gravado com sucesso em: /app/temp/20261005084955-28_sem_os_2/G20C12/G20C12-[3, 6].txt
2026-10-05T08:50:05.180-03:00  INFO 15156 --- [topomanager] [tomcat-handler-7] b.c.s.t.service.IdentificadorService     : ✅ Arquivo TXT gravado com sucesso em: /app/temp/20261005084955-28_sem_os_2/G20C12/G20C12-[3, 9].txt
2026-10-05T08:50:05.181-03:00  INFO 15156 --- [topomanager] [tomcat-handler-7] b.c.s.t.service.IdentificadorService     : ✅ Arquivo TXT gravado com sucesso em: /app/temp/20261005084955-28_sem_os_2/G20C12/G20C12-[3, 11].txt
2026-10-05T08:50:05.181-03:00  INFO 15156 --- [topomanager] [tomcat-handler-7] b.c.s.t.service.IdentificadorService     : ✅ Arquivo TXT gravado com sucesso em: /app/temp/20261005084955-28_sem_os_2/G20C12/G20C12-[3, 13].txt
2026-10-05T08:50:05.182-03:00  INFO 15156 --- [topomanager] [tomcat-handler-7] b.c.s.t.service.IdentificadorService     : ✅ Arquivo TXT gravado com sucesso em: /app/temp/20261005084955-28_sem_os_2/G20C12/G20C12-[3, 14].txt
2026-10-05T08:50:05.184-03:00  INFO 15156 --- [topomanager] [tomcat-handler-7] b.c.s.t.service.IdentificadorService     : ✅ Arquivo TXT gravado com sucesso em: /app/temp/20261005084955-28_sem_os_2/G20C12/G20C12-[3, 18].txt
2026-10-05T08:50:05.185-03:00  INFO 15156 --- [topomanager] [tomcat-handler-7] b.c.s.t.service.IdentificadorService     : ✅ Arquivo TXT gravado com sucesso em: /app/temp/20261005084955-28_sem_os_2/G20C12/G20C12-[3, 20].txt
2026-10-05T08:50:05.185-03:00  INFO 15156 --- [topomanager] [tomcat-handler-7] b.c.s.t.service.IdentificadorService     : ✅ Arquivo TXT gravado com sucesso em: /app/temp/20261005084955-28_sem_os_2/G20C12/G20C12-[3, 23].txt
2026-10-05T08:50:05.186-03:00  INFO 15156 --- [topomanager] [tomcat-handler-7] b.c.s.t.service.IdentificadorService     : ✅ Arquivo TXT gravado com sucesso em: /app/temp/20261005084955-28_sem_os_2/G20C12/G20C12-[3, 24].txt
2026-10-05T08:50:05.186-03:00  INFO 15156 --- [topomanager] [tomcat-handler-7] b.c.s.t.service.IdentificadorService     : ✅ Arquivo TXT gravado com sucesso em: /app/temp/20261005084955-28_sem_os_2/G20C12/G20C12-[3, 25].txt
2026-10-05T08:50:05.187-03:00  INFO 15156 --- [topomanager] [tomcat-handler-7] b.c.s.t.service.IdentificadorService     : ✅ Arquivo TXT gravado com sucesso em: /app/temp/20261005084955-28_sem_os_2/G20C12/G20C12-[6, 9].txt
2026-10-05T08:50:05.188-03:00  INFO 15156 --- [topomanager] [tomcat-handler-7] b.c.s.t.service.IdentificadorService     : ✅ Arquivo TXT gravado com sucesso em: /app/temp/20261005084955-28_sem_os_2/G20C12/G20C12-[6, 11].txt
2026-10-05T08:50:05.188-03:00  INFO 15156 --- [topomanager] [tomcat-handler-7] b.c.s.t.service.IdentificadorService     : ✅ Arquivo TXT gravado com sucesso em: /app/temp/20261005084955-28_sem_os_2/G20C12/G20C12-[6, 13].txt
2026-10-05T08:50:05.189-03:00  INFO 15156 --- [topomanager] [tomcat-handler-7] b.c.s.t.service.IdentificadorService     : ✅ Arquivo TXT gravado com sucesso em: /app/temp/20261005084955-28_sem_os_2/G20C12/G20C12-[6, 14].txt
2026-10-05T08:50:05.190-03:00  INFO 15156 --- [topomanager] [tomcat-handler-7] b.c.s.t.service.IdentificadorService     : ✅ Arquivo TXT gravado com sucesso em: /app/temp/20261005084955-28_sem_os_2/G20C12/G20C12-[6, 18].txt
2026-10-05T08:50:05.190-03:00  INFO 15156 --- [topomanager] [tomcat-handler-7] b.c.s.t.service.IdentificadorService     : ✅ Arquivo TXT gravado com sucesso em: /app/temp/20261005084955-28_sem_os_2/G20C12/G20C12-[6, 20].txt
2026-10-05T08:50:05.190-03:00  INFO 15156 --- [topomanager] [tomcat-handler-7] b.c.s.t.service.IdentificadorService     : ✅ Arquivo TXT gravado com sucesso em: /app/temp/20261005084955-28_sem_os_2/G20C12/G20C12-[6, 23].txt
2026-10-05T08:50:05.193-03:00  INFO 15156 --- [topomanager] [tomcat-handler-7] b.c.s.t.service.IdentificadorService     : ✅ Arquivo TXT gravado com sucesso em: /app/temp/20261005084955-28_sem_os_2/G20C12/G20C12-[6, 24].txt
2026-10-05T08:50:05.193-03:00  INFO 15156 --- [topomanager] [tomcat-handler-7] b.c.s.t.service.IdentificadorService     : ✅ Arquivo TXT gravado com sucesso em: /app/temp/20261005084955-28_sem_os_2/G20C12/G20C12-[6, 25].txt
2026-10-05T08:50:05.194-03:00  INFO 15156 --- [topomanager] [tomcat-handler-7] b.c.s.t.service.IdentificadorService     : ✅ Arquivo TXT gravado com sucesso em: /app/temp/20261005084955-28_sem_os_2/G20C12/G20C12-[9, 11].txt
2026-10-05T08:50:05.194-03:00  INFO 15156 --- [topomanager] [tomcat-handler-7] b.c.s.t.service.IdentificadorService     : ✅ Arquivo TXT gravado com sucesso em: /app/temp/20261005084955-28_sem_os_2/G20C12/G20C12-[9, 13].txt
2026-10-05T08:50:05.195-03:00  INFO 15156 --- [topomanager] [tomcat-handler-7] b.c.s.t.service.IdentificadorService     : ✅ Arquivo TXT gravado com sucesso em: /app/temp/20261005084955-28_sem_os_2/G20C12/G20C12-[9, 14].txt
2026-10-05T08:50:05.196-03:00  INFO 15156 --- [topomanager] [tomcat-handler-7] b.c.s.t.service.IdentificadorService     : ✅ Arquivo TXT gravado com sucesso em: /app/temp/20261005084955-28_sem_os_2/G20C12/G20C12-[9, 18].txt
2026-10-05T08:50:05.197-03:00  INFO 15156 --- [topomanager] [tomcat-handler-7] b.c.s.t.service.IdentificadorService     : ✅ Arquivo TXT gravado com sucesso em: /app/temp/20261005084955-28_sem_os_2/G20C12/G20C12-[9, 20].txt
2026-10-05T08:50:05.197-03:00  INFO 15156 --- [topomanager] [tomcat-handler-7] b.c.s.t.service.IdentificadorService     : ✅ Arquivo TXT gravado com sucesso em: /app/temp/20261005084955-28_sem_os_2/G20C12/G20C12-[9, 23].txt
2026-10-05T08:50:05.198-03:00  INFO 15156 --- [topomanager] [tomcat-handler-7] b.c.s.t.service.IdentificadorService     : ✅ Arquivo TXT gravado com sucesso em: /app/temp/20261005084955-28_sem_os_2/G20C12/G20C12-[9, 24].txt
2026-10-05T08:50:05.199-03:00  INFO 15156 --- [topomanager] [tomcat-handler-7] b.c.s.t.service.IdentificadorService     : ✅ Arquivo TXT gravado com sucesso em: /app/temp/20261005084955-28_sem_os_2/G20C12/G20C12-[9, 25].txt
2026-10-05T08:50:05.199-03:00  INFO 15156 --- [topomanager] [tomcat-handler-7] b.c.s.t.service.IdentificadorService     : ✅ Arquivo TXT gravado com sucesso em: /app/temp/20261005084955-28_sem_os_2/G20C12/G20C12-[11, 13].txt
2026-10-05T08:50:05.200-03:00  INFO 15156 --- [topomanager] [tomcat-handler-7] b.c.s.t.service.IdentificadorService     : ✅ Arquivo TXT gravado com sucesso em: /app/temp/20261005084955-28_sem_os_2/G20C12/G20C12-[11, 14].txt
2026-10-05T08:50:05.201-03:00  INFO 15156 --- [topomanager] [tomcat-handler-7] b.c.s.t.service.IdentificadorService     : ✅ Arquivo TXT gravado com sucesso em: /app/temp/20261005084955-28_sem_os_2/G20C12/G20C12-[11, 18].txt
2026-10-05T08:50:05.201-03:00  INFO 15156 --- [topomanager] [tomcat-handler-7] b.c.s.t.service.IdentificadorService     : ✅ Arquivo TXT gravado com sucesso em: /app/temp/20261005084955-28_sem_os_2/G20C12/G20C12-[11, 20].txt
2026-10-05T08:50:05.203-03:00  INFO 15156 --- [topomanager] [tomcat-handler-7] b.c.s.t.service.IdentificadorService     : ✅ Arquivo TXT gravado com sucesso em: /app/temp/20261005084955-28_sem_os_2/G20C12/G20C12-[11, 23].txt
2026-10-05T08:50:05.204-03:00  INFO 15156 --- [topomanager] [tomcat-handler-7] b.c.s.t.service.IdentificadorService     : ✅ Arquivo TXT gravado com sucesso em: /app/temp/20261005084955-28_sem_os_2/G20C12/G20C12-[11, 24].txt
2026-10-05T08:50:05.205-03:00  INFO 15156 --- [topomanager] [tomcat-handler-7] b.c.s.t.service.IdentificadorService     : ✅ Arquivo TXT gravado com sucesso em: /app/temp/20261005084955-28_sem_os_2/G20C12/G20C12-[11, 25].txt
2026-10-05T08:50:05.205-03:00  INFO 15156 --- [topomanager] [tomcat-handler-7] b.c.s.t.service.IdentificadorService     : ✅ Arquivo TXT gravado com sucesso em: /app/temp/20261005084955-28_sem_os_2/G20C12/G20C12-[13, 14].txt
2026-10-05T08:50:05.206-03:00  INFO 15156 --- [topomanager] [tomcat-handler-7] b.c.s.t.service.IdentificadorService     : ✅ Arquivo TXT gravado com sucesso em: /app/temp/20261005084955-28_sem_os_2/G20C12/G20C12-[13, 18].txt
2026-10-05T08:50:05.207-03:00  INFO 15156 --- [topomanager] [tomcat-handler-7] b.c.s.t.service.IdentificadorService     : ✅ Arquivo TXT gravado com sucesso em: /app/temp/20261005084955-28_sem_os_2/G20C12/G20C12-[13, 20].txt
2026-10-05T08:50:05.207-03:00  INFO 15156 --- [topomanager] [tomcat-handler-7] b.c.s.t.service.IdentificadorService     : ✅ Arquivo TXT gravado com sucesso em: /app/temp/20261005084955-28_sem_os_2/G20C12/G20C12-[13, 23].txt
2026-10-05T08:50:05.208-03:00  INFO 15156 --- [topomanager] [tomcat-handler-7] b.c.s.t.service.IdentificadorService     : ✅ Arquivo TXT gravado com sucesso em: /app/temp/20261005084955-28_sem_os_2/G20C12/G20C12-[13, 24].txt
2026-10-05T08:50:05.209-03:00  INFO 15156 --- [topomanager] [tomcat-handler-7] b.c.s.t.service.IdentificadorService     : ✅ Arquivo TXT gravado com sucesso em: /app/temp/20261005084955-28_sem_os_2/G20C12/G20C12-[13, 25].txt
2026-10-05T08:50:05.209-03:00  INFO 15156 --- [topomanager] [tomcat-handler-7] b.c.s.t.service.IdentificadorService     : ✅ Arquivo TXT gravado com sucesso em: /app/temp/20261005084955-28_sem_os_2/G20C12/G20C12-[14, 18].txt
2026-10-05T08:50:05.210-03:00  INFO 15156 --- [topomanager] [tomcat-handler-7] b.c.s.t.service.IdentificadorService     : ✅ Arquivo TXT gravado com sucesso em: /app/temp/20261005084955-28_sem_os_2/G20C12/G20C12-[14, 20].txt
2026-10-05T08:50:05.211-03:00  INFO 15156 --- [topomanager] [tomcat-handler-7] b.c.s.t.service.IdentificadorService     : ✅ Arquivo TXT gravado com sucesso em: /app/temp/20261005084955-28_sem_os_2/G20C12/G20C12-[14, 23].txt
2026-10-05T08:50:05.211-03:00  INFO 15156 --- [topomanager] [tomcat-handler-7] b.c.s.t.service.IdentificadorService     : ✅ Arquivo TXT gravado com sucesso em: /app/temp/20261005084955-28_sem_os_2/G20C12/G20C12-[14, 24].txt
2026-10-05T08:50:05.212-03:00  INFO 15156 --- [topomanager] [tomcat-handler-7] b.c.s.t.service.IdentificadorService     : ✅ Arquivo TXT gravado com sucesso em: /app/temp/20261005084955-28_sem_os_2/G20C12/G20C12-[14, 25].txt
2026-10-05T08:50:05.212-03:00  INFO 15156 --- [topomanager] [tomcat-handler-7] b.c.s.t.service.IdentificadorService     : ✅ Arquivo TXT gravado com sucesso em: /app/temp/20261005084955-28_sem_os_2/G20C12/G20C12-[18, 20].txt
2026-10-05T08:50:05.213-03:00  INFO 15156 --- [topomanager] [tomcat-handler-7] b.c.s.t.service.IdentificadorService     : ✅ Arquivo TXT gravado com sucesso em: /app/temp/20261005084955-28_sem_os_2/G20C12/G20C12-[18, 23].txt
2026-10-05T08:50:05.213-03:00  INFO 15156 --- [topomanager] [tomcat-handler-7] b.c.s.t.service.IdentificadorService     : ✅ Arquivo TXT gravado com sucesso em: /app/temp/20261005084955-28_sem_os_2/G20C12/G20C12-[18, 24].txt
2026-10-05T08:50:05.214-03:00  INFO 15156 --- [topomanager] [tomcat-handler-7] b.c.s.t.service.IdentificadorService     : ✅ Arquivo TXT gravado com sucesso em: /app/temp/20261005084955-28_sem_os_2/G20C12/G20C12-[18, 25].txt
2026-10-05T08:50:05.215-03:00  INFO 15156 --- [topomanager] [tomcat-handler-7] b.c.s.t.service.IdentificadorService     : ✅ Arquivo TXT gravado com sucesso em: /app/temp/20261005084955-28_sem_os_2/G20C12/G20C12-[20, 23].txt
2026-10-05T08:50:05.215-03:00  INFO 15156 --- [topomanager] [tomcat-handler-7] b.c.s.t.service.IdentificadorService     : ✅ Arquivo TXT gravado com sucesso em: /app/temp/20261005084955-28_sem_os_2/G20C12/G20C12-[20, 24].txt
2026-10-05T08:50:05.216-03:00  INFO 15156 --- [topomanager] [tomcat-handler-7] b.c.s.t.service.IdentificadorService     : ✅ Arquivo TXT gravado com sucesso em: /app/temp/20261005084955-28_sem_os_2/G20C12/G20C12-[20, 25].txt
2026-10-05T08:50:05.217-03:00  INFO 15156 --- [topomanager] [tomcat-handler-7] b.c.s.t.service.IdentificadorService     : ✅ Arquivo TXT gravado com sucesso em: /app/temp/20261005084955-28_sem_os_2/G20C12/G20C12-[23, 24].txt
2026-10-05T08:50:05.217-03:00  INFO 15156 --- [topomanager] [tomcat-handler-7] b.c.s.t.service.IdentificadorService     : ✅ Arquivo TXT gravado com sucesso em: /app/temp/20261005084955-28_sem_os_2/G20C12/G20C12-[23, 25].txt
2026-10-05T08:50:05.218-03:00  INFO 15156 --- [topomanager] [tomcat-handler-7] b.c.s.t.service.IdentificadorService     : ✅ Arquivo TXT gravado com sucesso em: /app/temp/20261005084955-28_sem_os_2/G20C12/G20C12-[24, 25].txt
2026-10-05T08:50:05.218-03:00  INFO 15156 --- [topomanager] [tomcat-handler-7] b.c.s.t.service.IdentificadorService     : ✅ Arquivo TXT gravado com sucesso em: /app/temp/20261005084955-28_sem_os_2/G20C3/G20C3-[3, 5].txt
2026-10-05T08:50:05.220-03:00  INFO 15156 --- [topomanager] [tomcat-handler-7] b.c.s.t.service.IdentificadorService     : ✅ Arquivo TXT gravado com sucesso em: /app/temp/20261005084955-28_sem_os_2/G20C3/G20C3-[3, 6].txt
2026-10-05T08:50:05.220-03:00  INFO 15156 --- [topomanager] [tomcat-handler-7] b.c.s.t.service.IdentificadorService     : ✅ Arquivo TXT gravado com sucesso em: /app/temp/20261005084955-28_sem_os_2/G20C3/G20C3-[3, 9].txt
2026-10-05T08:50:05.221-03:00  INFO 15156 --- [topomanager] [tomcat-handler-7] b.c.s.t.service.IdentificadorService     : ✅ Arquivo TXT gravado com sucesso em: /app/temp/20261005084955-28_sem_os_2/G20C3/G20C3-[3, 11].txt
2026-10-05T08:50:05.221-03:00  INFO 15156 --- [topomanager] [tomcat-handler-7] b.c.s.t.service.IdentificadorService     : ✅ Arquivo TXT gravado com sucesso em: /app/temp/20261005084955-28_sem_os_2/G20C3/G20C3-[3, 13].txt
2026-10-05T08:50:05.222-03:00  INFO 15156 --- [topomanager] [tomcat-handler-7] b.c.s.t.service.IdentificadorService     : ✅ Arquivo TXT gravado com sucesso em: /app/temp/20261005084955-28_sem_os_2/G20C3/G20C3-[3, 14].txt
2026-10-05T08:50:05.223-03:00  INFO 15156 --- [topomanager] [tomcat-handler-7] b.c.s.t.service.IdentificadorService     : ✅ Arquivo TXT gravado com sucesso em: /app/temp/20261005084955-28_sem_os_2/G20C3/G20C3-[3, 20].txt
2026-10-05T08:50:05.223-03:00  INFO 15156 --- [topomanager] [tomcat-handler-7] b.c.s.t.service.IdentificadorService     : ✅ Arquivo TXT gravado com sucesso em: /app/temp/20261005084955-28_sem_os_2/G20C3/G20C3-[3, 23].txt
2026-10-05T08:50:05.224-03:00  INFO 15156 --- [topomanager] [tomcat-handler-7] b.c.s.t.service.IdentificadorService     : ✅ Arquivo TXT gravado com sucesso em: /app/temp/20261005084955-28_sem_os_2/G20C3/G20C3-[3, 24].txt
2026-10-05T08:50:05.226-03:00  INFO 15156 --- [topomanager] [tomcat-handler-7] b.c.s.t.service.IdentificadorService     : ✅ Arquivo TXT gravado com sucesso em: /app/temp/20261005084955-28_sem_os_2/G20C3/G20C3-[3, 25].txt
2026-10-05T08:50:05.226-03:00  INFO 15156 --- [topomanager] [tomcat-handler-7] b.c.s.t.service.IdentificadorService     : ✅ Arquivo TXT gravado com sucesso em: /app/temp/20261005084955-28_sem_os_2/G20C3/G20C3-[5, 6].txt
2026-10-05T08:50:05.227-03:00  INFO 15156 --- [topomanager] [tomcat-handler-7] b.c.s.t.service.IdentificadorService     : ✅ Arquivo TXT gravado com sucesso em: /app/temp/20261005084955-28_sem_os_2/G20C3/G20C3-[5, 9].txt
2026-10-05T08:50:05.227-03:00  INFO 15156 --- [topomanager] [tomcat-handler-7] b.c.s.t.service.IdentificadorService     : ✅ Arquivo TXT gravado com sucesso em: /app/temp/20261005084955-28_sem_os_2/G20C3/G20C3-[5, 11].txt
2026-10-05T08:50:05.228-03:00  INFO 15156 --- [topomanager] [tomcat-handler-7] b.c.s.t.service.IdentificadorService     : ✅ Arquivo TXT gravado com sucesso em: /app/temp/20261005084955-28_sem_os_2/G20C3/G20C3-[5, 13].txt
2026-10-05T08:50:05.229-03:00  INFO 15156 --- [topomanager] [tomcat-handler-7] b.c.s.t.service.IdentificadorService     : ✅ Arquivo TXT gravado com sucesso em: /app/temp/20261005084955-28_sem_os_2/G20C3/G20C3-[5, 14].txt
2026-10-05T08:50:05.229-03:00  INFO 15156 --- [topomanager] [tomcat-handler-7] b.c.s.t.service.IdentificadorService     : ✅ Arquivo TXT gravado com sucesso em: /app/temp/20261005084955-28_sem_os_2/G20C3/G20C3-[5, 20].txt
2026-10-05T08:50:05.230-03:00  INFO 15156 --- [topomanager] [tomcat-handler-7] b.c.s.t.service.IdentificadorService     : ✅ Arquivo TXT gravado com sucesso em: /app/temp/20261005084955-28_sem_os_2/G20C3/G20C3-[5, 23].txt
2026-10-05T08:50:05.230-03:00  INFO 15156 --- [topomanager] [tomcat-handler-7] b.c.s.t.service.IdentificadorService     : ✅ Arquivo TXT gravado com sucesso em: /app/temp/20261005084955-28_sem_os_2/G20C3/G20C3-[5, 24].txt
2026-10-05T08:50:05.231-03:00  INFO 15156 --- [topomanager] [tomcat-handler-7] b.c.s.t.service.IdentificadorService     : ✅ Arquivo TXT gravado com sucesso em: /app/temp/20261005084955-28_sem_os_2/G20C3/G20C3-[5, 25].txt
2026-10-05T08:50:05.231-03:00  INFO 15156 --- [topomanager] [tomcat-handler-7] b.c.s.t.service.IdentificadorService     : ✅ Arquivo TXT gravado com sucesso em: /app/temp/20261005084955-28_sem_os_2/G20C3/G20C3-[6, 9].txt
2026-10-05T08:50:05.232-03:00  INFO 15156 --- [topomanager] [tomcat-handler-7] b.c.s.t.service.IdentificadorService     : ✅ Arquivo TXT gravado com sucesso em: /app/temp/20261005084955-28_sem_os_2/G20C3/G20C3-[6, 11].txt
2026-10-05T08:50:05.233-03:00  INFO 15156 --- [topomanager] [tomcat-handler-7] b.c.s.t.service.IdentificadorService     : ✅ Arquivo TXT gravado com sucesso em: /app/temp/20261005084955-28_sem_os_2/G20C3/G20C3-[6, 13].txt
2026-10-05T08:50:05.233-03:00  INFO 15156 --- [topomanager] [tomcat-handler-7] b.c.s.t.service.IdentificadorService     : ✅ Arquivo TXT gravado com sucesso em: /app/temp/20261005084955-28_sem_os_2/G20C3/G20C3-[6, 14].txt
2026-10-05T08:50:05.234-03:00  INFO 15156 --- [topomanager] [tomcat-handler-7] b.c.s.t.service.IdentificadorService     : ✅ Arquivo TXT gravado com sucesso em: /app/temp/20261005084955-28_sem_os_2/G20C3/G20C3-[6, 20].txt
2026-10-05T08:50:05.235-03:00  INFO 15156 --- [topomanager] [tomcat-handler-7] b.c.s.t.service.IdentificadorService     : ✅ Arquivo TXT gravado com sucesso em: /app/temp/20261005084955-28_sem_os_2/G20C3/G20C3-[6, 23].txt
2026-10-05T08:50:05.235-03:00  INFO 15156 --- [topomanager] [tomcat-handler-7] b.c.s.t.service.IdentificadorService     : ✅ Arquivo TXT gravado com sucesso em: /app/temp/20261005084955-28_sem_os_2/G20C3/G20C3-[6, 24].txt
2026-10-05T08:50:05.236-03:00  INFO 15156 --- [topomanager] [tomcat-handler-7] b.c.s.t.service.IdentificadorService     : ✅ Arquivo TXT gravado com sucesso em: /app/temp/20261005084955-28_sem_os_2/G20C3/G20C3-[6, 25].txt
2026-10-05T08:50:05.236-03:00  INFO 15156 --- [topomanager] [tomcat-handler-7] b.c.s.t.service.IdentificadorService     : ✅ Arquivo TXT gravado com sucesso em: /app/temp/20261005084955-28_sem_os_2/G20C3/G20C3-[9, 11].txt
2026-10-05T08:50:05.237-03:00  INFO 15156 --- [topomanager] [tomcat-handler-7] b.c.s.t.service.IdentificadorService     : ✅ Arquivo TXT gravado com sucesso em: /app/temp/20261005084955-28_sem_os_2/G20C3/G20C3-[9, 13].txt
2026-10-05T08:50:05.238-03:00  INFO 15156 --- [topomanager] [tomcat-handler-7] b.c.s.t.service.IdentificadorService     : ✅ Arquivo TXT gravado com sucesso em: /app/temp/20261005084955-28_sem_os_2/G20C3/G20C3-[9, 14].txt
2026-10-05T08:50:05.238-03:00  INFO 15156 --- [topomanager] [tomcat-handler-7] b.c.s.t.service.IdentificadorService     : ✅ Arquivo TXT gravado com sucesso em: /app/temp/20261005084955-28_sem_os_2/G20C3/G20C3-[9, 20].txt
2026-10-05T08:50:05.239-03:00  INFO 15156 --- [topomanager] [tomcat-handler-7] b.c.s.t.service.IdentificadorService     : ✅ Arquivo TXT gravado com sucesso em: /app/temp/20261005084955-28_sem_os_2/G20C3/G20C3-[9, 23].txt
2026-10-05T08:50:05.240-03:00  INFO 15156 --- [topomanager] [tomcat-handler-7] b.c.s.t.service.IdentificadorService     : ✅ Arquivo TXT gravado com sucesso em: /app/temp/20261005084955-28_sem_os_2/G20C3/G20C3-[9, 24].txt
2026-10-05T08:50:05.241-03:00  INFO 15156 --- [topomanager] [tomcat-handler-7] b.c.s.t.service.IdentificadorService     : ✅ Arquivo TXT gravado com sucesso em: /app/temp/20261005084955-28_sem_os_2/G20C3/G20C3-[9, 25].txt
2026-10-05T08:50:05.241-03:00  INFO 15156 --- [topomanager] [tomcat-handler-7] b.c.s.t.service.IdentificadorService     : ✅ Arquivo TXT gravado com sucesso em: /app/temp/20261005084955-28_sem_os_2/G20C3/G20C3-[11, 13].txt
2026-10-05T08:50:05.242-03:00  INFO 15156 --- [topomanager] [tomcat-handler-7] b.c.s.t.service.IdentificadorService     : ✅ Arquivo TXT gravado com sucesso em: /app/temp/20261005084955-28_sem_os_2/G20C3/G20C3-[11, 14].txt
2026-10-05T08:50:05.242-03:00  INFO 15156 --- [topomanager] [tomcat-handler-7] b.c.s.t.service.IdentificadorService     : ✅ Arquivo TXT gravado com sucesso em: /app/temp/20261005084955-28_sem_os_2/G20C3/G20C3-[11, 20].txt
2026-10-05T08:50:05.243-03:00  INFO 15156 --- [topomanager] [tomcat-handler-7] b.c.s.t.service.IdentificadorService     : ✅ Arquivo TXT gravado com sucesso em: /app/temp/20261005084955-28_sem_os_2/G20C3/G20C3-[11, 23].txt
2026-10-05T08:50:05.244-03:00  INFO 15156 --- [topomanager] [tomcat-handler-7] b.c.s.t.service.IdentificadorService     : ✅ Arquivo TXT gravado com sucesso em: /app/temp/20261005084955-28_sem_os_2/G20C3/G20C3-[11, 24].txt
2026-10-05T08:50:05.244-03:00  INFO 15156 --- [topomanager] [tomcat-handler-7] b.c.s.t.service.IdentificadorService     : ✅ Arquivo TXT gravado com sucesso em: /app/temp/20261005084955-28_sem_os_2/G20C3/G20C3-[11, 25].txt
2026-10-05T08:50:05.245-03:00  INFO 15156 --- [topomanager] [tomcat-handler-7] b.c.s.t.service.IdentificadorService     : ✅ Arquivo TXT gravado com sucesso em: /app/temp/20261005084955-28_sem_os_2/G20C3/G20C3-[13, 14].txt
2026-10-05T08:50:05.247-03:00  INFO 15156 --- [topomanager] [tomcat-handler-7] b.c.s.t.service.IdentificadorService     : ✅ Arquivo TXT gravado com sucesso em: /app/temp/20261005084955-28_sem_os_2/G20C3/G20C3-[13, 20].txt
2026-10-05T08:50:05.248-03:00  INFO 15156 --- [topomanager] [tomcat-handler-7] b.c.s.t.service.IdentificadorService     : ✅ Arquivo TXT gravado com sucesso em: /app/temp/20261005084955-28_sem_os_2/G20C3/G20C3-[13, 23].txt
2026-10-05T08:50:05.248-03:00  INFO 15156 --- [topomanager] [tomcat-handler-7] b.c.s.t.service.IdentificadorService     : ✅ Arquivo TXT gravado com sucesso em: /app/temp/20261005084955-28_sem_os_2/G20C3/G20C3-[13, 24].txt
2026-10-05T08:50:05.249-03:00  INFO 15156 --- [topomanager] [tomcat-handler-7] b.c.s.t.service.IdentificadorService     : ✅ Arquivo TXT gravado com sucesso em: /app/temp/20261005084955-28_sem_os_2/G20C3/G20C3-[13, 25].txt
2026-10-05T08:50:05.250-03:00  INFO 15156 --- [topomanager] [tomcat-handler-7] b.c.s.t.service.IdentificadorService     : ✅ Arquivo TXT gravado com sucesso em: /app/temp/20261005084955-28_sem_os_2/G20C3/G20C3-[14, 20].txt
2026-10-05T08:50:05.250-03:00  INFO 15156 --- [topomanager] [tomcat-handler-7] b.c.s.t.service.IdentificadorService     : ✅ Arquivo TXT gravado com sucesso em: /app/temp/20261005084955-28_sem_os_2/G20C3/G20C3-[14, 23].txt
2026-10-05T08:50:05.251-03:00  INFO 15156 --- [topomanager] [tomcat-handler-7] b.c.s.t.service.IdentificadorService     : ✅ Arquivo TXT gravado com sucesso em: /app/temp/20261005084955-28_sem_os_2/G20C3/G20C3-[14, 24].txt
2026-10-05T08:50:05.251-03:00  INFO 15156 --- [topomanager] [tomcat-handler-7] b.c.s.t.service.IdentificadorService     : ✅ Arquivo TXT gravado com sucesso em: /app/temp/20261005084955-28_sem_os_2/G20C3/G20C3-[14, 25].txt
2026-10-05T08:50:05.252-03:00  INFO 15156 --- [topomanager] [tomcat-handler-7] b.c.s.t.service.IdentificadorService     : ✅ Arquivo TXT gravado com sucesso em: /app/temp/20261005084955-28_sem_os_2/G20C3/G20C3-[20, 23].txt
2026-10-05T08:50:05.253-03:00  INFO 15156 --- [topomanager] [tomcat-handler-7] b.c.s.t.service.IdentificadorService     : ✅ Arquivo TXT gravado com sucesso em: /app/temp/20261005084955-28_sem_os_2/G20C3/G20C3-[20, 24].txt
2026-10-05T08:50:05.254-03:00  INFO 15156 --- [topomanager] [tomcat-handler-7] b.c.s.t.service.IdentificadorService     : ✅ Arquivo TXT gravado com sucesso em: /app/temp/20261005084955-28_sem_os_2/G20C3/G20C3-[20, 25].txt
2026-10-05T08:50:05.254-03:00  INFO 15156 --- [topomanager] [tomcat-handler-7] b.c.s.t.service.IdentificadorService     : ✅ Arquivo TXT gravado com sucesso em: /app/temp/20261005084955-28_sem_os_2/G20C3/G20C3-[23, 24].txt
2026-10-05T08:50:05.255-03:00  INFO 15156 --- [topomanager] [tomcat-handler-7] b.c.s.t.service.IdentificadorService     : ✅ Arquivo TXT gravado com sucesso em: /app/temp/20261005084955-28_sem_os_2/G20C3/G20C3-[23, 25].txt
2026-10-05T08:50:05.256-03:00  INFO 15156 --- [topomanager] [tomcat-handler-7] b.c.s.t.service.IdentificadorService     : ✅ Arquivo TXT gravado com sucesso em: /app/temp/20261005084955-28_sem_os_2/G20C3/G20C3-[24, 25].txt
2026-10-05T08:50:05.256-03:00  INFO 15156 --- [topomanager] [tomcat-handler-7] b.c.s.t.service.IdentificadorService     : ✅ Arquivo TXT gravado com sucesso em: /app/temp/20261005084955-28_sem_os_2/G4C9/G4C9-[2, 3].txt
2026-10-05T08:50:05.257-03:00  INFO 15156 --- [topomanager] [tomcat-handler-7] b.c.s.t.service.IdentificadorService     : ✅ Arquivo TXT gravado com sucesso em: /app/temp/20261005084955-28_sem_os_2/G4C9/G4C9-[2, 5].txt
2026-10-05T08:50:05.257-03:00  INFO 15156 --- [topomanager] [tomcat-handler-7] b.c.s.t.service.IdentificadorService     : ✅ Arquivo TXT gravado com sucesso em: /app/temp/20261005084955-28_sem_os_2/G4C9/G4C9-[2, 6].txt
2026-10-05T08:50:05.258-03:00  INFO 15156 --- [topomanager] [tomcat-handler-7] b.c.s.t.service.IdentificadorService     : ✅ Arquivo TXT gravado com sucesso em: /app/temp/20261005084955-28_sem_os_2/G4C9/G4C9-[2, 9].txt
2026-10-05T08:50:05.259-03:00  INFO 15156 --- [topomanager] [tomcat-handler-7] b.c.s.t.service.IdentificadorService     : ✅ Arquivo TXT gravado com sucesso em: /app/temp/20261005084955-28_sem_os_2/G4C9/G4C9-[2, 11].txt
2026-10-05T08:50:05.260-03:00  INFO 15156 --- [topomanager] [tomcat-handler-7] b.c.s.t.service.IdentificadorService     : ✅ Arquivo TXT gravado com sucesso em: /app/temp/20261005084955-28_sem_os_2/G4C9/G4C9-[2, 13].txt
2026-10-05T08:50:05.260-03:00  INFO 15156 --- [topomanager] [tomcat-handler-7] b.c.s.t.service.IdentificadorService     : ✅ Arquivo TXT gravado com sucesso em: /app/temp/20261005084955-28_sem_os_2/G4C9/G4C9-[2, 16].txt
2026-10-05T08:50:05.261-03:00  INFO 15156 --- [topomanager] [tomcat-handler-7] b.c.s.t.service.IdentificadorService     : ✅ Arquivo TXT gravado com sucesso em: /app/temp/20261005084955-28_sem_os_2/G4C9/G4C9-[2, 20].txt
2026-10-05T08:50:05.262-03:00  INFO 15156 --- [topomanager] [tomcat-handler-7] b.c.s.t.service.IdentificadorService     : ✅ Arquivo TXT gravado com sucesso em: /app/temp/20261005084955-28_sem_os_2/G4C9/G4C9-[2, 23].txt
2026-10-05T08:50:05.262-03:00  INFO 15156 --- [topomanager] [tomcat-handler-7] b.c.s.t.service.IdentificadorService     : ✅ Arquivo TXT gravado com sucesso em: /app/temp/20261005084955-28_sem_os_2/G4C9/G4C9-[2, 24].txt
2026-10-05T08:50:05.263-03:00  INFO 15156 --- [topomanager] [tomcat-handler-7] b.c.s.t.service.IdentificadorService     : ✅ Arquivo TXT gravado com sucesso em: /app/temp/20261005084955-28_sem_os_2/G4C9/G4C9-[3, 5].txt
2026-10-05T08:50:05.263-03:00  INFO 15156 --- [topomanager] [tomcat-handler-7] b.c.s.t.service.IdentificadorService     : ✅ Arquivo TXT gravado com sucesso em: /app/temp/20261005084955-28_sem_os_2/G4C9/G4C9-[3, 6].txt
2026-10-05T08:50:05.264-03:00  INFO 15156 --- [topomanager] [tomcat-handler-7] b.c.s.t.service.IdentificadorService     : ✅ Arquivo TXT gravado com sucesso em: /app/temp/20261005084955-28_sem_os_2/G4C9/G4C9-[3, 9].txt
2026-10-05T08:50:05.265-03:00  INFO 15156 --- [topomanager] [tomcat-handler-7] b.c.s.t.service.IdentificadorService     : ✅ Arquivo TXT gravado com sucesso em: /app/temp/20261005084955-28_sem_os_2/G4C9/G4C9-[3, 11].txt
2026-10-05T08:50:05.266-03:00  INFO 15156 --- [topomanager] [tomcat-handler-7] b.c.s.t.service.IdentificadorService     : ✅ Arquivo TXT gravado com sucesso em: /app/temp/20261005084955-28_sem_os_2/G4C9/G4C9-[3, 13].txt
2026-10-05T08:50:05.266-03:00  INFO 15156 --- [topomanager] [tomcat-handler-7] b.c.s.t.service.IdentificadorService     : ✅ Arquivo TXT gravado com sucesso em: /app/temp/20261005084955-28_sem_os_2/G4C9/G4C9-[3, 16].txt
2026-10-05T08:50:05.267-03:00  INFO 15156 --- [topomanager] [tomcat-handler-7] b.c.s.t.service.IdentificadorService     : ✅ Arquivo TXT gravado com sucesso em: /app/temp/20261005084955-28_sem_os_2/G4C9/G4C9-[3, 20].txt
2026-10-05T08:50:05.268-03:00  INFO 15156 --- [topomanager] [tomcat-handler-7] b.c.s.t.service.IdentificadorService     : ✅ Arquivo TXT gravado com sucesso em: /app/temp/20261005084955-28_sem_os_2/G4C9/G4C9-[3, 23].txt
2026-10-05T08:50:05.269-03:00  INFO 15156 --- [topomanager] [tomcat-handler-7] b.c.s.t.service.IdentificadorService     : ✅ Arquivo TXT gravado com sucesso em: /app/temp/20261005084955-28_sem_os_2/G4C9/G4C9-[3, 24].txt
2026-10-05T08:50:05.269-03:00  INFO 15156 --- [topomanager] [tomcat-handler-7] b.c.s.t.service.IdentificadorService     : ✅ Arquivo TXT gravado com sucesso em: /app/temp/20261005084955-28_sem_os_2/G4C9/G4C9-[5, 6].txt
2026-10-05T08:50:05.270-03:00  INFO 15156 --- [topomanager] [tomcat-handler-7] b.c.s.t.service.IdentificadorService     : ✅ Arquivo TXT gravado com sucesso em: /app/temp/20261005084955-28_sem_os_2/G4C9/G4C9-[5, 9].txt
2026-10-05T08:50:05.271-03:00  INFO 15156 --- [topomanager] [tomcat-handler-7] b.c.s.t.service.IdentificadorService     : ✅ Arquivo TXT gravado com sucesso em: /app/temp/20261005084955-28_sem_os_2/G4C9/G4C9-[5, 11].txt
2026-10-05T08:50:05.271-03:00  INFO 15156 --- [topomanager] [tomcat-handler-7] b.c.s.t.service.IdentificadorService     : ✅ Arquivo TXT gravado com sucesso em: /app/temp/20261005084955-28_sem_os_2/G4C9/G4C9-[5, 13].txt
2026-10-05T08:50:05.272-03:00  INFO 15156 --- [topomanager] [tomcat-handler-7] b.c.s.t.service.IdentificadorService     : ✅ Arquivo TXT gravado com sucesso em: /app/temp/20261005084955-28_sem_os_2/G4C9/G4C9-[5, 16].txt
2026-10-05T08:50:05.273-03:00  INFO 15156 --- [topomanager] [tomcat-handler-7] b.c.s.t.service.IdentificadorService     : ✅ Arquivo TXT gravado com sucesso em: /app/temp/20261005084955-28_sem_os_2/G4C9/G4C9-[5, 20].txt
2026-10-05T08:50:05.275-03:00  INFO 15156 --- [topomanager] [tomcat-handler-7] b.c.s.t.service.IdentificadorService     : ✅ Arquivo TXT gravado com sucesso em: /app/temp/20261005084955-28_sem_os_2/G4C9/G4C9-[5, 23].txt
2026-10-05T08:50:05.276-03:00  INFO 15156 --- [topomanager] [tomcat-handler-7] b.c.s.t.service.IdentificadorService     : ✅ Arquivo TXT gravado com sucesso em: /app/temp/20261005084955-28_sem_os_2/G4C9/G4C9-[5, 24].txt
2026-10-05T08:50:05.276-03:00  INFO 15156 --- [topomanager] [tomcat-handler-7] b.c.s.t.service.IdentificadorService     : ✅ Arquivo TXT gravado com sucesso em: /app/temp/20261005084955-28_sem_os_2/G4C9/G4C9-[6, 9].txt
2026-10-05T08:50:05.277-03:00  INFO 15156 --- [topomanager] [tomcat-handler-7] b.c.s.t.service.IdentificadorService     : ✅ Arquivo TXT gravado com sucesso em: /app/temp/20261005084955-28_sem_os_2/G4C9/G4C9-[6, 11].txt
2026-10-05T08:50:05.278-03:00  INFO 15156 --- [topomanager] [tomcat-handler-7] b.c.s.t.service.IdentificadorService     : ✅ Arquivo TXT gravado com sucesso em: /app/temp/20261005084955-28_sem_os_2/G4C9/G4C9-[6, 13].txt
2026-10-05T08:50:05.278-03:00  INFO 15156 --- [topomanager] [tomcat-handler-7] b.c.s.t.service.IdentificadorService     : ✅ Arquivo TXT gravado com sucesso em: /app/temp/20261005084955-28_sem_os_2/G4C9/G4C9-[6, 16].txt
2026-10-05T08:50:05.279-03:00  INFO 15156 --- [topomanager] [tomcat-handler-7] b.c.s.t.service.IdentificadorService     : ✅ Arquivo TXT gravado com sucesso em: /app/temp/20261005084955-28_sem_os_2/G4C9/G4C9-[6, 20].txt
2026-10-05T08:50:05.280-03:00  INFO 15156 --- [topomanager] [tomcat-handler-7] b.c.s.t.service.IdentificadorService     : ✅ Arquivo TXT gravado com sucesso em: /app/temp/20261005084955-28_sem_os_2/G4C9/G4C9-[6, 23].txt
2026-10-05T08:50:05.281-03:00  INFO 15156 --- [topomanager] [tomcat-handler-7] b.c.s.t.service.IdentificadorService     : ✅ Arquivo TXT gravado com sucesso em: /app/temp/20261005084955-28_sem_os_2/G4C9/G4C9-[6, 24].txt
2026-10-05T08:50:05.282-03:00  INFO 15156 --- [topomanager] [tomcat-handler-7] b.c.s.t.service.IdentificadorService     : ✅ Arquivo TXT gravado com sucesso em: /app/temp/20261005084955-28_sem_os_2/G4C9/G4C9-[9, 11].txt
2026-10-05T08:50:05.282-03:00  INFO 15156 --- [topomanager] [tomcat-handler-7] b.c.s.t.service.IdentificadorService     : ✅ Arquivo TXT gravado com sucesso em: /app/temp/20261005084955-28_sem_os_2/G4C9/G4C9-[9, 13].txt
2026-10-05T08:50:05.283-03:00  INFO 15156 --- [topomanager] [tomcat-handler-7] b.c.s.t.service.IdentificadorService     : ✅ Arquivo TXT gravado com sucesso em: /app/temp/20261005084955-28_sem_os_2/G4C9/G4C9-[9, 16].txt
2026-10-05T08:50:05.284-03:00  INFO 15156 --- [topomanager] [tomcat-handler-7] b.c.s.t.service.IdentificadorService     : ✅ Arquivo TXT gravado com sucesso em: /app/temp/20261005084955-28_sem_os_2/G4C9/G4C9-[9, 20].txt
2026-10-05T08:50:05.284-03:00  INFO 15156 --- [topomanager] [tomcat-handler-7] b.c.s.t.service.IdentificadorService     : ✅ Arquivo TXT gravado com sucesso em: /app/temp/20261005084955-28_sem_os_2/G4C9/G4C9-[9, 23].txt
2026-10-05T08:50:05.285-03:00  INFO 15156 --- [topomanager] [tomcat-handler-7] b.c.s.t.service.IdentificadorService     : ✅ Arquivo TXT gravado com sucesso em: /app/temp/20261005084955-28_sem_os_2/G4C9/G4C9-[9, 24].txt
2026-10-05T08:50:05.286-03:00  INFO 15156 --- [topomanager] [tomcat-handler-7] b.c.s.t.service.IdentificadorService     : ✅ Arquivo TXT gravado com sucesso em: /app/temp/20261005084955-28_sem_os_2/G4C9/G4C9-[11, 13].txt
2026-10-05T08:50:05.288-03:00  INFO 15156 --- [topomanager] [tomcat-handler-7] b.c.s.t.service.IdentificadorService     : ✅ Arquivo TXT gravado com sucesso em: /app/temp/20261005084955-28_sem_os_2/G4C9/G4C9-[11, 16].txt
2026-10-05T08:50:05.289-03:00  INFO 15156 --- [topomanager] [tomcat-handler-7] b.c.s.t.service.IdentificadorService     : ✅ Arquivo TXT gravado com sucesso em: /app/temp/20261005084955-28_sem_os_2/G4C9/G4C9-[11, 20].txt
2026-10-05T08:50:05.289-03:00  INFO 15156 --- [topomanager] [tomcat-handler-7] b.c.s.t.service.IdentificadorService     : ✅ Arquivo TXT gravado com sucesso em: /app/temp/20261005084955-28_sem_os_2/G4C9/G4C9-[11, 23].txt
2026-10-05T08:50:05.290-03:00  INFO 15156 --- [topomanager] [tomcat-handler-7] b.c.s.t.service.IdentificadorService     : ✅ Arquivo TXT gravado com sucesso em: /app/temp/20261005084955-28_sem_os_2/G4C9/G4C9-[11, 24].txt
2026-10-05T08:50:05.291-03:00  INFO 15156 --- [topomanager] [tomcat-handler-7] b.c.s.t.service.IdentificadorService     : ✅ Arquivo TXT gravado com sucesso em: /app/temp/20261005084955-28_sem_os_2/G4C9/G4C9-[13, 16].txt
2026-10-05T08:50:05.291-03:00  INFO 15156 --- [topomanager] [tomcat-handler-7] b.c.s.t.service.IdentificadorService     : ✅ Arquivo TXT gravado com sucesso em: /app/temp/20261005084955-28_sem_os_2/G4C9/G4C9-[13, 20].txt
2026-10-05T08:50:05.292-03:00  INFO 15156 --- [topomanager] [tomcat-handler-7] b.c.s.t.service.IdentificadorService     : ✅ Arquivo TXT gravado com sucesso em: /app/temp/20261005084955-28_sem_os_2/G4C9/G4C9-[13, 23].txt
2026-10-05T08:50:05.293-03:00  INFO 15156 --- [topomanager] [tomcat-handler-7] b.c.s.t.service.IdentificadorService     : ✅ Arquivo TXT gravado com sucesso em: /app/temp/20261005084955-28_sem_os_2/G4C9/G4C9-[13, 24].txt
2026-10-05T08:50:05.293-03:00  INFO 15156 --- [topomanager] [tomcat-handler-7] b.c.s.t.service.IdentificadorService     : ✅ Arquivo TXT gravado com sucesso em: /app/temp/20261005084955-28_sem_os_2/G4C9/G4C9-[16, 20].txt
2026-10-05T08:50:05.294-03:00  INFO 15156 --- [topomanager] [tomcat-handler-7] b.c.s.t.service.IdentificadorService     : ✅ Arquivo TXT gravado com sucesso em: /app/temp/20261005084955-28_sem_os_2/G4C9/G4C9-[16, 23].txt
2026-10-05T08:50:05.295-03:00  INFO 15156 --- [topomanager] [tomcat-handler-7] b.c.s.t.service.IdentificadorService     : ✅ Arquivo TXT gravado com sucesso em: /app/temp/20261005084955-28_sem_os_2/G4C9/G4C9-[16, 24].txt
2026-10-05T08:50:05.295-03:00  INFO 15156 --- [topomanager] [tomcat-handler-7] b.c.s.t.service.IdentificadorService     : ✅ Arquivo TXT gravado com sucesso em: /app/temp/20261005084955-28_sem_os_2/G4C9/G4C9-[20, 23].txt
2026-10-05T08:50:05.296-03:00  INFO 15156 --- [topomanager] [tomcat-handler-7] b.c.s.t.service.IdentificadorService     : ✅ Arquivo TXT gravado com sucesso em: /app/temp/20261005084955-28_sem_os_2/G4C9/G4C9-[20, 24].txt
2026-10-05T08:50:05.296-03:00  INFO 15156 --- [topomanager] [tomcat-handler-7] b.c.s.t.service.IdentificadorService     : ✅ Arquivo TXT gravado com sucesso em: /app/temp/20261005084955-28_sem_os_2/G4C9/G4C9-[23, 24].txt
2026-10-05T08:50:05.297-03:00  INFO 15156 --- [topomanager] [tomcat-handler-7] b.c.s.t.service.IdentificadorService     : ✅ Arquivo TXT gravado com sucesso em: /app/temp/20261005084955-28_sem_os_2/G20C5/G20C5-[3, 5].txt
2026-10-05T08:50:05.298-03:00  INFO 15156 --- [topomanager] [tomcat-handler-7] b.c.s.t.service.IdentificadorService     : ✅ Arquivo TXT gravado com sucesso em: /app/temp/20261005084955-28_sem_os_2/G20C5/G20C5-[3, 6].txt
2026-10-05T08:50:05.298-03:00  INFO 15156 --- [topomanager] [tomcat-handler-7] b.c.s.t.service.IdentificadorService     : ✅ Arquivo TXT gravado com sucesso em: /app/temp/20261005084955-28_sem_os_2/G20C5/G20C5-[3, 9].txt
2026-10-05T08:50:05.299-03:00  INFO 15156 --- [topomanager] [tomcat-handler-7] b.c.s.t.service.IdentificadorService     : ✅ Arquivo TXT gravado com sucesso em: /app/temp/20261005084955-28_sem_os_2/G20C5/G20C5-[3, 11].txt
2026-10-05T08:50:05.299-03:00  INFO 15156 --- [topomanager] [tomcat-handler-7] b.c.s.t.service.IdentificadorService     : ✅ Arquivo TXT gravado com sucesso em: /app/temp/20261005084955-28_sem_os_2/G20C5/G20C5-[3, 13].txt
2026-10-05T08:50:05.300-03:00  INFO 15156 --- [topomanager] [tomcat-handler-7] b.c.s.t.service.IdentificadorService     : ✅ Arquivo TXT gravado com sucesso em: /app/temp/20261005084955-28_sem_os_2/G20C5/G20C5-[3, 14].txt
2026-10-05T08:50:05.301-03:00  INFO 15156 --- [topomanager] [tomcat-handler-7] b.c.s.t.service.IdentificadorService     : ✅ Arquivo TXT gravado com sucesso em: /app/temp/20261005084955-28_sem_os_2/G20C5/G20C5-[3, 18].txt
2026-10-05T08:50:05.301-03:00  INFO 15156 --- [topomanager] [tomcat-handler-7] b.c.s.t.service.IdentificadorService     : ✅ Arquivo TXT gravado com sucesso em: /app/temp/20261005084955-28_sem_os_2/G20C5/G20C5-[3, 20].txt
2026-10-05T08:50:05.302-03:00  INFO 15156 --- [topomanager] [tomcat-handler-7] b.c.s.t.service.IdentificadorService     : ✅ Arquivo TXT gravado com sucesso em: /app/temp/20261005084955-28_sem_os_2/G20C5/G20C5-[3, 24].txt
2026-10-05T08:50:05.303-03:00  INFO 15156 --- [topomanager] [tomcat-handler-7] b.c.s.t.service.IdentificadorService     : ✅ Arquivo TXT gravado com sucesso em: /app/temp/20261005084955-28_sem_os_2/G20C5/G20C5-[3, 25].txt
2026-10-05T08:50:05.303-03:00  INFO 15156 --- [topomanager] [tomcat-handler-7] b.c.s.t.service.IdentificadorService     : ✅ Arquivo TXT gravado com sucesso em: /app/temp/20261005084955-28_sem_os_2/G20C5/G20C5-[5, 6].txt
2026-10-05T08:50:05.304-03:00  INFO 15156 --- [topomanager] [tomcat-handler-7] b.c.s.t.service.IdentificadorService     : ✅ Arquivo TXT gravado com sucesso em: /app/temp/20261005084955-28_sem_os_2/G20C5/G20C5-[5, 9].txt
2026-10-05T08:50:05.304-03:00  INFO 15156 --- [topomanager] [tomcat-handler-7] b.c.s.t.service.IdentificadorService     : ✅ Arquivo TXT gravado com sucesso em: /app/temp/20261005084955-28_sem_os_2/G20C5/G20C5-[5, 11].txt
2026-10-05T08:50:05.306-03:00  INFO 15156 --- [topomanager] [tomcat-handler-7] b.c.s.t.service.IdentificadorService     : ✅ Arquivo TXT gravado com sucesso em: /app/temp/20261005084955-28_sem_os_2/G20C5/G20C5-[5, 13].txt
2026-10-05T08:50:05.307-03:00  INFO 15156 --- [topomanager] [tomcat-handler-7] b.c.s.t.service.IdentificadorService     : ✅ Arquivo TXT gravado com sucesso em: /app/temp/20261005084955-28_sem_os_2/G20C5/G20C5-[5, 14].txt
2026-10-05T08:50:05.307-03:00  INFO 15156 --- [topomanager] [tomcat-handler-7] b.c.s.t.service.IdentificadorService     : ✅ Arquivo TXT gravado com sucesso em: /app/temp/20261005084955-28_sem_os_2/G20C5/G20C5-[5, 18].txt
2026-10-05T08:50:05.308-03:00  INFO 15156 --- [topomanager] [tomcat-handler-7] b.c.s.t.service.IdentificadorService     : ✅ Arquivo TXT gravado com sucesso em: /app/temp/20261005084955-28_sem_os_2/G20C5/G20C5-[5, 20].txt
2026-10-05T08:50:05.309-03:00  INFO 15156 --- [topomanager] [tomcat-handler-7] b.c.s.t.service.IdentificadorService     : ✅ Arquivo TXT gravado com sucesso em: /app/temp/20261005084955-28_sem_os_2/G20C5/G20C5-[5, 24].txt
2026-10-05T08:50:05.309-03:00  INFO 15156 --- [topomanager] [tomcat-handler-7] b.c.s.t.service.IdentificadorService     : ✅ Arquivo TXT gravado com sucesso em: /app/temp/20261005084955-28_sem_os_2/G20C5/G20C5-[5, 25].txt
2026-10-05T08:50:05.310-03:00  INFO 15156 --- [topomanager] [tomcat-handler-7] b.c.s.t.service.IdentificadorService     : ✅ Arquivo TXT gravado com sucesso em: /app/temp/20261005084955-28_sem_os_2/G20C5/G20C5-[6, 9].txt
2026-10-05T08:50:05.310-03:00  INFO 15156 --- [topomanager] [tomcat-handler-7] b.c.s.t.service.IdentificadorService     : ✅ Arquivo TXT gravado com sucesso em: /app/temp/20261005084955-28_sem_os_2/G20C5/G20C5-[6, 11].txt
2026-10-05T08:50:05.311-03:00  INFO 15156 --- [topomanager] [tomcat-handler-7] b.c.s.t.service.IdentificadorService     : ✅ Arquivo TXT gravado com sucesso em: /app/temp/20261005084955-28_sem_os_2/G20C5/G20C5-[6, 13].txt
2026-10-05T08:50:05.312-03:00  INFO 15156 --- [topomanager] [tomcat-handler-7] b.c.s.t.service.IdentificadorService     : ✅ Arquivo TXT gravado com sucesso em: /app/temp/20261005084955-28_sem_os_2/G20C5/G20C5-[6, 14].txt
2026-10-05T08:50:05.313-03:00  INFO 15156 --- [topomanager] [tomcat-handler-7] b.c.s.t.service.IdentificadorService     : ✅ Arquivo TXT gravado com sucesso em: /app/temp/20261005084955-28_sem_os_2/G20C5/G20C5-[6, 18].txt
2026-10-05T08:50:05.313-03:00  INFO 15156 --- [topomanager] [tomcat-handler-7] b.c.s.t.service.IdentificadorService     : ✅ Arquivo TXT gravado com sucesso em: /app/temp/20261005084955-28_sem_os_2/G20C5/G20C5-[6, 20].txt
2026-10-05T08:50:05.314-03:00  INFO 15156 --- [topomanager] [tomcat-handler-7] b.c.s.t.service.IdentificadorService     : ✅ Arquivo TXT gravado com sucesso em: /app/temp/20261005084955-28_sem_os_2/G20C5/G20C5-[6, 24].txt
2026-10-05T08:50:05.314-03:00  INFO 15156 --- [topomanager] [tomcat-handler-7] b.c.s.t.service.IdentificadorService     : ✅ Arquivo TXT gravado com sucesso em: /app/temp/20261005084955-28_sem_os_2/G20C5/G20C5-[6, 25].txt
2026-10-05T08:50:05.315-03:00  INFO 15156 --- [topomanager] [tomcat-handler-7] b.c.s.t.service.IdentificadorService     : ✅ Arquivo TXT gravado com sucesso em: /app/temp/20261005084955-28_sem_os_2/G20C5/G20C5-[9, 11].txt
2026-10-05T08:50:05.316-03:00  INFO 15156 --- [topomanager] [tomcat-handler-7] b.c.s.t.service.IdentificadorService     : ✅ Arquivo TXT gravado com sucesso em: /app/temp/20261005084955-28_sem_os_2/G20C5/G20C5-[9, 13].txt
2026-10-05T08:50:05.316-03:00  INFO 15156 --- [topomanager] [tomcat-handler-7] b.c.s.t.service.IdentificadorService     : ✅ Arquivo TXT gravado com sucesso em: /app/temp/20261005084955-28_sem_os_2/G20C5/G20C5-[9, 14].txt
2026-10-05T08:50:05.317-03:00  INFO 15156 --- [topomanager] [tomcat-handler-7] b.c.s.t.service.IdentificadorService     : ✅ Arquivo TXT gravado com sucesso em: /app/temp/20261005084955-28_sem_os_2/G20C5/G20C5-[9, 18].txt
2026-10-05T08:50:05.318-03:00  INFO 15156 --- [topomanager] [tomcat-handler-7] b.c.s.t.service.IdentificadorService     : ✅ Arquivo TXT gravado com sucesso em: /app/temp/20261005084955-28_sem_os_2/G20C5/G20C5-[9, 20].txt
2026-10-05T08:50:05.318-03:00  INFO 15156 --- [topomanager] [tomcat-handler-7] b.c.s.t.service.IdentificadorService     : ✅ Arquivo TXT gravado com sucesso em: /app/temp/20261005084955-28_sem_os_2/G20C5/G20C5-[9, 24].txt
2026-10-05T08:50:05.319-03:00  INFO 15156 --- [topomanager] [tomcat-handler-7] b.c.s.t.service.IdentificadorService     : ✅ Arquivo TXT gravado com sucesso em: /app/temp/20261005084955-28_sem_os_2/G20C5/G20C5-[9, 25].txt
2026-10-05T08:50:05.320-03:00  INFO 15156 --- [topomanager] [tomcat-handler-7] b.c.s.t.service.IdentificadorService     : ✅ Arquivo TXT gravado com sucesso em: /app/temp/20261005084955-28_sem_os_2/G20C5/G20C5-[11, 13].txt
2026-10-05T08:50:05.320-03:00  INFO 15156 --- [topomanager] [tomcat-handler-7] b.c.s.t.service.IdentificadorService     : ✅ Arquivo TXT gravado com sucesso em: /app/temp/20261005084955-28_sem_os_2/G20C5/G20C5-[11, 14].txt
2026-10-05T08:50:05.321-03:00  INFO 15156 --- [topomanager] [tomcat-handler-7] b.c.s.t.service.IdentificadorService     : ✅ Arquivo TXT gravado com sucesso em: /app/temp/20261005084955-28_sem_os_2/G20C5/G20C5-[11, 18].txt
2026-10-05T08:50:05.321-03:00  INFO 15156 --- [topomanager] [tomcat-handler-7] b.c.s.t.service.IdentificadorService     : ✅ Arquivo TXT gravado com sucesso em: /app/temp/20261005084955-28_sem_os_2/G20C5/G20C5-[11, 20].txt
2026-10-05T08:50:05.322-03:00  INFO 15156 --- [topomanager] [tomcat-handler-7] b.c.s.t.service.IdentificadorService     : ✅ Arquivo TXT gravado com sucesso em: /app/temp/20261005084955-28_sem_os_2/G20C5/G20C5-[11, 24].txt
2026-10-05T08:50:05.323-03:00  INFO 15156 --- [topomanager] [tomcat-handler-7] b.c.s.t.service.IdentificadorService     : ✅ Arquivo TXT gravado com sucesso em: /app/temp/20261005084955-28_sem_os_2/G20C5/G20C5-[11, 25].txt
2026-10-05T08:50:05.323-03:00  INFO 15156 --- [topomanager] [tomcat-handler-7] b.c.s.t.service.IdentificadorService     : ✅ Arquivo TXT gravado com sucesso em: /app/temp/20261005084955-28_sem_os_2/G20C5/G20C5-[13, 14].txt
2026-10-05T08:50:05.324-03:00  INFO 15156 --- [topomanager] [tomcat-handler-7] b.c.s.t.service.IdentificadorService     : ✅ Arquivo TXT gravado com sucesso em: /app/temp/20261005084955-28_sem_os_2/G20C5/G20C5-[13, 18].txt
2026-10-05T08:50:05.324-03:00  INFO 15156 --- [topomanager] [tomcat-handler-7] b.c.s.t.service.IdentificadorService     : ✅ Arquivo TXT gravado com sucesso em: /app/temp/20261005084955-28_sem_os_2/G20C5/G20C5-[13, 20].txt
2026-10-05T08:50:05.325-03:00  INFO 15156 --- [topomanager] [tomcat-handler-7] b.c.s.t.service.IdentificadorService     : ✅ Arquivo TXT gravado com sucesso em: /app/temp/20261005084955-28_sem_os_2/G20C5/G20C5-[13, 24].txt
2026-10-05T08:50:05.326-03:00  INFO 15156 --- [topomanager] [tomcat-handler-7] b.c.s.t.service.IdentificadorService     : ✅ Arquivo TXT gravado com sucesso em: /app/temp/20261005084955-28_sem_os_2/G20C5/G20C5-[13, 25].txt
2026-10-05T08:50:05.326-03:00  INFO 15156 --- [topomanager] [tomcat-handler-7] b.c.s.t.service.IdentificadorService     : ✅ Arquivo TXT gravado com sucesso em: /app/temp/20261005084955-28_sem_os_2/G20C5/G20C5-[14, 18].txt
2026-10-05T08:50:05.327-03:00  INFO 15156 --- [topomanager] [tomcat-handler-7] b.c.s.t.service.IdentificadorService     : ✅ Arquivo TXT gravado com sucesso em: /app/temp/20261005084955-28_sem_os_2/G20C5/G20C5-[14, 20].txt
2026-10-05T08:50:05.328-03:00  INFO 15156 --- [topomanager] [tomcat-handler-7] b.c.s.t.service.IdentificadorService     : ✅ Arquivo TXT gravado com sucesso em: /app/temp/20261005084955-28_sem_os_2/G20C5/G20C5-[14, 24].txt
2026-10-05T08:50:05.328-03:00  INFO 15156 --- [topomanager] [tomcat-handler-7] b.c.s.t.service.IdentificadorService     : ✅ Arquivo TXT gravado com sucesso em: /app/temp/20261005084955-28_sem_os_2/G20C5/G20C5-[14, 25].txt
2026-10-05T08:50:05.329-03:00  INFO 15156 --- [topomanager] [tomcat-handler-7] b.c.s.t.service.IdentificadorService     : ✅ Arquivo TXT gravado com sucesso em: /app/temp/20261005084955-28_sem_os_2/G20C5/G20C5-[18, 20].txt
2026-10-05T08:50:05.330-03:00  INFO 15156 --- [topomanager] [tomcat-handler-7] b.c.s.t.service.IdentificadorService     : ✅ Arquivo TXT gravado com sucesso em: /app/temp/20261005084955-28_sem_os_2/G20C5/G20C5-[18, 24].txt
2026-10-05T08:50:05.331-03:00  INFO 15156 --- [topomanager] [tomcat-handler-7] b.c.s.t.service.IdentificadorService     : ✅ Arquivo TXT gravado com sucesso em: /app/temp/20261005084955-28_sem_os_2/G20C5/G20C5-[18, 25].txt
2026-10-05T08:50:05.331-03:00  INFO 15156 --- [topomanager] [tomcat-handler-7] b.c.s.t.service.IdentificadorService     : ✅ Arquivo TXT gravado com sucesso em: /app/temp/20261005084955-28_sem_os_2/G20C5/G20C5-[20, 24].txt
2026-10-05T08:50:05.332-03:00  INFO 15156 --- [topomanager] [tomcat-handler-7] b.c.s.t.service.IdentificadorService     : ✅ Arquivo TXT gravado com sucesso em: /app/temp/20261005084955-28_sem_os_2/G20C5/G20C5-[20, 25].txt
2026-10-05T08:50:05.333-03:00  INFO 15156 --- [topomanager] [tomcat-handler-7] b.c.s.t.service.IdentificadorService     : ✅ Arquivo TXT gravado com sucesso em: /app/temp/20261005084955-28_sem_os_2/G20C5/G20C5-[24, 25].txt
2026-10-05T08:50:05.333-03:00  INFO 15156 --- [topomanager] [tomcat-handler-7] b.c.s.t.service.IdentificadorService     : ✅ Arquivo TXT gravado com sucesso em: /app/temp/20261005084955-28_sem_os_2/G16C2/G16C2-[3, 5].txt
2026-10-05T08:50:05.334-03:00  INFO 15156 --- [topomanager] [tomcat-handler-7] b.c.s.t.service.IdentificadorService     : ✅ Arquivo TXT gravado com sucesso em: /app/temp/20261005084955-28_sem_os_2/G16C2/G16C2-[3, 6].txt
2026-10-05T08:50:05.335-03:00  INFO 15156 --- [topomanager] [tomcat-handler-7] b.c.s.t.service.IdentificadorService     : ✅ Arquivo TXT gravado com sucesso em: /app/temp/20261005084955-28_sem_os_2/G16C2/G16C2-[3, 9].txt
2026-10-05T08:50:05.336-03:00  INFO 15156 --- [topomanager] [tomcat-handler-7] b.c.s.t.service.IdentificadorService     : ✅ Arquivo TXT gravado com sucesso em: /app/temp/20261005084955-28_sem_os_2/G16C2/G16C2-[3, 10].txt
2026-10-05T08:50:05.336-03:00  INFO 15156 --- [topomanager] [tomcat-handler-7] b.c.s.t.service.IdentificadorService     : ✅ Arquivo TXT gravado com sucesso em: /app/temp/20261005084955-28_sem_os_2/G16C2/G16C2-[3, 11].txt
2026-10-05T08:50:05.338-03:00  INFO 15156 --- [topomanager] [tomcat-handler-7] b.c.s.t.service.IdentificadorService     : ✅ Arquivo TXT gravado com sucesso em: /app/temp/20261005084955-28_sem_os_2/G16C2/G16C2-[3, 13].txt
2026-10-05T08:50:05.339-03:00  INFO 15156 --- [topomanager] [tomcat-handler-7] b.c.s.t.service.IdentificadorService     : ✅ Arquivo TXT gravado com sucesso em: /app/temp/20261005084955-28_sem_os_2/G16C2/G16C2-[3, 18].txt
2026-10-05T08:50:05.340-03:00  INFO 15156 --- [topomanager] [tomcat-handler-7] b.c.s.t.service.IdentificadorService     : ✅ Arquivo TXT gravado com sucesso em: /app/temp/20261005084955-28_sem_os_2/G16C2/G16C2-[3, 20].txt
2026-10-05T08:50:05.340-03:00  INFO 15156 --- [topomanager] [tomcat-handler-7] b.c.s.t.service.IdentificadorService     : ✅ Arquivo TXT gravado com sucesso em: /app/temp/20261005084955-28_sem_os_2/G16C2/G16C2-[3, 23].txt
2026-10-05T08:50:05.341-03:00  INFO 15156 --- [topomanager] [tomcat-handler-7] b.c.s.t.service.IdentificadorService     : ✅ Arquivo TXT gravado com sucesso em: /app/temp/20261005084955-28_sem_os_2/G16C2/G16C2-[3, 25].txt
2026-10-05T08:50:05.342-03:00  INFO 15156 --- [topomanager] [tomcat-handler-7] b.c.s.t.service.IdentificadorService     : ✅ Arquivo TXT gravado com sucesso em: /app/temp/20261005084955-28_sem_os_2/G16C2/G16C2-[5, 6].txt
2026-10-05T08:50:05.342-03:00  INFO 15156 --- [topomanager] [tomcat-handler-7] b.c.s.t.service.IdentificadorService     : ✅ Arquivo TXT gravado com sucesso em: /app/temp/20261005084955-28_sem_os_2/G16C2/G16C2-[5, 9].txt
2026-10-05T08:50:05.343-03:00  INFO 15156 --- [topomanager] [tomcat-handler-7] b.c.s.t.service.IdentificadorService     : ✅ Arquivo TXT gravado com sucesso em: /app/temp/20261005084955-28_sem_os_2/G16C2/G16C2-[5, 10].txt
2026-10-05T08:50:05.344-03:00  INFO 15156 --- [topomanager] [tomcat-handler-7] b.c.s.t.service.IdentificadorService     : ✅ Arquivo TXT gravado com sucesso em: /app/temp/20261005084955-28_sem_os_2/G16C2/G16C2-[5, 11].txt
2026-10-05T08:50:05.344-03:00  INFO 15156 --- [topomanager] [tomcat-handler-7] b.c.s.t.service.IdentificadorService     : ✅ Arquivo TXT gravado com sucesso em: /app/temp/20261005084955-28_sem_os_2/G16C2/G16C2-[5, 13].txt
2026-10-05T08:50:05.345-03:00  INFO 15156 --- [topomanager] [tomcat-handler-7] b.c.s.t.service.IdentificadorService     : ✅ Arquivo TXT gravado com sucesso em: /app/temp/20261005084955-28_sem_os_2/G16C2/G16C2-[5, 18].txt
2026-10-05T08:50:05.345-03:00  INFO 15156 --- [topomanager] [tomcat-handler-7] b.c.s.t.service.IdentificadorService     : ✅ Arquivo TXT gravado com sucesso em: /app/temp/20261005084955-28_sem_os_2/G16C2/G16C2-[5, 20].txt
2026-10-05T08:50:05.347-03:00  INFO 15156 --- [topomanager] [tomcat-handler-7] b.c.s.t.service.IdentificadorService     : ✅ Arquivo TXT gravado com sucesso em: /app/temp/20261005084955-28_sem_os_2/G16C2/G16C2-[5, 23].txt
2026-10-05T08:50:05.348-03:00  INFO 15156 --- [topomanager] [tomcat-handler-7] b.c.s.t.service.IdentificadorService     : ✅ Arquivo TXT gravado com sucesso em: /app/temp/20261005084955-28_sem_os_2/G16C2/G16C2-[5, 25].txt
2026-10-05T08:50:05.349-03:00  INFO 15156 --- [topomanager] [tomcat-handler-7] b.c.s.t.service.IdentificadorService     : ✅ Arquivo TXT gravado com sucesso em: /app/temp/20261005084955-28_sem_os_2/G16C2/G16C2-[6, 9].txt
2026-10-05T08:50:05.349-03:00  INFO 15156 --- [topomanager] [tomcat-handler-7] b.c.s.t.service.IdentificadorService     : ✅ Arquivo TXT gravado com sucesso em: /app/temp/20261005084955-28_sem_os_2/G16C2/G16C2-[6, 10].txt
2026-10-05T08:50:05.350-03:00  INFO 15156 --- [topomanager] [tomcat-handler-7] b.c.s.t.service.IdentificadorService     : ✅ Arquivo TXT gravado com sucesso em: /app/temp/20261005084955-28_sem_os_2/G16C2/G16C2-[6, 11].txt
2026-10-05T08:50:05.351-03:00  INFO 15156 --- [topomanager] [tomcat-handler-7] b.c.s.t.service.IdentificadorService     : ✅ Arquivo TXT gravado com sucesso em: /app/temp/20261005084955-28_sem_os_2/G16C2/G16C2-[6, 13].txt
2026-10-05T08:50:05.351-03:00  INFO 15156 --- [topomanager] [tomcat-handler-7] b.c.s.t.service.IdentificadorService     : ✅ Arquivo TXT gravado com sucesso em: /app/temp/20261005084955-28_sem_os_2/G16C2/G16C2-[6, 18].txt
2026-10-05T08:50:05.352-03:00  INFO 15156 --- [topomanager] [tomcat-handler-7] b.c.s.t.service.IdentificadorService     : ✅ Arquivo TXT gravado com sucesso em: /app/temp/20261005084955-28_sem_os_2/G16C2/G16C2-[6, 20].txt
2026-10-05T08:50:05.352-03:00  INFO 15156 --- [topomanager] [tomcat-handler-7] b.c.s.t.service.IdentificadorService     : ✅ Arquivo TXT gravado com sucesso em: /app/temp/20261005084955-28_sem_os_2/G16C2/G16C2-[6, 23].txt
2026-10-05T08:50:05.353-03:00  INFO 15156 --- [topomanager] [tomcat-handler-7] b.c.s.t.service.IdentificadorService     : ✅ Arquivo TXT gravado com sucesso em: /app/temp/20261005084955-28_sem_os_2/G16C2/G16C2-[6, 25].txt
2026-10-05T08:50:05.354-03:00  INFO 15156 --- [topomanager] [tomcat-handler-7] b.c.s.t.service.IdentificadorService     : ✅ Arquivo TXT gravado com sucesso em: /app/temp/20261005084955-28_sem_os_2/G16C2/G16C2-[9, 10].txt
2026-10-05T08:50:05.354-03:00  INFO 15156 --- [topomanager] [tomcat-handler-7] b.c.s.t.service.IdentificadorService     : ✅ Arquivo TXT gravado com sucesso em: /app/temp/20261005084955-28_sem_os_2/G16C2/G16C2-[9, 11].txt
2026-10-05T08:50:05.355-03:00  INFO 15156 --- [topomanager] [tomcat-handler-7] b.c.s.t.service.IdentificadorService     : ✅ Arquivo TXT gravado com sucesso em: /app/temp/20261005084955-28_sem_os_2/G16C2/G16C2-[9, 13].txt
2026-10-05T08:50:05.355-03:00  INFO 15156 --- [topomanager] [tomcat-handler-7] b.c.s.t.service.IdentificadorService     : ✅ Arquivo TXT gravado com sucesso em: /app/temp/20261005084955-28_sem_os_2/G16C2/G16C2-[9, 18].txt
2026-10-05T08:50:05.355-03:00  INFO 15156 --- [topomanager] [tomcat-handler-7] b.c.s.t.service.IdentificadorService     : ✅ Arquivo TXT gravado com sucesso em: /app/temp/20261005084955-28_sem_os_2/G16C2/G16C2-[9, 20].txt
2026-10-05T08:50:05.356-03:00  INFO 15156 --- [topomanager] [tomcat-handler-7] b.c.s.t.service.IdentificadorService     : ✅ Arquivo TXT gravado com sucesso em: /app/temp/20261005084955-28_sem_os_2/G16C2/G16C2-[9, 23].txt
2026-10-05T08:50:05.357-03:00  INFO 15156 --- [topomanager] [tomcat-handler-7] b.c.s.t.service.IdentificadorService     : ✅ Arquivo TXT gravado com sucesso em: /app/temp/20261005084955-28_sem_os_2/G16C2/G16C2-[9, 25].txt
2026-10-05T08:50:05.357-03:00  INFO 15156 --- [topomanager] [tomcat-handler-7] b.c.s.t.service.IdentificadorService     : ✅ Arquivo TXT gravado com sucesso em: /app/temp/20261005084955-28_sem_os_2/G16C2/G16C2-[10, 11].txt
2026-10-05T08:50:05.358-03:00  INFO 15156 --- [topomanager] [tomcat-handler-7] b.c.s.t.service.IdentificadorService     : ✅ Arquivo TXT gravado com sucesso em: /app/temp/20261005084955-28_sem_os_2/G16C2/G16C2-[10, 13].txt
2026-10-05T08:50:05.359-03:00  INFO 15156 --- [topomanager] [tomcat-handler-7] b.c.s.t.service.IdentificadorService     : ✅ Arquivo TXT gravado com sucesso em: /app/temp/20261005084955-28_sem_os_2/G16C2/G16C2-[10, 18].txt
2026-10-05T08:50:05.359-03:00  INFO 15156 --- [topomanager] [tomcat-handler-7] b.c.s.t.service.IdentificadorService     : ✅ Arquivo TXT gravado com sucesso em: /app/temp/20261005084955-28_sem_os_2/G16C2/G16C2-[10, 20].txt
2026-10-05T08:50:05.360-03:00  INFO 15156 --- [topomanager] [tomcat-handler-7] b.c.s.t.service.IdentificadorService     : ✅ Arquivo TXT gravado com sucesso em: /app/temp/20261005084955-28_sem_os_2/G16C2/G16C2-[10, 23].txt
2026-10-05T08:50:05.361-03:00  INFO 15156 --- [topomanager] [tomcat-handler-7] b.c.s.t.service.IdentificadorService     : ✅ Arquivo TXT gravado com sucesso em: /app/temp/20261005084955-28_sem_os_2/G16C2/G16C2-[10, 25].txt
2026-10-05T08:50:05.361-03:00  INFO 15156 --- [topomanager] [tomcat-handler-7] b.c.s.t.service.IdentificadorService     : ✅ Arquivo TXT gravado com sucesso em: /app/temp/20261005084955-28_sem_os_2/G16C2/G16C2-[11, 13].txt
2026-10-05T08:50:05.362-03:00  INFO 15156 --- [topomanager] [tomcat-handler-7] b.c.s.t.service.IdentificadorService     : ✅ Arquivo TXT gravado com sucesso em: /app/temp/20261005084955-28_sem_os_2/G16C2/G16C2-[11, 18].txt
2026-10-05T08:50:05.362-03:00  INFO 15156 --- [topomanager] [tomcat-handler-7] b.c.s.t.service.IdentificadorService     : ✅ Arquivo TXT gravado com sucesso em: /app/temp/20261005084955-28_sem_os_2/G16C2/G16C2-[11, 20].txt
2026-10-05T08:50:05.363-03:00  INFO 15156 --- [topomanager] [tomcat-handler-7] b.c.s.t.service.IdentificadorService     : ✅ Arquivo TXT gravado com sucesso em: /app/temp/20261005084955-28_sem_os_2/G16C2/G16C2-[11, 23].txt
2026-10-05T08:50:05.363-03:00  INFO 15156 --- [topomanager] [tomcat-handler-7] b.c.s.t.service.IdentificadorService     : ✅ Arquivo TXT gravado com sucesso em: /app/temp/20261005084955-28_sem_os_2/G16C2/G16C2-[11, 25].txt
2026-10-05T08:50:05.366-03:00  INFO 15156 --- [topomanager] [tomcat-handler-7] b.c.s.t.service.IdentificadorService     : ✅ Arquivo TXT gravado com sucesso em: /app/temp/20261005084955-28_sem_os_2/G16C2/G16C2-[13, 18].txt
2026-10-05T08:50:05.367-03:00  INFO 15156 --- [topomanager] [tomcat-handler-7] b.c.s.t.service.IdentificadorService     : ✅ Arquivo TXT gravado com sucesso em: /app/temp/20261005084955-28_sem_os_2/G16C2/G16C2-[13, 20].txt
2026-10-05T08:50:05.367-03:00  INFO 15156 --- [topomanager] [tomcat-handler-7] b.c.s.t.service.IdentificadorService     : ✅ Arquivo TXT gravado com sucesso em: /app/temp/20261005084955-28_sem_os_2/G16C2/G16C2-[13, 23].txt
2026-10-05T08:50:05.368-03:00  INFO 15156 --- [topomanager] [tomcat-handler-7] b.c.s.t.service.IdentificadorService     : ✅ Arquivo TXT gravado com sucesso em: /app/temp/20261005084955-28_sem_os_2/G16C2/G16C2-[13, 25].txt
2026-10-05T08:50:05.368-03:00  INFO 15156 --- [topomanager] [tomcat-handler-7] b.c.s.t.service.IdentificadorService     : ✅ Arquivo TXT gravado com sucesso em: /app/temp/20261005084955-28_sem_os_2/G16C2/G16C2-[18, 20].txt
2026-10-05T08:50:05.369-03:00  INFO 15156 --- [topomanager] [tomcat-handler-7] b.c.s.t.service.IdentificadorService     : ✅ Arquivo TXT gravado com sucesso em: /app/temp/20261005084955-28_sem_os_2/G16C2/G16C2-[18, 23].txt
2026-10-05T08:50:05.370-03:00  INFO 15156 --- [topomanager] [tomcat-handler-7] b.c.s.t.service.IdentificadorService     : ✅ Arquivo TXT gravado com sucesso em: /app/temp/20261005084955-28_sem_os_2/G16C2/G16C2-[18, 25].txt
2026-10-05T08:50:05.371-03:00  INFO 15156 --- [topomanager] [tomcat-handler-7] b.c.s.t.service.IdentificadorService     : ✅ Arquivo TXT gravado com sucesso em: /app/temp/20261005084955-28_sem_os_2/G16C2/G16C2-[20, 23].txt
2026-10-05T08:50:05.372-03:00  INFO 15156 --- [topomanager] [tomcat-handler-7] b.c.s.t.service.IdentificadorService     : ✅ Arquivo TXT gravado com sucesso em: /app/temp/20261005084955-28_sem_os_2/G16C2/G16C2-[20, 25].txt
2026-10-05T08:50:05.372-03:00  INFO 15156 --- [topomanager] [tomcat-handler-7] b.c.s.t.service.IdentificadorService     : ✅ Arquivo TXT gravado com sucesso em: /app/temp/20261005084955-28_sem_os_2/G16C2/G16C2-[23, 25].txt
2026-10-05T08:50:05.373-03:00  INFO 15156 --- [topomanager] [tomcat-handler-7] b.c.s.t.service.IdentificadorService     : ✅ Arquivo TXT gravado com sucesso em: /app/temp/20261005084955-28_sem_os_2/G20C7/G20C7-[3, 5].txt
2026-10-05T08:50:05.374-03:00  INFO 15156 --- [topomanager] [tomcat-handler-7] b.c.s.t.service.IdentificadorService     : ✅ Arquivo TXT gravado com sucesso em: /app/temp/20261005084955-28_sem_os_2/G20C7/G20C7-[3, 6].txt
2026-10-05T08:50:05.374-03:00  INFO 15156 --- [topomanager] [tomcat-handler-7] b.c.s.t.service.IdentificadorService     : ✅ Arquivo TXT gravado com sucesso em: /app/temp/20261005084955-28_sem_os_2/G20C7/G20C7-[3, 9].txt
2026-10-05T08:50:05.375-03:00  INFO 15156 --- [topomanager] [tomcat-handler-7] b.c.s.t.service.IdentificadorService     : ✅ Arquivo TXT gravado com sucesso em: /app/temp/20261005084955-28_sem_os_2/G20C7/G20C7-[3, 11].txt
2026-10-05T08:50:05.375-03:00  INFO 15156 --- [topomanager] [tomcat-handler-7] b.c.s.t.service.IdentificadorService     : ✅ Arquivo TXT gravado com sucesso em: /app/temp/20261005084955-28_sem_os_2/G20C7/G20C7-[3, 13].txt
2026-10-05T08:50:05.376-03:00  INFO 15156 --- [topomanager] [tomcat-handler-7] b.c.s.t.service.IdentificadorService     : ✅ Arquivo TXT gravado com sucesso em: /app/temp/20261005084955-28_sem_os_2/G20C7/G20C7-[3, 14].txt
2026-10-05T08:50:05.377-03:00  INFO 15156 --- [topomanager] [tomcat-handler-7] b.c.s.t.service.IdentificadorService     : ✅ Arquivo TXT gravado com sucesso em: /app/temp/20261005084955-28_sem_os_2/G20C7/G20C7-[3, 18].txt
2026-10-05T08:50:05.377-03:00  INFO 15156 --- [topomanager] [tomcat-handler-7] b.c.s.t.service.IdentificadorService     : ✅ Arquivo TXT gravado com sucesso em: /app/temp/20261005084955-28_sem_os_2/G20C7/G20C7-[3, 20].txt
2026-10-05T08:50:05.378-03:00  INFO 15156 --- [topomanager] [tomcat-handler-7] b.c.s.t.service.IdentificadorService     : ✅ Arquivo TXT gravado com sucesso em: /app/temp/20261005084955-28_sem_os_2/G20C7/G20C7-[3, 23].txt
2026-10-05T08:50:05.379-03:00  INFO 15156 --- [topomanager] [tomcat-handler-7] b.c.s.t.service.IdentificadorService     : ✅ Arquivo TXT gravado com sucesso em: /app/temp/20261005084955-28_sem_os_2/G20C7/G20C7-[3, 24].txt
2026-10-05T08:50:05.379-03:00  INFO 15156 --- [topomanager] [tomcat-handler-7] b.c.s.t.service.IdentificadorService     : ✅ Arquivo TXT gravado com sucesso em: /app/temp/20261005084955-28_sem_os_2/G20C7/G20C7-[5, 6].txt
2026-10-05T08:50:05.380-03:00  INFO 15156 --- [topomanager] [tomcat-handler-7] b.c.s.t.service.IdentificadorService     : ✅ Arquivo TXT gravado com sucesso em: /app/temp/20261005084955-28_sem_os_2/G20C7/G20C7-[5, 9].txt
2026-10-05T08:50:05.380-03:00  INFO 15156 --- [topomanager] [tomcat-handler-7] b.c.s.t.service.IdentificadorService     : ✅ Arquivo TXT gravado com sucesso em: /app/temp/20261005084955-28_sem_os_2/G20C7/G20C7-[5, 11].txt
2026-10-05T08:50:05.381-03:00  INFO 15156 --- [topomanager] [tomcat-handler-7] b.c.s.t.service.IdentificadorService     : ✅ Arquivo TXT gravado com sucesso em: /app/temp/20261005084955-28_sem_os_2/G20C7/G20C7-[5, 13].txt
2026-10-05T08:50:05.382-03:00  INFO 15156 --- [topomanager] [tomcat-handler-7] b.c.s.t.service.IdentificadorService     : ✅ Arquivo TXT gravado com sucesso em: /app/temp/20261005084955-28_sem_os_2/G20C7/G20C7-[5, 14].txt
2026-10-05T08:50:05.383-03:00  INFO 15156 --- [topomanager] [tomcat-handler-7] b.c.s.t.service.IdentificadorService     : ✅ Arquivo TXT gravado com sucesso em: /app/temp/20261005084955-28_sem_os_2/G20C7/G20C7-[5, 18].txt
2026-10-05T08:50:05.383-03:00  INFO 15156 --- [topomanager] [tomcat-handler-7] b.c.s.t.service.IdentificadorService     : ✅ Arquivo TXT gravado com sucesso em: /app/temp/20261005084955-28_sem_os_2/G20C7/G20C7-[5, 20].txt
2026-10-05T08:50:05.384-03:00  INFO 15156 --- [topomanager] [tomcat-handler-7] b.c.s.t.service.IdentificadorService     : ✅ Arquivo TXT gravado com sucesso em: /app/temp/20261005084955-28_sem_os_2/G20C7/G20C7-[5, 23].txt
2026-10-05T08:50:05.384-03:00  INFO 15156 --- [topomanager] [tomcat-handler-7] b.c.s.t.service.IdentificadorService     : ✅ Arquivo TXT gravado com sucesso em: /app/temp/20261005084955-28_sem_os_2/G20C7/G20C7-[5, 24].txt
2026-10-05T08:50:05.385-03:00  INFO 15156 --- [topomanager] [tomcat-handler-7] b.c.s.t.service.IdentificadorService     : ✅ Arquivo TXT gravado com sucesso em: /app/temp/20261005084955-28_sem_os_2/G20C7/G20C7-[6, 9].txt
2026-10-05T08:50:05.386-03:00  INFO 15156 --- [topomanager] [tomcat-handler-7] b.c.s.t.service.IdentificadorService     : ✅ Arquivo TXT gravado com sucesso em: /app/temp/20261005084955-28_sem_os_2/G20C7/G20C7-[6, 11].txt
2026-10-05T08:50:05.386-03:00  INFO 15156 --- [topomanager] [tomcat-handler-7] b.c.s.t.service.IdentificadorService     : ✅ Arquivo TXT gravado com sucesso em: /app/temp/20261005084955-28_sem_os_2/G20C7/G20C7-[6, 13].txt
2026-10-05T08:50:05.387-03:00  INFO 15156 --- [topomanager] [tomcat-handler-7] b.c.s.t.service.IdentificadorService     : ✅ Arquivo TXT gravado com sucesso em: /app/temp/20261005084955-28_sem_os_2/G20C7/G20C7-[6, 14].txt
2026-10-05T08:50:05.388-03:00  INFO 15156 --- [topomanager] [tomcat-handler-7] b.c.s.t.service.IdentificadorService     : ✅ Arquivo TXT gravado com sucesso em: /app/temp/20261005084955-28_sem_os_2/G20C7/G20C7-[6, 18].txt
2026-10-05T08:50:05.388-03:00  INFO 15156 --- [topomanager] [tomcat-handler-7] b.c.s.t.service.IdentificadorService     : ✅ Arquivo TXT gravado com sucesso em: /app/temp/20261005084955-28_sem_os_2/G20C7/G20C7-[6, 20].txt
2026-10-05T08:50:05.389-03:00  INFO 15156 --- [topomanager] [tomcat-handler-7] b.c.s.t.service.IdentificadorService     : ✅ Arquivo TXT gravado com sucesso em: /app/temp/20261005084955-28_sem_os_2/G20C7/G20C7-[6, 23].txt
2026-10-05T08:50:05.390-03:00  INFO 15156 --- [topomanager] [tomcat-handler-7] b.c.s.t.service.IdentificadorService     : ✅ Arquivo TXT gravado com sucesso em: /app/temp/20261005084955-28_sem_os_2/G20C7/G20C7-[6, 24].txt
2026-10-05T08:50:05.390-03:00  INFO 15156 --- [topomanager] [tomcat-handler-7] b.c.s.t.service.IdentificadorService     : ✅ Arquivo TXT gravado com sucesso em: /app/temp/20261005084955-28_sem_os_2/G20C7/G20C7-[9, 11].txt
2026-10-05T08:50:05.391-03:00  INFO 15156 --- [topomanager] [tomcat-handler-7] b.c.s.t.service.IdentificadorService     : ✅ Arquivo TXT gravado com sucesso em: /app/temp/20261005084955-28_sem_os_2/G20C7/G20C7-[9, 13].txt
2026-10-05T08:50:05.391-03:00  INFO 15156 --- [topomanager] [tomcat-handler-7] b.c.s.t.service.IdentificadorService     : ✅ Arquivo TXT gravado com sucesso em: /app/temp/20261005084955-28_sem_os_2/G20C7/G20C7-[9, 14].txt
2026-10-05T08:50:05.392-03:00  INFO 15156 --- [topomanager] [tomcat-handler-7] b.c.s.t.service.IdentificadorService     : ✅ Arquivo TXT gravado com sucesso em: /app/temp/20261005084955-28_sem_os_2/G20C7/G20C7-[9, 18].txt
2026-10-05T08:50:05.393-03:00  INFO 15156 --- [topomanager] [tomcat-handler-7] b.c.s.t.service.IdentificadorService     : ✅ Arquivo TXT gravado com sucesso em: /app/temp/20261005084955-28_sem_os_2/G20C7/G20C7-[9, 20].txt
2026-10-05T08:50:05.393-03:00  INFO 15156 --- [topomanager] [tomcat-handler-7] b.c.s.t.service.IdentificadorService     : ✅ Arquivo TXT gravado com sucesso em: /app/temp/20261005084955-28_sem_os_2/G20C7/G20C7-[9, 23].txt
2026-10-05T08:50:05.394-03:00  INFO 15156 --- [topomanager] [tomcat-handler-7] b.c.s.t.service.IdentificadorService     : ✅ Arquivo TXT gravado com sucesso em: /app/temp/20261005084955-28_sem_os_2/G20C7/G20C7-[9, 24].txt
2026-10-05T08:50:05.395-03:00  INFO 15156 --- [topomanager] [tomcat-handler-7] b.c.s.t.service.IdentificadorService     : ✅ Arquivo TXT gravado com sucesso em: /app/temp/20261005084955-28_sem_os_2/G20C7/G20C7-[11, 13].txt
2026-10-05T08:50:05.395-03:00  INFO 15156 --- [topomanager] [tomcat-handler-7] b.c.s.t.service.IdentificadorService     : ✅ Arquivo TXT gravado com sucesso em: /app/temp/20261005084955-28_sem_os_2/G20C7/G20C7-[11, 14].txt
2026-10-05T08:50:05.396-03:00  INFO 15156 --- [topomanager] [tomcat-handler-7] b.c.s.t.service.IdentificadorService     : ✅ Arquivo TXT gravado com sucesso em: /app/temp/20261005084955-28_sem_os_2/G20C7/G20C7-[11, 18].txt
2026-10-05T08:50:05.396-03:00  INFO 15156 --- [topomanager] [tomcat-handler-7] b.c.s.t.service.IdentificadorService     : ✅ Arquivo TXT gravado com sucesso em: /app/temp/20261005084955-28_sem_os_2/G20C7/G20C7-[11, 20].txt
2026-10-05T08:50:05.397-03:00  INFO 15156 --- [topomanager] [tomcat-handler-7] b.c.s.t.service.IdentificadorService     : ✅ Arquivo TXT gravado com sucesso em: /app/temp/20261005084955-28_sem_os_2/G20C7/G20C7-[11, 23].txt
2026-10-05T08:50:05.397-03:00  INFO 15156 --- [topomanager] [tomcat-handler-7] b.c.s.t.service.IdentificadorService     : ✅ Arquivo TXT gravado com sucesso em: /app/temp/20261005084955-28_sem_os_2/G20C7/G20C7-[11, 24].txt
2026-10-05T08:50:05.398-03:00  INFO 15156 --- [topomanager] [tomcat-handler-7] b.c.s.t.service.IdentificadorService     : ✅ Arquivo TXT gravado com sucesso em: /app/temp/20261005084955-28_sem_os_2/G20C7/G20C7-[13, 14].txt
2026-10-05T08:50:05.399-03:00  INFO 15156 --- [topomanager] [tomcat-handler-7] b.c.s.t.service.IdentificadorService     : ✅ Arquivo TXT gravado com sucesso em: /app/temp/20261005084955-28_sem_os_2/G20C7/G20C7-[13, 18].txt
2026-10-05T08:50:05.399-03:00  INFO 15156 --- [topomanager] [tomcat-handler-7] b.c.s.t.service.IdentificadorService     : ✅ Arquivo TXT gravado com sucesso em: /app/temp/20261005084955-28_sem_os_2/G20C7/G20C7-[13, 20].txt
2026-10-05T08:50:05.400-03:00  INFO 15156 --- [topomanager] [tomcat-handler-7] b.c.s.t.service.IdentificadorService     : ✅ Arquivo TXT gravado com sucesso em: /app/temp/20261005084955-28_sem_os_2/G20C7/G20C7-[13, 23].txt
2026-10-05T08:50:05.401-03:00  INFO 15156 --- [topomanager] [tomcat-handler-7] b.c.s.t.service.IdentificadorService     : ✅ Arquivo TXT gravado com sucesso em: /app/temp/20261005084955-28_sem_os_2/G20C7/G20C7-[13, 24].txt
2026-10-05T08:50:05.403-03:00  INFO 15156 --- [topomanager] [tomcat-handler-7] b.c.s.t.service.IdentificadorService     : ✅ Arquivo TXT gravado com sucesso em: /app/temp/20261005084955-28_sem_os_2/G20C7/G20C7-[14, 18].txt
2026-10-05T08:50:05.403-03:00  INFO 15156 --- [topomanager] [tomcat-handler-7] b.c.s.t.service.IdentificadorService     : ✅ Arquivo TXT gravado com sucesso em: /app/temp/20261005084955-28_sem_os_2/G20C7/G20C7-[14, 20].txt
2026-10-05T08:50:05.404-03:00  INFO 15156 --- [topomanager] [tomcat-handler-7] b.c.s.t.service.IdentificadorService     : ✅ Arquivo TXT gravado com sucesso em: /app/temp/20261005084955-28_sem_os_2/G20C7/G20C7-[14, 23].txt
2026-10-05T08:50:05.405-03:00  INFO 15156 --- [topomanager] [tomcat-handler-7] b.c.s.t.service.IdentificadorService     : ✅ Arquivo TXT gravado com sucesso em: /app/temp/20261005084955-28_sem_os_2/G20C7/G20C7-[14, 24].txt
2026-10-05T08:50:05.405-03:00  INFO 15156 --- [topomanager] [tomcat-handler-7] b.c.s.t.service.IdentificadorService     : ✅ Arquivo TXT gravado com sucesso em: /app/temp/20261005084955-28_sem_os_2/G20C7/G20C7-[18, 20].txt
2026-10-05T08:50:05.406-03:00  INFO 15156 --- [topomanager] [tomcat-handler-7] b.c.s.t.service.IdentificadorService     : ✅ Arquivo TXT gravado com sucesso em: /app/temp/20261005084955-28_sem_os_2/G20C7/G20C7-[18, 23].txt
2026-10-05T08:50:05.407-03:00  INFO 15156 --- [topomanager] [tomcat-handler-7] b.c.s.t.service.IdentificadorService     : ✅ Arquivo TXT gravado com sucesso em: /app/temp/20261005084955-28_sem_os_2/G20C7/G20C7-[18, 24].txt
2026-10-05T08:50:05.407-03:00  INFO 15156 --- [topomanager] [tomcat-handler-7] b.c.s.t.service.IdentificadorService     : ✅ Arquivo TXT gravado com sucesso em: /app/temp/20261005084955-28_sem_os_2/G20C7/G20C7-[20, 23].txt
2026-10-05T08:50:05.408-03:00  INFO 15156 --- [topomanager] [tomcat-handler-7] b.c.s.t.service.IdentificadorService     : ✅ Arquivo TXT gravado com sucesso em: /app/temp/20261005084955-28_sem_os_2/G20C7/G20C7-[20, 24].txt
2026-10-05T08:50:05.409-03:00  INFO 15156 --- [topomanager] [tomcat-handler-7] b.c.s.t.service.IdentificadorService     : ✅ Arquivo TXT gravado com sucesso em: /app/temp/20261005084955-28_sem_os_2/G20C7/G20C7-[23, 24].txt
2026-10-05T08:50:05.409-03:00  INFO 15156 --- [topomanager] [tomcat-handler-7] b.c.s.t.service.IdentificadorService     : ✅ Arquivo TXT gravado com sucesso em: /app/temp/20261005084955-28_sem_os_2/G17C7/G17C7-[2, 3].txt
2026-10-05T08:50:05.410-03:00  INFO 15156 --- [topomanager] [tomcat-handler-7] b.c.s.t.service.IdentificadorService     : ✅ Arquivo TXT gravado com sucesso em: /app/temp/20261005084955-28_sem_os_2/G17C7/G17C7-[2, 5].txt
2026-10-05T08:50:05.410-03:00  INFO 15156 --- [topomanager] [tomcat-handler-7] b.c.s.t.service.IdentificadorService     : ✅ Arquivo TXT gravado com sucesso em: /app/temp/20261005084955-28_sem_os_2/G17C7/G17C7-[2, 6].txt
2026-10-05T08:50:05.411-03:00  INFO 15156 --- [topomanager] [tomcat-handler-7] b.c.s.t.service.IdentificadorService     : ✅ Arquivo TXT gravado com sucesso em: /app/temp/20261005084955-28_sem_os_2/G17C7/G17C7-[2, 9].txt
2026-10-05T08:50:05.412-03:00  INFO 15156 --- [topomanager] [tomcat-handler-7] b.c.s.t.service.IdentificadorService     : ✅ Arquivo TXT gravado com sucesso em: /app/temp/20261005084955-28_sem_os_2/G17C7/G17C7-[2, 10].txt
2026-10-05T08:50:05.412-03:00  INFO 15156 --- [topomanager] [tomcat-handler-7] b.c.s.t.service.IdentificadorService     : ✅ Arquivo TXT gravado com sucesso em: /app/temp/20261005084955-28_sem_os_2/G17C7/G17C7-[2, 16].txt
2026-10-05T08:50:05.413-03:00  INFO 15156 --- [topomanager] [tomcat-handler-7] b.c.s.t.service.IdentificadorService     : ✅ Arquivo TXT gravado com sucesso em: /app/temp/20261005084955-28_sem_os_2/G17C7/G17C7-[2, 18].txt
2026-10-05T08:50:05.414-03:00  INFO 15156 --- [topomanager] [tomcat-handler-7] b.c.s.t.service.IdentificadorService     : ✅ Arquivo TXT gravado com sucesso em: /app/temp/20261005084955-28_sem_os_2/G17C7/G17C7-[2, 23].txt
2026-10-05T08:50:05.414-03:00  INFO 15156 --- [topomanager] [tomcat-handler-7] b.c.s.t.service.IdentificadorService     : ✅ Arquivo TXT gravado com sucesso em: /app/temp/20261005084955-28_sem_os_2/G17C7/G17C7-[2, 24].txt
2026-10-05T08:50:05.416-03:00  INFO 15156 --- [topomanager] [tomcat-handler-7] b.c.s.t.service.IdentificadorService     : ✅ Arquivo TXT gravado com sucesso em: /app/temp/20261005084955-28_sem_os_2/G17C7/G17C7-[2, 25].txt
2026-10-05T08:50:05.416-03:00  INFO 15156 --- [topomanager] [tomcat-handler-7] b.c.s.t.service.IdentificadorService     : ✅ Arquivo TXT gravado com sucesso em: /app/temp/20261005084955-28_sem_os_2/G17C7/G17C7-[3, 5].txt
2026-10-05T08:50:05.417-03:00  INFO 15156 --- [topomanager] [tomcat-handler-7] b.c.s.t.service.IdentificadorService     : ✅ Arquivo TXT gravado com sucesso em: /app/temp/20261005084955-28_sem_os_2/G17C7/G17C7-[3, 6].txt
2026-10-05T08:50:05.417-03:00  INFO 15156 --- [topomanager] [tomcat-handler-7] b.c.s.t.service.IdentificadorService     : ✅ Arquivo TXT gravado com sucesso em: /app/temp/20261005084955-28_sem_os_2/G17C7/G17C7-[3, 9].txt
2026-10-05T08:50:05.418-03:00  INFO 15156 --- [topomanager] [tomcat-handler-7] b.c.s.t.service.IdentificadorService     : ✅ Arquivo TXT gravado com sucesso em: /app/temp/20261005084955-28_sem_os_2/G17C7/G17C7-[3, 10].txt
2026-10-05T08:50:05.419-03:00  INFO 15156 --- [topomanager] [tomcat-handler-7] b.c.s.t.service.IdentificadorService     : ✅ Arquivo TXT gravado com sucesso em: /app/temp/20261005084955-28_sem_os_2/G17C7/G17C7-[3, 16].txt
2026-10-05T08:50:05.419-03:00  INFO 15156 --- [topomanager] [tomcat-handler-7] b.c.s.t.service.IdentificadorService     : ✅ Arquivo TXT gravado com sucesso em: /app/temp/20261005084955-28_sem_os_2/G17C7/G17C7-[3, 18].txt
2026-10-05T08:50:05.420-03:00  INFO 15156 --- [topomanager] [tomcat-handler-7] b.c.s.t.service.IdentificadorService     : ✅ Arquivo TXT gravado com sucesso em: /app/temp/20261005084955-28_sem_os_2/G17C7/G17C7-[3, 23].txt
2026-10-05T08:50:05.421-03:00  INFO 15156 --- [topomanager] [tomcat-handler-7] b.c.s.t.service.IdentificadorService     : ✅ Arquivo TXT gravado com sucesso em: /app/temp/20261005084955-28_sem_os_2/G17C7/G17C7-[3, 24].txt
2026-10-05T08:50:05.421-03:00  INFO 15156 --- [topomanager] [tomcat-handler-7] b.c.s.t.service.IdentificadorService     : ✅ Arquivo TXT gravado com sucesso em: /app/temp/20261005084955-28_sem_os_2/G17C7/G17C7-[3, 25].txt
2026-10-05T08:50:05.422-03:00  INFO 15156 --- [topomanager] [tomcat-handler-7] b.c.s.t.service.IdentificadorService     : ✅ Arquivo TXT gravado com sucesso em: /app/temp/20261005084955-28_sem_os_2/G17C7/G17C7-[5, 6].txt
2026-10-05T08:50:05.423-03:00  INFO 15156 --- [topomanager] [tomcat-handler-7] b.c.s.t.service.IdentificadorService     : ✅ Arquivo TXT gravado com sucesso em: /app/temp/20261005084955-28_sem_os_2/G17C7/G17C7-[5, 9].txt
2026-10-05T08:50:05.425-03:00  INFO 15156 --- [topomanager] [tomcat-handler-7] b.c.s.t.service.IdentificadorService     : ✅ Arquivo TXT gravado com sucesso em: /app/temp/20261005084955-28_sem_os_2/G17C7/G17C7-[5, 10].txt
2026-10-05T08:50:05.425-03:00  INFO 15156 --- [topomanager] [tomcat-handler-7] b.c.s.t.service.IdentificadorService     : ✅ Arquivo TXT gravado com sucesso em: /app/temp/20261005084955-28_sem_os_2/G17C7/G17C7-[5, 16].txt
2026-10-05T08:50:05.426-03:00  INFO 15156 --- [topomanager] [tomcat-handler-7] b.c.s.t.service.IdentificadorService     : ✅ Arquivo TXT gravado com sucesso em: /app/temp/20261005084955-28_sem_os_2/G17C7/G17C7-[5, 18].txt
2026-10-05T08:50:05.426-03:00  INFO 15156 --- [topomanager] [tomcat-handler-7] b.c.s.t.service.IdentificadorService     : ✅ Arquivo TXT gravado com sucesso em: /app/temp/20261005084955-28_sem_os_2/G17C7/G17C7-[5, 23].txt
2026-10-05T08:50:05.427-03:00  INFO 15156 --- [topomanager] [tomcat-handler-7] b.c.s.t.service.IdentificadorService     : ✅ Arquivo TXT gravado com sucesso em: /app/temp/20261005084955-28_sem_os_2/G17C7/G17C7-[5, 24].txt
2026-10-05T08:50:05.428-03:00  INFO 15156 --- [topomanager] [tomcat-handler-7] b.c.s.t.service.IdentificadorService     : ✅ Arquivo TXT gravado com sucesso em: /app/temp/20261005084955-28_sem_os_2/G17C7/G17C7-[5, 25].txt
2026-10-05T08:50:05.428-03:00  INFO 15156 --- [topomanager] [tomcat-handler-7] b.c.s.t.service.IdentificadorService     : ✅ Arquivo TXT gravado com sucesso em: /app/temp/20261005084955-28_sem_os_2/G17C7/G17C7-[6, 9].txt
2026-10-05T08:50:05.429-03:00  INFO 15156 --- [topomanager] [tomcat-handler-7] b.c.s.t.service.IdentificadorService     : ✅ Arquivo TXT gravado com sucesso em: /app/temp/20261005084955-28_sem_os_2/G17C7/G17C7-[6, 10].txt
2026-10-05T08:50:05.429-03:00  INFO 15156 --- [topomanager] [tomcat-handler-7] b.c.s.t.service.IdentificadorService     : ✅ Arquivo TXT gravado com sucesso em: /app/temp/20261005084955-28_sem_os_2/G17C7/G17C7-[6, 16].txt
2026-10-05T08:50:05.430-03:00  INFO 15156 --- [topomanager] [tomcat-handler-7] b.c.s.t.service.IdentificadorService     : ✅ Arquivo TXT gravado com sucesso em: /app/temp/20261005084955-28_sem_os_2/G17C7/G17C7-[6, 18].txt
2026-10-05T08:50:05.431-03:00  INFO 15156 --- [topomanager] [tomcat-handler-7] b.c.s.t.service.IdentificadorService     : ✅ Arquivo TXT gravado com sucesso em: /app/temp/20261005084955-28_sem_os_2/G17C7/G17C7-[6, 23].txt
2026-10-05T08:50:05.431-03:00  INFO 15156 --- [topomanager] [tomcat-handler-7] b.c.s.t.service.IdentificadorService     : ✅ Arquivo TXT gravado com sucesso em: /app/temp/20261005084955-28_sem_os_2/G17C7/G17C7-[6, 24].txt
2026-10-05T08:50:05.432-03:00  INFO 15156 --- [topomanager] [tomcat-handler-7] b.c.s.t.service.IdentificadorService     : ✅ Arquivo TXT gravado com sucesso em: /app/temp/20261005084955-28_sem_os_2/G17C7/G17C7-[6, 25].txt
2026-10-05T08:50:05.433-03:00  INFO 15156 --- [topomanager] [tomcat-handler-7] b.c.s.t.service.IdentificadorService     : ✅ Arquivo TXT gravado com sucesso em: /app/temp/20261005084955-28_sem_os_2/G17C7/G17C7-[9, 10].txt
2026-10-05T08:50:05.433-03:00  INFO 15156 --- [topomanager] [tomcat-handler-7] b.c.s.t.service.IdentificadorService     : ✅ Arquivo TXT gravado com sucesso em: /app/temp/20261005084955-28_sem_os_2/G17C7/G17C7-[9, 16].txt
2026-10-05T08:50:05.434-03:00  INFO 15156 --- [topomanager] [tomcat-handler-7] b.c.s.t.service.IdentificadorService     : ✅ Arquivo TXT gravado com sucesso em: /app/temp/20261005084955-28_sem_os_2/G17C7/G17C7-[9, 18].txt
2026-10-05T08:50:05.434-03:00  INFO 15156 --- [topomanager] [tomcat-handler-7] b.c.s.t.service.IdentificadorService     : ✅ Arquivo TXT gravado com sucesso em: /app/temp/20261005084955-28_sem_os_2/G17C7/G17C7-[9, 23].txt
2026-10-05T08:50:05.435-03:00  INFO 15156 --- [topomanager] [tomcat-handler-7] b.c.s.t.service.IdentificadorService     : ✅ Arquivo TXT gravado com sucesso em: /app/temp/20261005084955-28_sem_os_2/G17C7/G17C7-[9, 24].txt
2026-10-05T08:50:05.436-03:00  INFO 15156 --- [topomanager] [tomcat-handler-7] b.c.s.t.service.IdentificadorService     : ✅ Arquivo TXT gravado com sucesso em: /app/temp/20261005084955-28_sem_os_2/G17C7/G17C7-[9, 25].txt
2026-10-05T08:50:05.437-03:00  INFO 15156 --- [topomanager] [tomcat-handler-7] b.c.s.t.service.IdentificadorService     : ✅ Arquivo TXT gravado com sucesso em: /app/temp/20261005084955-28_sem_os_2/G17C7/G17C7-[10, 16].txt
2026-10-05T08:50:05.439-03:00  INFO 15156 --- [topomanager] [tomcat-handler-7] b.c.s.t.service.IdentificadorService     : ✅ Arquivo TXT gravado com sucesso em: /app/temp/20261005084955-28_sem_os_2/G17C7/G17C7-[10, 18].txt
2026-10-05T08:50:05.439-03:00  INFO 15156 --- [topomanager] [tomcat-handler-7] b.c.s.t.service.IdentificadorService     : ✅ Arquivo TXT gravado com sucesso em: /app/temp/20261005084955-28_sem_os_2/G17C7/G17C7-[10, 23].txt
2026-10-05T08:50:05.440-03:00  INFO 15156 --- [topomanager] [tomcat-handler-7] b.c.s.t.service.IdentificadorService     : ✅ Arquivo TXT gravado com sucesso em: /app/temp/20261005084955-28_sem_os_2/G17C7/G17C7-[10, 24].txt
2026-10-05T08:50:05.440-03:00  INFO 15156 --- [topomanager] [tomcat-handler-7] b.c.s.t.service.IdentificadorService     : ✅ Arquivo TXT gravado com sucesso em: /app/temp/20261005084955-28_sem_os_2/G17C7/G17C7-[10, 25].txt
2026-10-05T08:50:05.441-03:00  INFO 15156 --- [topomanager] [tomcat-handler-7] b.c.s.t.service.IdentificadorService     : ✅ Arquivo TXT gravado com sucesso em: /app/temp/20261005084955-28_sem_os_2/G17C7/G17C7-[16, 18].txt
2026-10-05T08:50:05.442-03:00  INFO 15156 --- [topomanager] [tomcat-handler-7] b.c.s.t.service.IdentificadorService     : ✅ Arquivo TXT gravado com sucesso em: /app/temp/20261005084955-28_sem_os_2/G17C7/G17C7-[16, 23].txt
2026-10-05T08:50:05.442-03:00  INFO 15156 --- [topomanager] [tomcat-handler-7] b.c.s.t.service.IdentificadorService     : ✅ Arquivo TXT gravado com sucesso em: /app/temp/20261005084955-28_sem_os_2/G17C7/G17C7-[16, 24].txt
2026-10-05T08:50:05.443-03:00  INFO 15156 --- [topomanager] [tomcat-handler-7] b.c.s.t.service.IdentificadorService     : ✅ Arquivo TXT gravado com sucesso em: /app/temp/20261005084955-28_sem_os_2/G17C7/G17C7-[16, 25].txt
2026-10-05T08:50:05.443-03:00  INFO 15156 --- [topomanager] [tomcat-handler-7] b.c.s.t.service.IdentificadorService     : ✅ Arquivo TXT gravado com sucesso em: /app/temp/20261005084955-28_sem_os_2/G17C7/G17C7-[18, 23].txt
2026-10-05T08:50:05.444-03:00  INFO 15156 --- [topomanager] [tomcat-handler-7] b.c.s.t.service.IdentificadorService     : ✅ Arquivo TXT gravado com sucesso em: /app/temp/20261005084955-28_sem_os_2/G17C7/G17C7-[18, 24].txt
2026-10-05T08:50:05.445-03:00  INFO 15156 --- [topomanager] [tomcat-handler-7] b.c.s.t.service.IdentificadorService     : ✅ Arquivo TXT gravado com sucesso em: /app/temp/20261005084955-28_sem_os_2/G17C7/G17C7-[18, 25].txt
2026-10-05T08:50:05.445-03:00  INFO 15156 --- [topomanager] [tomcat-handler-7] b.c.s.t.service.IdentificadorService     : ✅ Arquivo TXT gravado com sucesso em: /app/temp/20261005084955-28_sem_os_2/G17C7/G17C7-[23, 24].txt
2026-10-05T08:50:05.446-03:00  INFO 15156 --- [topomanager] [tomcat-handler-7] b.c.s.t.service.IdentificadorService     : ✅ Arquivo TXT gravado com sucesso em: /app/temp/20261005084955-28_sem_os_2/G17C7/G17C7-[23, 25].txt
2026-10-05T08:50:05.446-03:00  INFO 15156 --- [topomanager] [tomcat-handler-7] b.c.s.t.service.IdentificadorService     : ✅ Arquivo TXT gravado com sucesso em: /app/temp/20261005084955-28_sem_os_2/G17C7/G17C7-[24, 25].txt
2026-10-05T08:50:05.447-03:00  INFO 15156 --- [topomanager] [tomcat-handler-7] b.c.s.t.service.IdentificadorService     : ✅ Arquivo TXT gravado com sucesso em: /app/temp/20261005084955-28_sem_os_2/G13C4/G13C4-[2, 5].txt
2026-10-05T08:50:05.448-03:00  INFO 15156 --- [topomanager] [tomcat-handler-7] b.c.s.t.service.IdentificadorService     : ✅ Arquivo TXT gravado com sucesso em: /app/temp/20261005084955-28_sem_os_2/G13C4/G13C4-[2, 6].txt
2026-10-05T08:50:05.448-03:00  INFO 15156 --- [topomanager] [tomcat-handler-7] b.c.s.t.service.IdentificadorService     : ✅ Arquivo TXT gravado com sucesso em: /app/temp/20261005084955-28_sem_os_2/G13C4/G13C4-[2, 9].txt
2026-10-05T08:50:05.449-03:00  INFO 15156 --- [topomanager] [tomcat-handler-7] b.c.s.t.service.IdentificadorService     : ✅ Arquivo TXT gravado com sucesso em: /app/temp/20261005084955-28_sem_os_2/G13C4/G13C4-[2, 10].txt
2026-10-05T08:50:05.449-03:00  INFO 15156 --- [topomanager] [tomcat-handler-7] b.c.s.t.service.IdentificadorService     : ✅ Arquivo TXT gravado com sucesso em: /app/temp/20261005084955-28_sem_os_2/G13C4/G13C4-[2, 13].txt
2026-10-05T08:50:05.450-03:00  INFO 15156 --- [topomanager] [tomcat-handler-7] b.c.s.t.service.IdentificadorService     : ✅ Arquivo TXT gravado com sucesso em: /app/temp/20261005084955-28_sem_os_2/G13C4/G13C4-[2, 14].txt
2026-10-05T08:50:05.451-03:00  INFO 15156 --- [topomanager] [tomcat-handler-7] b.c.s.t.service.IdentificadorService     : ✅ Arquivo TXT gravado com sucesso em: /app/temp/20261005084955-28_sem_os_2/G13C4/G13C4-[2, 16].txt
2026-10-05T08:50:05.451-03:00  INFO 15156 --- [topomanager] [tomcat-handler-7] b.c.s.t.service.IdentificadorService     : ✅ Arquivo TXT gravado com sucesso em: /app/temp/20261005084955-28_sem_os_2/G13C4/G13C4-[2, 20].txt
2026-10-05T08:50:05.452-03:00  INFO 15156 --- [topomanager] [tomcat-handler-7] b.c.s.t.service.IdentificadorService     : ✅ Arquivo TXT gravado com sucesso em: /app/temp/20261005084955-28_sem_os_2/G13C4/G13C4-[2, 24].txt
2026-10-05T08:50:05.453-03:00  INFO 15156 --- [topomanager] [tomcat-handler-7] b.c.s.t.service.IdentificadorService     : ✅ Arquivo TXT gravado com sucesso em: /app/temp/20261005084955-28_sem_os_2/G13C4/G13C4-[2, 25].txt
2026-10-05T08:50:05.453-03:00  INFO 15156 --- [topomanager] [tomcat-handler-7] b.c.s.t.service.IdentificadorService     : ✅ Arquivo TXT gravado com sucesso em: /app/temp/20261005084955-28_sem_os_2/G13C4/G13C4-[5, 6].txt
2026-10-05T08:50:05.454-03:00  INFO 15156 --- [topomanager] [tomcat-handler-7] b.c.s.t.service.IdentificadorService     : ✅ Arquivo TXT gravado com sucesso em: /app/temp/20261005084955-28_sem_os_2/G13C4/G13C4-[5, 9].txt
2026-10-05T08:50:05.455-03:00  INFO 15156 --- [topomanager] [tomcat-handler-7] b.c.s.t.service.IdentificadorService     : ✅ Arquivo TXT gravado com sucesso em: /app/temp/20261005084955-28_sem_os_2/G13C4/G13C4-[5, 10].txt
2026-10-05T08:50:05.457-03:00  INFO 15156 --- [topomanager] [tomcat-handler-7] b.c.s.t.service.IdentificadorService     : ✅ Arquivo TXT gravado com sucesso em: /app/temp/20261005084955-28_sem_os_2/G13C4/G13C4-[5, 13].txt
2026-10-05T08:50:05.457-03:00  INFO 15156 --- [topomanager] [tomcat-handler-7] b.c.s.t.service.IdentificadorService     : ✅ Arquivo TXT gravado com sucesso em: /app/temp/20261005084955-28_sem_os_2/G13C4/G13C4-[5, 14].txt
2026-10-05T08:50:05.458-03:00  INFO 15156 --- [topomanager] [tomcat-handler-7] b.c.s.t.service.IdentificadorService     : ✅ Arquivo TXT gravado com sucesso em: /app/temp/20261005084955-28_sem_os_2/G13C4/G13C4-[5, 16].txt
2026-10-05T08:50:05.459-03:00  INFO 15156 --- [topomanager] [tomcat-handler-7] b.c.s.t.service.IdentificadorService     : ✅ Arquivo TXT gravado com sucesso em: /app/temp/20261005084955-28_sem_os_2/G13C4/G13C4-[5, 20].txt
2026-10-05T08:50:05.459-03:00  INFO 15156 --- [topomanager] [tomcat-handler-7] b.c.s.t.service.IdentificadorService     : ✅ Arquivo TXT gravado com sucesso em: /app/temp/20261005084955-28_sem_os_2/G13C4/G13C4-[5, 24].txt
2026-10-05T08:50:05.460-03:00  INFO 15156 --- [topomanager] [tomcat-handler-7] b.c.s.t.service.IdentificadorService     : ✅ Arquivo TXT gravado com sucesso em: /app/temp/20261005084955-28_sem_os_2/G13C4/G13C4-[5, 25].txt
2026-10-05T08:50:05.461-03:00  INFO 15156 --- [topomanager] [tomcat-handler-7] b.c.s.t.service.IdentificadorService     : ✅ Arquivo TXT gravado com sucesso em: /app/temp/20261005084955-28_sem_os_2/G13C4/G13C4-[6, 9].txt
2026-10-05T08:50:05.461-03:00  INFO 15156 --- [topomanager] [tomcat-handler-7] b.c.s.t.service.IdentificadorService     : ✅ Arquivo TXT gravado com sucesso em: /app/temp/20261005084955-28_sem_os_2/G13C4/G13C4-[6, 10].txt
2026-10-05T08:50:05.462-03:00  INFO 15156 --- [topomanager] [tomcat-handler-7] b.c.s.t.service.IdentificadorService     : ✅ Arquivo TXT gravado com sucesso em: /app/temp/20261005084955-28_sem_os_2/G13C4/G13C4-[6, 13].txt
2026-10-05T08:50:05.462-03:00  INFO 15156 --- [topomanager] [tomcat-handler-7] b.c.s.t.service.IdentificadorService     : ✅ Arquivo TXT gravado com sucesso em: /app/temp/20261005084955-28_sem_os_2/G13C4/G13C4-[6, 14].txt
2026-10-05T08:50:05.463-03:00  INFO 15156 --- [topomanager] [tomcat-handler-7] b.c.s.t.service.IdentificadorService     : ✅ Arquivo TXT gravado com sucesso em: /app/temp/20261005084955-28_sem_os_2/G13C4/G13C4-[6, 16].txt
2026-10-05T08:50:05.464-03:00  INFO 15156 --- [topomanager] [tomcat-handler-7] b.c.s.t.service.IdentificadorService     : ✅ Arquivo TXT gravado com sucesso em: /app/temp/20261005084955-28_sem_os_2/G13C4/G13C4-[6, 20].txt
2026-10-05T08:50:05.464-03:00  INFO 15156 --- [topomanager] [tomcat-handler-7] b.c.s.t.service.IdentificadorService     : ✅ Arquivo TXT gravado com sucesso em: /app/temp/20261005084955-28_sem_os_2/G13C4/G13C4-[6, 24].txt
2026-10-05T08:50:05.465-03:00  INFO 15156 --- [topomanager] [tomcat-handler-7] b.c.s.t.service.IdentificadorService     : ✅ Arquivo TXT gravado com sucesso em: /app/temp/20261005084955-28_sem_os_2/G13C4/G13C4-[6, 25].txt
2026-10-05T08:50:05.465-03:00  INFO 15156 --- [topomanager] [tomcat-handler-7] b.c.s.t.service.IdentificadorService     : ✅ Arquivo TXT gravado com sucesso em: /app/temp/20261005084955-28_sem_os_2/G13C4/G13C4-[9, 10].txt
2026-10-05T08:50:05.466-03:00  INFO 15156 --- [topomanager] [tomcat-handler-7] b.c.s.t.service.IdentificadorService     : ✅ Arquivo TXT gravado com sucesso em: /app/temp/20261005084955-28_sem_os_2/G13C4/G13C4-[9, 13].txt
2026-10-05T08:50:05.467-03:00  INFO 15156 --- [topomanager] [tomcat-handler-7] b.c.s.t.service.IdentificadorService     : ✅ Arquivo TXT gravado com sucesso em: /app/temp/20261005084955-28_sem_os_2/G13C4/G13C4-[9, 14].txt
2026-10-05T08:50:05.467-03:00  INFO 15156 --- [topomanager] [tomcat-handler-7] b.c.s.t.service.IdentificadorService     : ✅ Arquivo TXT gravado com sucesso em: /app/temp/20261005084955-28_sem_os_2/G13C4/G13C4-[9, 16].txt
2026-10-05T08:50:05.468-03:00  INFO 15156 --- [topomanager] [tomcat-handler-7] b.c.s.t.service.IdentificadorService     : ✅ Arquivo TXT gravado com sucesso em: /app/temp/20261005084955-28_sem_os_2/G13C4/G13C4-[9, 20].txt
2026-10-05T08:50:05.469-03:00  INFO 15156 --- [topomanager] [tomcat-handler-7] b.c.s.t.service.IdentificadorService     : ✅ Arquivo TXT gravado com sucesso em: /app/temp/20261005084955-28_sem_os_2/G13C4/G13C4-[9, 24].txt
2026-10-05T08:50:05.470-03:00  INFO 15156 --- [topomanager] [tomcat-handler-7] b.c.s.t.service.IdentificadorService     : ✅ Arquivo TXT gravado com sucesso em: /app/temp/20261005084955-28_sem_os_2/G13C4/G13C4-[9, 25].txt
2026-10-05T08:50:05.470-03:00  INFO 15156 --- [topomanager] [tomcat-handler-7] b.c.s.t.service.IdentificadorService     : ✅ Arquivo TXT gravado com sucesso em: /app/temp/20261005084955-28_sem_os_2/G13C4/G13C4-[10, 13].txt
2026-10-05T08:50:05.471-03:00  INFO 15156 --- [topomanager] [tomcat-handler-7] b.c.s.t.service.IdentificadorService     : ✅ Arquivo TXT gravado com sucesso em: /app/temp/20261005084955-28_sem_os_2/G13C4/G13C4-[10, 14].txt
2026-10-05T08:50:05.471-03:00  INFO 15156 --- [topomanager] [tomcat-handler-7] b.c.s.t.service.IdentificadorService     : ✅ Arquivo TXT gravado com sucesso em: /app/temp/20261005084955-28_sem_os_2/G13C4/G13C4-[10, 16].txt
2026-10-05T08:50:05.472-03:00  INFO 15156 --- [topomanager] [tomcat-handler-7] b.c.s.t.service.IdentificadorService     : ✅ Arquivo TXT gravado com sucesso em: /app/temp/20261005084955-28_sem_os_2/G13C4/G13C4-[10, 20].txt
2026-10-05T08:50:05.473-03:00  INFO 15156 --- [topomanager] [tomcat-handler-7] b.c.s.t.service.IdentificadorService     : ✅ Arquivo TXT gravado com sucesso em: /app/temp/20261005084955-28_sem_os_2/G13C4/G13C4-[10, 24].txt
2026-10-05T08:50:05.473-03:00  INFO 15156 --- [topomanager] [tomcat-handler-7] b.c.s.t.service.IdentificadorService     : ✅ Arquivo TXT gravado com sucesso em: /app/temp/20261005084955-28_sem_os_2/G13C4/G13C4-[10, 25].txt
2026-10-05T08:50:05.474-03:00  INFO 15156 --- [topomanager] [tomcat-handler-7] b.c.s.t.service.IdentificadorService     : ✅ Arquivo TXT gravado com sucesso em: /app/temp/20261005084955-28_sem_os_2/G13C4/G13C4-[13, 14].txt
2026-10-05T08:50:05.476-03:00  INFO 15156 --- [topomanager] [tomcat-handler-7] b.c.s.t.service.IdentificadorService     : ✅ Arquivo TXT gravado com sucesso em: /app/temp/20261005084955-28_sem_os_2/G13C4/G13C4-[13, 16].txt
2026-10-05T08:50:05.476-03:00  INFO 15156 --- [topomanager] [tomcat-handler-7] b.c.s.t.service.IdentificadorService     : ✅ Arquivo TXT gravado com sucesso em: /app/temp/20261005084955-28_sem_os_2/G13C4/G13C4-[13, 20].txt
2026-10-05T08:50:05.477-03:00  INFO 15156 --- [topomanager] [tomcat-handler-7] b.c.s.t.service.IdentificadorService     : ✅ Arquivo TXT gravado com sucesso em: /app/temp/20261005084955-28_sem_os_2/G13C4/G13C4-[13, 24].txt
2026-10-05T08:50:05.477-03:00  INFO 15156 --- [topomanager] [tomcat-handler-7] b.c.s.t.service.IdentificadorService     : ✅ Arquivo TXT gravado com sucesso em: /app/temp/20261005084955-28_sem_os_2/G13C4/G13C4-[13, 25].txt
2026-10-05T08:50:05.478-03:00  INFO 15156 --- [topomanager] [tomcat-handler-7] b.c.s.t.service.IdentificadorService     : ✅ Arquivo TXT gravado com sucesso em: /app/temp/20261005084955-28_sem_os_2/G13C4/G13C4-[14, 16].txt
2026-10-05T08:50:05.479-03:00  INFO 15156 --- [topomanager] [tomcat-handler-7] b.c.s.t.service.IdentificadorService     : ✅ Arquivo TXT gravado com sucesso em: /app/temp/20261005084955-28_sem_os_2/G13C4/G13C4-[14, 20].txt
2026-10-05T08:50:05.479-03:00  INFO 15156 --- [topomanager] [tomcat-handler-7] b.c.s.t.service.IdentificadorService     : ✅ Arquivo TXT gravado com sucesso em: /app/temp/20261005084955-28_sem_os_2/G13C4/G13C4-[14, 24].txt
2026-10-05T08:50:05.480-03:00  INFO 15156 --- [topomanager] [tomcat-handler-7] b.c.s.t.service.IdentificadorService     : ✅ Arquivo TXT gravado com sucesso em: /app/temp/20261005084955-28_sem_os_2/G13C4/G13C4-[14, 25].txt
2026-10-05T08:50:05.481-03:00  INFO 15156 --- [topomanager] [tomcat-handler-7] b.c.s.t.service.IdentificadorService     : ✅ Arquivo TXT gravado com sucesso em: /app/temp/20261005084955-28_sem_os_2/G13C4/G13C4-[16, 20].txt
2026-10-05T08:50:05.481-03:00  INFO 15156 --- [topomanager] [tomcat-handler-7] b.c.s.t.service.IdentificadorService     : ✅ Arquivo TXT gravado com sucesso em: /app/temp/20261005084955-28_sem_os_2/G13C4/G13C4-[16, 24].txt
2026-10-05T08:50:05.482-03:00  INFO 15156 --- [topomanager] [tomcat-handler-7] b.c.s.t.service.IdentificadorService     : ✅ Arquivo TXT gravado com sucesso em: /app/temp/20261005084955-28_sem_os_2/G13C4/G13C4-[16, 25].txt
2026-10-05T08:50:05.483-03:00  INFO 15156 --- [topomanager] [tomcat-handler-7] b.c.s.t.service.IdentificadorService     : ✅ Arquivo TXT gravado com sucesso em: /app/temp/20261005084955-28_sem_os_2/G13C4/G13C4-[20, 24].txt
2026-10-05T08:50:05.484-03:00  INFO 15156 --- [topomanager] [tomcat-handler-7] b.c.s.t.service.IdentificadorService     : ✅ Arquivo TXT gravado com sucesso em: /app/temp/20261005084955-28_sem_os_2/G13C4/G13C4-[20, 25].txt
2026-10-05T08:50:05.484-03:00  INFO 15156 --- [topomanager] [tomcat-handler-7] b.c.s.t.service.IdentificadorService     : ✅ Arquivo TXT gravado com sucesso em: /app/temp/20261005084955-28_sem_os_2/G13C4/G13C4-[24, 25].txt
2026-10-05T08:50:05.485-03:00  INFO 15156 --- [topomanager] [tomcat-handler-7] b.c.s.t.service.IdentificadorService     : ✅ Arquivo TXT gravado com sucesso em: /app/temp/20261005084955-28_sem_os_2/G17C6/G17C6-[2, 3].txt
2026-10-05T08:50:05.485-03:00  INFO 15156 --- [topomanager] [tomcat-handler-7] b.c.s.t.service.IdentificadorService     : ✅ Arquivo TXT gravado com sucesso em: /app/temp/20261005084955-28_sem_os_2/G17C6/G17C6-[2, 5].txt
2026-10-05T08:50:05.486-03:00  INFO 15156 --- [topomanager] [tomcat-handler-7] b.c.s.t.service.IdentificadorService     : ✅ Arquivo TXT gravado com sucesso em: /app/temp/20261005084955-28_sem_os_2/G17C6/G17C6-[2, 6].txt
2026-10-05T08:50:05.487-03:00  INFO 15156 --- [topomanager] [tomcat-handler-7] b.c.s.t.service.IdentificadorService     : ✅ Arquivo TXT gravado com sucesso em: /app/temp/20261005084955-28_sem_os_2/G17C6/G17C6-[2, 11].txt
2026-10-05T08:50:05.487-03:00  INFO 15156 --- [topomanager] [tomcat-handler-7] b.c.s.t.service.IdentificadorService     : ✅ Arquivo TXT gravado com sucesso em: /app/temp/20261005084955-28_sem_os_2/G17C6/G17C6-[2, 16].txt
2026-10-05T08:50:05.489-03:00  INFO 15156 --- [topomanager] [tomcat-handler-7] b.c.s.t.service.IdentificadorService     : ✅ Arquivo TXT gravado com sucesso em: /app/temp/20261005084955-28_sem_os_2/G17C6/G17C6-[2, 18].txt
2026-10-05T08:50:05.490-03:00  INFO 15156 --- [topomanager] [tomcat-handler-7] b.c.s.t.service.IdentificadorService     : ✅ Arquivo TXT gravado com sucesso em: /app/temp/20261005084955-28_sem_os_2/G17C6/G17C6-[2, 20].txt
2026-10-05T08:50:05.490-03:00  INFO 15156 --- [topomanager] [tomcat-handler-7] b.c.s.t.service.IdentificadorService     : ✅ Arquivo TXT gravado com sucesso em: /app/temp/20261005084955-28_sem_os_2/G17C6/G17C6-[2, 23].txt
2026-10-05T08:50:05.491-03:00  INFO 15156 --- [topomanager] [tomcat-handler-7] b.c.s.t.service.IdentificadorService     : ✅ Arquivo TXT gravado com sucesso em: /app/temp/20261005084955-28_sem_os_2/G17C6/G17C6-[2, 24].txt
2026-10-05T08:50:05.491-03:00  INFO 15156 --- [topomanager] [tomcat-handler-7] b.c.s.t.service.IdentificadorService     : ✅ Arquivo TXT gravado com sucesso em: /app/temp/20261005084955-28_sem_os_2/G17C6/G17C6-[2, 25].txt
2026-10-05T08:50:05.492-03:00  INFO 15156 --- [topomanager] [tomcat-handler-7] b.c.s.t.service.IdentificadorService     : ✅ Arquivo TXT gravado com sucesso em: /app/temp/20261005084955-28_sem_os_2/G17C6/G17C6-[3, 5].txt
2026-10-05T08:50:05.493-03:00  INFO 15156 --- [topomanager] [tomcat-handler-7] b.c.s.t.service.IdentificadorService     : ✅ Arquivo TXT gravado com sucesso em: /app/temp/20261005084955-28_sem_os_2/G17C6/G17C6-[3, 6].txt
2026-10-05T08:50:05.493-03:00  INFO 15156 --- [topomanager] [tomcat-handler-7] b.c.s.t.service.IdentificadorService     : ✅ Arquivo TXT gravado com sucesso em: /app/temp/20261005084955-28_sem_os_2/G17C6/G17C6-[3, 11].txt
2026-10-05T08:50:05.494-03:00  INFO 15156 --- [topomanager] [tomcat-handler-7] b.c.s.t.service.IdentificadorService     : ✅ Arquivo TXT gravado com sucesso em: /app/temp/20261005084955-28_sem_os_2/G17C6/G17C6-[3, 16].txt
2026-10-05T08:50:05.494-03:00  INFO 15156 --- [topomanager] [tomcat-handler-7] b.c.s.t.service.IdentificadorService     : ✅ Arquivo TXT gravado com sucesso em: /app/temp/20261005084955-28_sem_os_2/G17C6/G17C6-[3, 18].txt
2026-10-05T08:50:05.495-03:00  INFO 15156 --- [topomanager] [tomcat-handler-7] b.c.s.t.service.IdentificadorService     : ✅ Arquivo TXT gravado com sucesso em: /app/temp/20261005084955-28_sem_os_2/G17C6/G17C6-[3, 20].txt
2026-10-05T08:50:05.496-03:00  INFO 15156 --- [topomanager] [tomcat-handler-7] b.c.s.t.service.IdentificadorService     : ✅ Arquivo TXT gravado com sucesso em: /app/temp/20261005084955-28_sem_os_2/G17C6/G17C6-[3, 23].txt
2026-10-05T08:50:05.496-03:00  INFO 15156 --- [topomanager] [tomcat-handler-7] b.c.s.t.service.IdentificadorService     : ✅ Arquivo TXT gravado com sucesso em: /app/temp/20261005084955-28_sem_os_2/G17C6/G17C6-[3, 24].txt
2026-10-05T08:50:05.497-03:00  INFO 15156 --- [topomanager] [tomcat-handler-7] b.c.s.t.service.IdentificadorService     : ✅ Arquivo TXT gravado com sucesso em: /app/temp/20261005084955-28_sem_os_2/G17C6/G17C6-[3, 25].txt
2026-10-05T08:50:05.498-03:00  INFO 15156 --- [topomanager] [tomcat-handler-7] b.c.s.t.service.IdentificadorService     : ✅ Arquivo TXT gravado com sucesso em: /app/temp/20261005084955-28_sem_os_2/G17C6/G17C6-[5, 6].txt
2026-10-05T08:50:05.499-03:00  INFO 15156 --- [topomanager] [tomcat-handler-7] b.c.s.t.service.IdentificadorService     : ✅ Arquivo TXT gravado com sucesso em: /app/temp/20261005084955-28_sem_os_2/G17C6/G17C6-[5, 11].txt
2026-10-05T08:50:05.503-03:00  INFO 15156 --- [topomanager] [tomcat-handler-7] b.c.s.t.service.IdentificadorService     : ✅ Arquivo TXT gravado com sucesso em: /app/temp/20261005084955-28_sem_os_2/G17C6/G17C6-[5, 16].txt
2026-10-05T08:50:05.503-03:00  INFO 15156 --- [topomanager] [tomcat-handler-7] b.c.s.t.service.IdentificadorService     : ✅ Arquivo TXT gravado com sucesso em: /app/temp/20261005084955-28_sem_os_2/G17C6/G17C6-[5, 18].txt
2026-10-05T08:50:05.504-03:00  INFO 15156 --- [topomanager] [tomcat-handler-7] b.c.s.t.service.IdentificadorService     : ✅ Arquivo TXT gravado com sucesso em: /app/temp/20261005084955-28_sem_os_2/G17C6/G17C6-[5, 20].txt
2026-10-05T08:50:05.504-03:00  INFO 15156 --- [topomanager] [tomcat-handler-7] b.c.s.t.service.IdentificadorService     : ✅ Arquivo TXT gravado com sucesso em: /app/temp/20261005084955-28_sem_os_2/G17C6/G17C6-[5, 23].txt
2026-10-05T08:50:05.527-03:00  INFO 15156 --- [topomanager] [tomcat-handler-7] b.c.s.t.service.IdentificadorService     : ✅ Arquivo TXT gravado com sucesso em: /app/temp/20261005084955-28_sem_os_2/G17C6/G17C6-[5, 24].txt
2026-10-05T08:50:05.528-03:00  INFO 15156 --- [topomanager] [tomcat-handler-7] b.c.s.t.service.IdentificadorService     : ✅ Arquivo TXT gravado com sucesso em: /app/temp/20261005084955-28_sem_os_2/G17C6/G17C6-[5, 25].txt
2026-10-05T08:50:05.529-03:00  INFO 15156 --- [topomanager] [tomcat-handler-7] b.c.s.t.service.IdentificadorService     : ✅ Arquivo TXT gravado com sucesso em: /app/temp/20261005084955-28_sem_os_2/G17C6/G17C6-[6, 11].txt
2026-10-05T08:50:05.529-03:00  INFO 15156 --- [topomanager] [tomcat-handler-7] b.c.s.t.service.IdentificadorService     : ✅ Arquivo TXT gravado com sucesso em: /app/temp/20261005084955-28_sem_os_2/G17C6/G17C6-[6, 16].txt
2026-10-05T08:50:05.531-03:00  INFO 15156 --- [topomanager] [tomcat-handler-7] b.c.s.t.service.IdentificadorService     : ✅ Arquivo TXT gravado com sucesso em: /app/temp/20261005084955-28_sem_os_2/G17C6/G17C6-[6, 18].txt
2026-10-05T08:50:05.532-03:00  INFO 15156 --- [topomanager] [tomcat-handler-7] b.c.s.t.service.IdentificadorService     : ✅ Arquivo TXT gravado com sucesso em: /app/temp/20261005084955-28_sem_os_2/G17C6/G17C6-[6, 20].txt
2026-10-05T08:50:05.532-03:00  INFO 15156 --- [topomanager] [tomcat-handler-7] b.c.s.t.service.IdentificadorService     : ✅ Arquivo TXT gravado com sucesso em: /app/temp/20261005084955-28_sem_os_2/G17C6/G17C6-[6, 23].txt
2026-10-05T08:50:05.533-03:00  INFO 15156 --- [topomanager] [tomcat-handler-7] b.c.s.t.service.IdentificadorService     : ✅ Arquivo TXT gravado com sucesso em: /app/temp/20261005084955-28_sem_os_2/G17C6/G17C6-[6, 24].txt
2026-10-05T08:50:05.556-03:00  INFO 15156 --- [topomanager] [tomcat-handler-7] b.c.s.t.service.IdentificadorService     : ✅ Arquivo TXT gravado com sucesso em: /app/temp/20261005084955-28_sem_os_2/G17C6/G17C6-[6, 25].txt
2026-10-05T08:50:05.556-03:00  INFO 15156 --- [topomanager] [tomcat-handler-7] b.c.s.t.service.IdentificadorService     : ✅ Arquivo TXT gravado com sucesso em: /app/temp/20261005084955-28_sem_os_2/G17C6/G17C6-[11, 16].txt
2026-10-05T08:50:05.557-03:00  INFO 15156 --- [topomanager] [tomcat-handler-7] b.c.s.t.service.IdentificadorService     : ✅ Arquivo TXT gravado com sucesso em: /app/temp/20261005084955-28_sem_os_2/G17C6/G17C6-[11, 18].txt
2026-10-05T08:50:05.557-03:00  INFO 15156 --- [topomanager] [tomcat-handler-7] b.c.s.t.service.IdentificadorService     : ✅ Arquivo TXT gravado com sucesso em: /app/temp/20261005084955-28_sem_os_2/G17C6/G17C6-[11, 20].txt
2026-10-05T08:50:05.559-03:00  INFO 15156 --- [topomanager] [tomcat-handler-7] b.c.s.t.service.IdentificadorService     : ✅ Arquivo TXT gravado com sucesso em: /app/temp/20261005084955-28_sem_os_2/G17C6/G17C6-[11, 23].txt
2026-10-05T08:50:05.560-03:00  INFO 15156 --- [topomanager] [tomcat-handler-7] b.c.s.t.service.IdentificadorService     : ✅ Arquivo TXT gravado com sucesso em: /app/temp/20261005084955-28_sem_os_2/G17C6/G17C6-[11, 24].txt
2026-10-05T08:50:05.561-03:00  INFO 15156 --- [topomanager] [tomcat-handler-7] b.c.s.t.service.IdentificadorService     : ✅ Arquivo TXT gravado com sucesso em: /app/temp/20261005084955-28_sem_os_2/G17C6/G17C6-[11, 25].txt
2026-10-05T08:50:05.561-03:00  INFO 15156 --- [topomanager] [tomcat-handler-7] b.c.s.t.service.IdentificadorService     : ✅ Arquivo TXT gravado com sucesso em: /app/temp/20261005084955-28_sem_os_2/G17C6/G17C6-[16, 18].txt
2026-10-05T08:50:05.584-03:00  INFO 15156 --- [topomanager] [tomcat-handler-7] b.c.s.t.service.IdentificadorService     : ✅ Arquivo TXT gravado com sucesso em: /app/temp/20261005084955-28_sem_os_2/G17C6/G17C6-[16, 20].txt
2026-10-05T08:50:05.585-03:00  INFO 15156 --- [topomanager] [tomcat-handler-7] b.c.s.t.service.IdentificadorService     : ✅ Arquivo TXT gravado com sucesso em: /app/temp/20261005084955-28_sem_os_2/G17C6/G17C6-[16, 23].txt
2026-10-05T08:50:05.586-03:00  INFO 15156 --- [topomanager] [tomcat-handler-7] b.c.s.t.service.IdentificadorService     : ✅ Arquivo TXT gravado com sucesso em: /app/temp/20261005084955-28_sem_os_2/G17C6/G17C6-[16, 24].txt
2026-10-05T08:50:05.586-03:00  INFO 15156 --- [topomanager] [tomcat-handler-7] b.c.s.t.service.IdentificadorService     : ✅ Arquivo TXT gravado com sucesso em: /app/temp/20261005084955-28_sem_os_2/G17C6/G17C6-[16, 25].txt
2026-10-05T08:50:05.614-03:00  INFO 15156 --- [topomanager] [tomcat-handler-7] b.c.s.t.service.IdentificadorService     : ✅ Arquivo TXT gravado com sucesso em: /app/temp/20261005084955-28_sem_os_2/G17C6/G17C6-[18, 20].txt
2026-10-05T08:50:05.614-03:00  INFO 15156 --- [topomanager] [tomcat-handler-7] b.c.s.t.service.IdentificadorService     : ✅ Arquivo TXT gravado com sucesso em: /app/temp/20261005084955-28_sem_os_2/G17C6/G17C6-[18, 23].txt
2026-10-05T08:50:05.615-03:00  INFO 15156 --- [topomanager] [tomcat-handler-7] b.c.s.t.service.IdentificadorService     : ✅ Arquivo TXT gravado com sucesso em: /app/temp/20261005084955-28_sem_os_2/G17C6/G17C6-[18, 24].txt
2026-10-05T08:50:05.615-03:00  INFO 15156 --- [topomanager] [tomcat-handler-7] b.c.s.t.service.IdentificadorService     : ✅ Arquivo TXT gravado com sucesso em: /app/temp/20261005084955-28_sem_os_2/G17C6/G17C6-[18, 25].txt
2026-10-05T08:50:05.661-03:00  INFO 15156 --- [topomanager] [tomcat-handler-7] b.c.s.t.service.IdentificadorService     : ✅ Arquivo TXT gravado com sucesso em: /app/temp/20261005084955-28_sem_os_2/G17C6/G17C6-[20, 23].txt
2026-10-05T08:50:05.662-03:00  INFO 15156 --- [topomanager] [tomcat-handler-7] b.c.s.t.service.IdentificadorService     : ✅ Arquivo TXT gravado com sucesso em: /app/temp/20261005084955-28_sem_os_2/G17C6/G17C6-[20, 24].txt
2026-10-05T08:50:05.663-03:00  INFO 15156 --- [topomanager] [tomcat-handler-7] b.c.s.t.service.IdentificadorService     : ✅ Arquivo TXT gravado com sucesso em: /app/temp/20261005084955-28_sem_os_2/G17C6/G17C6-[20, 25].txt
2026-10-05T08:50:05.663-03:00  INFO 15156 --- [topomanager] [tomcat-handler-7] b.c.s.t.service.IdentificadorService     : ✅ Arquivo TXT gravado com sucesso em: /app/temp/20261005084955-28_sem_os_2/G17C6/G17C6-[23, 24].txt
2026-10-05T08:50:05.664-03:00  INFO 15156 --- [topomanager] [tomcat-handler-7] b.c.s.t.service.IdentificadorService     : ✅ Arquivo TXT gravado com sucesso em: /app/temp/20261005084955-28_sem_os_2/G17C6/G17C6-[23, 25].txt
2026-10-05T08:50:05.665-03:00  INFO 15156 --- [topomanager] [tomcat-handler-7] b.c.s.t.service.IdentificadorService     : ✅ Arquivo TXT gravado com sucesso em: /app/temp/20261005084955-28_sem_os_2/G17C6/G17C6-[24, 25].txt
2026-10-05T08:50:05.665-03:00  INFO 15156 --- [topomanager] [tomcat-handler-7] b.c.s.t.service.IdentificadorService     : ✅ Arquivo TXT gravado com sucesso em: /app/temp/20261005084955-28_sem_os_2/G7C2/G7C2-[2, 3].txt
2026-10-05T08:50:05.668-03:00  INFO 15156 --- [topomanager] [tomcat-handler-7] b.c.s.t.service.IdentificadorService     : ✅ Arquivo TXT gravado com sucesso em: /app/temp/20261005084955-28_sem_os_2/G7C2/G7C2-[2, 5].txt
2026-10-05T08:50:05.669-03:00  INFO 15156 --- [topomanager] [tomcat-handler-7] b.c.s.t.service.IdentificadorService     : ✅ Arquivo TXT gravado com sucesso em: /app/temp/20261005084955-28_sem_os_2/G7C2/G7C2-[2, 10].txt
2026-10-05T08:50:05.670-03:00  INFO 15156 --- [topomanager] [tomcat-handler-7] b.c.s.t.service.IdentificadorService     : ✅ Arquivo TXT gravado com sucesso em: /app/temp/20261005084955-28_sem_os_2/G7C2/G7C2-[2, 11].txt
2026-10-05T08:50:05.670-03:00  INFO 15156 --- [topomanager] [tomcat-handler-7] b.c.s.t.service.IdentificadorService     : ✅ Arquivo TXT gravado com sucesso em: /app/temp/20261005084955-28_sem_os_2/G7C2/G7C2-[2, 13].txt
2026-10-05T08:50:05.671-03:00  INFO 15156 --- [topomanager] [tomcat-handler-7] b.c.s.t.service.IdentificadorService     : ✅ Arquivo TXT gravado com sucesso em: /app/temp/20261005084955-28_sem_os_2/G7C2/G7C2-[2, 16].txt
2026-10-05T08:50:05.672-03:00  INFO 15156 --- [topomanager] [tomcat-handler-7] b.c.s.t.service.IdentificadorService     : ✅ Arquivo TXT gravado com sucesso em: /app/temp/20261005084955-28_sem_os_2/G7C2/G7C2-[2, 18].txt
2026-10-05T08:50:05.673-03:00  INFO 15156 --- [topomanager] [tomcat-handler-7] b.c.s.t.service.IdentificadorService     : ✅ Arquivo TXT gravado com sucesso em: /app/temp/20261005084955-28_sem_os_2/G7C2/G7C2-[2, 20].txt
2026-10-05T08:50:05.673-03:00  INFO 15156 --- [topomanager] [tomcat-handler-7] b.c.s.t.service.IdentificadorService     : ✅ Arquivo TXT gravado com sucesso em: /app/temp/20261005084955-28_sem_os_2/G7C2/G7C2-[2, 23].txt
2026-10-05T08:50:05.674-03:00  INFO 15156 --- [topomanager] [tomcat-handler-7] b.c.s.t.service.IdentificadorService     : ✅ Arquivo TXT gravado com sucesso em: /app/temp/20261005084955-28_sem_os_2/G7C2/G7C2-[2, 25].txt
2026-10-05T08:50:05.675-03:00  INFO 15156 --- [topomanager] [tomcat-handler-7] b.c.s.t.service.IdentificadorService     : ✅ Arquivo TXT gravado com sucesso em: /app/temp/20261005084955-28_sem_os_2/G7C2/G7C2-[3, 5].txt
2026-10-05T08:50:05.675-03:00  INFO 15156 --- [topomanager] [tomcat-handler-7] b.c.s.t.service.IdentificadorService     : ✅ Arquivo TXT gravado com sucesso em: /app/temp/20261005084955-28_sem_os_2/G7C2/G7C2-[3, 10].txt
2026-10-05T08:50:05.676-03:00  INFO 15156 --- [topomanager] [tomcat-handler-7] b.c.s.t.service.IdentificadorService     : ✅ Arquivo TXT gravado com sucesso em: /app/temp/20261005084955-28_sem_os_2/G7C2/G7C2-[3, 11].txt
2026-10-05T08:50:05.677-03:00  INFO 15156 --- [topomanager] [tomcat-handler-7] b.c.s.t.service.IdentificadorService     : ✅ Arquivo TXT gravado com sucesso em: /app/temp/20261005084955-28_sem_os_2/G7C2/G7C2-[3, 13].txt
2026-10-05T08:50:05.677-03:00  INFO 15156 --- [topomanager] [tomcat-handler-7] b.c.s.t.service.IdentificadorService     : ✅ Arquivo TXT gravado com sucesso em: /app/temp/20261005084955-28_sem_os_2/G7C2/G7C2-[3, 16].txt
2026-10-05T08:50:05.678-03:00  INFO 15156 --- [topomanager] [tomcat-handler-7] b.c.s.t.service.IdentificadorService     : ✅ Arquivo TXT gravado com sucesso em: /app/temp/20261005084955-28_sem_os_2/G7C2/G7C2-[3, 18].txt
2026-10-05T08:50:05.678-03:00  INFO 15156 --- [topomanager] [tomcat-handler-7] b.c.s.t.service.IdentificadorService     : ✅ Arquivo TXT gravado com sucesso em: /app/temp/20261005084955-28_sem_os_2/G7C2/G7C2-[3, 20].txt
2026-10-05T08:50:05.679-03:00  INFO 15156 --- [topomanager] [tomcat-handler-7] b.c.s.t.service.IdentificadorService     : ✅ Arquivo TXT gravado com sucesso em: /app/temp/20261005084955-28_sem_os_2/G7C2/G7C2-[3, 23].txt
2026-10-05T08:50:05.680-03:00  INFO 15156 --- [topomanager] [tomcat-handler-7] b.c.s.t.service.IdentificadorService     : ✅ Arquivo TXT gravado com sucesso em: /app/temp/20261005084955-28_sem_os_2/G7C2/G7C2-[3, 25].txt
2026-10-05T08:50:05.680-03:00  INFO 15156 --- [topomanager] [tomcat-handler-7] b.c.s.t.service.IdentificadorService     : ✅ Arquivo TXT gravado com sucesso em: /app/temp/20261005084955-28_sem_os_2/G7C2/G7C2-[5, 10].txt
2026-10-05T08:50:05.681-03:00  INFO 15156 --- [topomanager] [tomcat-handler-7] b.c.s.t.service.IdentificadorService     : ✅ Arquivo TXT gravado com sucesso em: /app/temp/20261005084955-28_sem_os_2/G7C2/G7C2-[5, 11].txt
2026-10-05T08:50:05.682-03:00  INFO 15156 --- [topomanager] [tomcat-handler-7] b.c.s.t.service.IdentificadorService     : ✅ Arquivo TXT gravado com sucesso em: /app/temp/20261005084955-28_sem_os_2/G7C2/G7C2-[5, 13].txt
2026-10-05T08:50:05.682-03:00  INFO 15156 --- [topomanager] [tomcat-handler-7] b.c.s.t.service.IdentificadorService     : ✅ Arquivo TXT gravado com sucesso em: /app/temp/20261005084955-28_sem_os_2/G7C2/G7C2-[5, 16].txt
2026-10-05T08:50:05.683-03:00  INFO 15156 --- [topomanager] [tomcat-handler-7] b.c.s.t.service.IdentificadorService     : ✅ Arquivo TXT gravado com sucesso em: /app/temp/20261005084955-28_sem_os_2/G7C2/G7C2-[5, 18].txt
2026-10-05T08:50:05.684-03:00  INFO 15156 --- [topomanager] [tomcat-handler-7] b.c.s.t.service.IdentificadorService     : ✅ Arquivo TXT gravado com sucesso em: /app/temp/20261005084955-28_sem_os_2/G7C2/G7C2-[5, 20].txt
2026-10-05T08:50:05.684-03:00  INFO 15156 --- [topomanager] [tomcat-handler-7] b.c.s.t.service.IdentificadorService     : ✅ Arquivo TXT gravado com sucesso em: /app/temp/20261005084955-28_sem_os_2/G7C2/G7C2-[5, 23].txt
2026-10-05T08:50:05.685-03:00  INFO 15156 --- [topomanager] [tomcat-handler-7] b.c.s.t.service.IdentificadorService     : ✅ Arquivo TXT gravado com sucesso em: /app/temp/20261005084955-28_sem_os_2/G7C2/G7C2-[5, 25].txt
2026-10-05T08:50:05.686-03:00  INFO 15156 --- [topomanager] [tomcat-handler-7] b.c.s.t.service.IdentificadorService     : ✅ Arquivo TXT gravado com sucesso em: /app/temp/20261005084955-28_sem_os_2/G7C2/G7C2-[10, 11].txt
2026-10-05T08:50:05.687-03:00  INFO 15156 --- [topomanager] [tomcat-handler-7] b.c.s.t.service.IdentificadorService     : ✅ Arquivo TXT gravado com sucesso em: /app/temp/20261005084955-28_sem_os_2/G7C2/G7C2-[10, 13].txt
2026-10-05T08:50:05.688-03:00  INFO 15156 --- [topomanager] [tomcat-handler-7] b.c.s.t.service.IdentificadorService     : ✅ Arquivo TXT gravado com sucesso em: /app/temp/20261005084955-28_sem_os_2/G7C2/G7C2-[10, 16].txt
2026-10-05T08:50:05.689-03:00  INFO 15156 --- [topomanager] [tomcat-handler-7] b.c.s.t.service.IdentificadorService     : ✅ Arquivo TXT gravado com sucesso em: /app/temp/20261005084955-28_sem_os_2/G7C2/G7C2-[10, 18].txt
2026-10-05T08:50:05.689-03:00  INFO 15156 --- [topomanager] [tomcat-handler-7] b.c.s.t.service.IdentificadorService     : ✅ Arquivo TXT gravado com sucesso em: /app/temp/20261005084955-28_sem_os_2/G7C2/G7C2-[10, 20].txt
2026-10-05T08:50:05.690-03:00  INFO 15156 --- [topomanager] [tomcat-handler-7] b.c.s.t.service.IdentificadorService     : ✅ Arquivo TXT gravado com sucesso em: /app/temp/20261005084955-28_sem_os_2/G7C2/G7C2-[10, 23].txt
2026-10-05T08:50:05.691-03:00  INFO 15156 --- [topomanager] [tomcat-handler-7] b.c.s.t.service.IdentificadorService     : ✅ Arquivo TXT gravado com sucesso em: /app/temp/20261005084955-28_sem_os_2/G7C2/G7C2-[10, 25].txt
2026-10-05T08:50:05.692-03:00  INFO 15156 --- [topomanager] [tomcat-handler-7] b.c.s.t.service.IdentificadorService     : ✅ Arquivo TXT gravado com sucesso em: /app/temp/20261005084955-28_sem_os_2/G7C2/G7C2-[11, 13].txt
2026-10-05T08:50:05.692-03:00  INFO 15156 --- [topomanager] [tomcat-handler-7] b.c.s.t.service.IdentificadorService     : ✅ Arquivo TXT gravado com sucesso em: /app/temp/20261005084955-28_sem_os_2/G7C2/G7C2-[11, 16].txt
2026-10-05T08:50:05.693-03:00  INFO 15156 --- [topomanager] [tomcat-handler-7] b.c.s.t.service.IdentificadorService     : ✅ Arquivo TXT gravado com sucesso em: /app/temp/20261005084955-28_sem_os_2/G7C2/G7C2-[11, 18].txt
2026-10-05T08:50:05.694-03:00  INFO 15156 --- [topomanager] [tomcat-handler-7] b.c.s.t.service.IdentificadorService     : ✅ Arquivo TXT gravado com sucesso em: /app/temp/20261005084955-28_sem_os_2/G7C2/G7C2-[11, 20].txt
2026-10-05T08:50:05.694-03:00  INFO 15156 --- [topomanager] [tomcat-handler-7] b.c.s.t.service.IdentificadorService     : ✅ Arquivo TXT gravado com sucesso em: /app/temp/20261005084955-28_sem_os_2/G7C2/G7C2-[11, 23].txt
2026-10-05T08:50:05.695-03:00  INFO 15156 --- [topomanager] [tomcat-handler-7] b.c.s.t.service.IdentificadorService     : ✅ Arquivo TXT gravado com sucesso em: /app/temp/20261005084955-28_sem_os_2/G7C2/G7C2-[11, 25].txt
2026-10-05T08:50:05.695-03:00  INFO 15156 --- [topomanager] [tomcat-handler-7] b.c.s.t.service.IdentificadorService     : ✅ Arquivo TXT gravado com sucesso em: /app/temp/20261005084955-28_sem_os_2/G7C2/G7C2-[13, 16].txt
2026-10-05T08:50:05.696-03:00  INFO 15156 --- [topomanager] [tomcat-handler-7] b.c.s.t.service.IdentificadorService     : ✅ Arquivo TXT gravado com sucesso em: /app/temp/20261005084955-28_sem_os_2/G7C2/G7C2-[13, 18].txt
2026-10-05T08:50:05.697-03:00  INFO 15156 --- [topomanager] [tomcat-handler-7] b.c.s.t.service.IdentificadorService     : ✅ Arquivo TXT gravado com sucesso em: /app/temp/20261005084955-28_sem_os_2/G7C2/G7C2-[13, 20].txt
2026-10-05T08:50:05.697-03:00  INFO 15156 --- [topomanager] [tomcat-handler-7] b.c.s.t.service.IdentificadorService     : ✅ Arquivo TXT gravado com sucesso em: /app/temp/20261005084955-28_sem_os_2/G7C2/G7C2-[13, 23].txt
2026-10-05T08:50:05.700-03:00  INFO 15156 --- [topomanager] [tomcat-handler-7] b.c.s.t.service.IdentificadorService     : ✅ Arquivo TXT gravado com sucesso em: /app/temp/20261005084955-28_sem_os_2/G7C2/G7C2-[13, 25].txt
2026-10-05T08:50:05.700-03:00  INFO 15156 --- [topomanager] [tomcat-handler-7] b.c.s.t.service.IdentificadorService     : ✅ Arquivo TXT gravado com sucesso em: /app/temp/20261005084955-28_sem_os_2/G7C2/G7C2-[16, 18].txt
2026-10-05T08:50:05.701-03:00  INFO 15156 --- [topomanager] [tomcat-handler-7] b.c.s.t.service.IdentificadorService     : ✅ Arquivo TXT gravado com sucesso em: /app/temp/20261005084955-28_sem_os_2/G7C2/G7C2-[16, 20].txt
2026-10-05T08:50:05.702-03:00  INFO 15156 --- [topomanager] [tomcat-handler-7] b.c.s.t.service.IdentificadorService     : ✅ Arquivo TXT gravado com sucesso em: /app/temp/20261005084955-28_sem_os_2/G7C2/G7C2-[16, 23].txt
2026-10-05T08:50:05.702-03:00  INFO 15156 --- [topomanager] [tomcat-handler-7] b.c.s.t.service.IdentificadorService     : ✅ Arquivo TXT gravado com sucesso em: /app/temp/20261005084955-28_sem_os_2/G7C2/G7C2-[16, 25].txt
2026-10-05T08:50:05.703-03:00  INFO 15156 --- [topomanager] [tomcat-handler-7] b.c.s.t.service.IdentificadorService     : ✅ Arquivo TXT gravado com sucesso em: /app/temp/20261005084955-28_sem_os_2/G7C2/G7C2-[18, 20].txt
2026-10-05T08:50:05.704-03:00  INFO 15156 --- [topomanager] [tomcat-handler-7] b.c.s.t.service.IdentificadorService     : ✅ Arquivo TXT gravado com sucesso em: /app/temp/20261005084955-28_sem_os_2/G7C2/G7C2-[18, 23].txt
2026-10-05T08:50:05.705-03:00  INFO 15156 --- [topomanager] [tomcat-handler-7] b.c.s.t.service.IdentificadorService     : ✅ Arquivo TXT gravado com sucesso em: /app/temp/20261005084955-28_sem_os_2/G7C2/G7C2-[18, 25].txt
2026-10-05T08:50:05.706-03:00  INFO 15156 --- [topomanager] [tomcat-handler-7] b.c.s.t.service.IdentificadorService     : ✅ Arquivo TXT gravado com sucesso em: /app/temp/20261005084955-28_sem_os_2/G7C2/G7C2-[20, 23].txt
2026-10-05T08:50:05.706-03:00  INFO 15156 --- [topomanager] [tomcat-handler-7] b.c.s.t.service.IdentificadorService     : ✅ Arquivo TXT gravado com sucesso em: /app/temp/20261005084955-28_sem_os_2/G7C2/G7C2-[20, 25].txt
2026-10-05T08:50:05.707-03:00  INFO 15156 --- [topomanager] [tomcat-handler-7] b.c.s.t.service.IdentificadorService     : ✅ Arquivo TXT gravado com sucesso em: /app/temp/20261005084955-28_sem_os_2/G7C2/G7C2-[23, 25].txt
2026-10-05T08:50:05.707-03:00  INFO 15156 --- [topomanager] [tomcat-handler-7] b.c.s.t.service.IdentificadorService     : ✅ Arquivo TXT gravado com sucesso em: /app/temp/20261005084955-28_sem_os_2/G7C6/G7C6-[2, 3].txt
2026-10-05T08:50:05.708-03:00  INFO 15156 --- [topomanager] [tomcat-handler-7] b.c.s.t.service.IdentificadorService     : ✅ Arquivo TXT gravado com sucesso em: /app/temp/20261005084955-28_sem_os_2/G7C6/G7C6-[2, 5].txt
2026-10-05T08:50:05.709-03:00  INFO 15156 --- [topomanager] [tomcat-handler-7] b.c.s.t.service.IdentificadorService     : ✅ Arquivo TXT gravado com sucesso em: /app/temp/20261005084955-28_sem_os_2/G7C6/G7C6-[2, 10].txt
2026-10-05T08:50:05.709-03:00  INFO 15156 --- [topomanager] [tomcat-handler-7] b.c.s.t.service.IdentificadorService     : ✅ Arquivo TXT gravado com sucesso em: /app/temp/20261005084955-28_sem_os_2/G7C6/G7C6-[2, 11].txt
2026-10-05T08:50:05.710-03:00  INFO 15156 --- [topomanager] [tomcat-handler-7] b.c.s.t.service.IdentificadorService     : ✅ Arquivo TXT gravado com sucesso em: /app/temp/20261005084955-28_sem_os_2/G7C6/G7C6-[2, 13].txt
2026-10-05T08:50:05.711-03:00  INFO 15156 --- [topomanager] [tomcat-handler-7] b.c.s.t.service.IdentificadorService     : ✅ Arquivo TXT gravado com sucesso em: /app/temp/20261005084955-28_sem_os_2/G7C6/G7C6-[2, 14].txt
2026-10-05T08:50:05.712-03:00  INFO 15156 --- [topomanager] [tomcat-handler-7] b.c.s.t.service.IdentificadorService     : ✅ Arquivo TXT gravado com sucesso em: /app/temp/20261005084955-28_sem_os_2/G7C6/G7C6-[2, 16].txt
2026-10-05T08:50:05.712-03:00  INFO 15156 --- [topomanager] [tomcat-handler-7] b.c.s.t.service.IdentificadorService     : ✅ Arquivo TXT gravado com sucesso em: /app/temp/20261005084955-28_sem_os_2/G7C6/G7C6-[2, 18].txt
2026-10-05T08:50:05.713-03:00  INFO 15156 --- [topomanager] [tomcat-handler-7] b.c.s.t.service.IdentificadorService     : ✅ Arquivo TXT gravado com sucesso em: /app/temp/20261005084955-28_sem_os_2/G7C6/G7C6-[2, 20].txt
2026-10-05T08:50:05.713-03:00  INFO 15156 --- [topomanager] [tomcat-handler-7] b.c.s.t.service.IdentificadorService     : ✅ Arquivo TXT gravado com sucesso em: /app/temp/20261005084955-28_sem_os_2/G7C6/G7C6-[2, 23].txt
2026-10-05T08:50:05.714-03:00  INFO 15156 --- [topomanager] [tomcat-handler-7] b.c.s.t.service.IdentificadorService     : ✅ Arquivo TXT gravado com sucesso em: /app/temp/20261005084955-28_sem_os_2/G7C6/G7C6-[3, 5].txt
2026-10-05T08:50:05.715-03:00  INFO 15156 --- [topomanager] [tomcat-handler-7] b.c.s.t.service.IdentificadorService     : ✅ Arquivo TXT gravado com sucesso em: /app/temp/20261005084955-28_sem_os_2/G7C6/G7C6-[3, 10].txt
2026-10-05T08:50:05.715-03:00  INFO 15156 --- [topomanager] [tomcat-handler-7] b.c.s.t.service.IdentificadorService     : ✅ Arquivo TXT gravado com sucesso em: /app/temp/20261005084955-28_sem_os_2/G7C6/G7C6-[3, 11].txt
2026-10-05T08:50:05.716-03:00  INFO 15156 --- [topomanager] [tomcat-handler-7] b.c.s.t.service.IdentificadorService     : ✅ Arquivo TXT gravado com sucesso em: /app/temp/20261005084955-28_sem_os_2/G7C6/G7C6-[3, 13].txt
2026-10-05T08:50:05.717-03:00  INFO 15156 --- [topomanager] [tomcat-handler-7] b.c.s.t.service.IdentificadorService     : ✅ Arquivo TXT gravado com sucesso em: /app/temp/20261005084955-28_sem_os_2/G7C6/G7C6-[3, 14].txt
2026-10-05T08:50:05.718-03:00  INFO 15156 --- [topomanager] [tomcat-handler-7] b.c.s.t.service.IdentificadorService     : ✅ Arquivo TXT gravado com sucesso em: /app/temp/20261005084955-28_sem_os_2/G7C6/G7C6-[3, 16].txt
2026-10-05T08:50:05.718-03:00  INFO 15156 --- [topomanager] [tomcat-handler-7] b.c.s.t.service.IdentificadorService     : ✅ Arquivo TXT gravado com sucesso em: /app/temp/20261005084955-28_sem_os_2/G7C6/G7C6-[3, 18].txt
2026-10-05T08:50:05.719-03:00  INFO 15156 --- [topomanager] [tomcat-handler-7] b.c.s.t.service.IdentificadorService     : ✅ Arquivo TXT gravado com sucesso em: /app/temp/20261005084955-28_sem_os_2/G7C6/G7C6-[3, 20].txt
2026-10-05T08:50:05.720-03:00  INFO 15156 --- [topomanager] [tomcat-handler-7] b.c.s.t.service.IdentificadorService     : ✅ Arquivo TXT gravado com sucesso em: /app/temp/20261005084955-28_sem_os_2/G7C6/G7C6-[3, 23].txt
2026-10-05T08:50:05.720-03:00  INFO 15156 --- [topomanager] [tomcat-handler-7] b.c.s.t.service.IdentificadorService     : ✅ Arquivo TXT gravado com sucesso em: /app/temp/20261005084955-28_sem_os_2/G7C6/G7C6-[5, 10].txt
2026-10-05T08:50:05.721-03:00  INFO 15156 --- [topomanager] [tomcat-handler-7] b.c.s.t.service.IdentificadorService     : ✅ Arquivo TXT gravado com sucesso em: /app/temp/20261005084955-28_sem_os_2/G7C6/G7C6-[5, 11].txt
2026-10-05T08:50:05.722-03:00  INFO 15156 --- [topomanager] [tomcat-handler-7] b.c.s.t.service.IdentificadorService     : ✅ Arquivo TXT gravado com sucesso em: /app/temp/20261005084955-28_sem_os_2/G7C6/G7C6-[5, 13].txt
2026-10-05T08:50:05.723-03:00  INFO 15156 --- [topomanager] [tomcat-handler-7] b.c.s.t.service.IdentificadorService     : ✅ Arquivo TXT gravado com sucesso em: /app/temp/20261005084955-28_sem_os_2/G7C6/G7C6-[5, 14].txt
2026-10-05T08:50:05.723-03:00  INFO 15156 --- [topomanager] [tomcat-handler-7] b.c.s.t.service.IdentificadorService     : ✅ Arquivo TXT gravado com sucesso em: /app/temp/20261005084955-28_sem_os_2/G7C6/G7C6-[5, 16].txt
2026-10-05T08:50:05.724-03:00  INFO 15156 --- [topomanager] [tomcat-handler-7] b.c.s.t.service.IdentificadorService     : ✅ Arquivo TXT gravado com sucesso em: /app/temp/20261005084955-28_sem_os_2/G7C6/G7C6-[5, 18].txt
2026-10-05T08:50:05.725-03:00  INFO 15156 --- [topomanager] [tomcat-handler-7] b.c.s.t.service.IdentificadorService     : ✅ Arquivo TXT gravado com sucesso em: /app/temp/20261005084955-28_sem_os_2/G7C6/G7C6-[5, 20].txt
2026-10-05T08:50:05.725-03:00  INFO 15156 --- [topomanager] [tomcat-handler-7] b.c.s.t.service.IdentificadorService     : ✅ Arquivo TXT gravado com sucesso em: /app/temp/20261005084955-28_sem_os_2/G7C6/G7C6-[5, 23].txt
2026-10-05T08:50:05.726-03:00  INFO 15156 --- [topomanager] [tomcat-handler-7] b.c.s.t.service.IdentificadorService     : ✅ Arquivo TXT gravado com sucesso em: /app/temp/20261005084955-28_sem_os_2/G7C6/G7C6-[10, 11].txt
2026-10-05T08:50:05.726-03:00  INFO 15156 --- [topomanager] [tomcat-handler-7] b.c.s.t.service.IdentificadorService     : ✅ Arquivo TXT gravado com sucesso em: /app/temp/20261005084955-28_sem_os_2/G7C6/G7C6-[10, 13].txt
2026-10-05T08:50:05.728-03:00  INFO 15156 --- [topomanager] [tomcat-handler-7] b.c.s.t.service.IdentificadorService     : ✅ Arquivo TXT gravado com sucesso em: /app/temp/20261005084955-28_sem_os_2/G7C6/G7C6-[10, 14].txt
2026-10-05T08:50:05.728-03:00  INFO 15156 --- [topomanager] [tomcat-handler-7] b.c.s.t.service.IdentificadorService     : ✅ Arquivo TXT gravado com sucesso em: /app/temp/20261005084955-28_sem_os_2/G7C6/G7C6-[10, 16].txt
2026-10-05T08:50:05.729-03:00  INFO 15156 --- [topomanager] [tomcat-handler-7] b.c.s.t.service.IdentificadorService     : ✅ Arquivo TXT gravado com sucesso em: /app/temp/20261005084955-28_sem_os_2/G7C6/G7C6-[10, 18].txt
2026-10-05T08:50:05.729-03:00  INFO 15156 --- [topomanager] [tomcat-handler-7] b.c.s.t.service.IdentificadorService     : ✅ Arquivo TXT gravado com sucesso em: /app/temp/20261005084955-28_sem_os_2/G7C6/G7C6-[10, 20].txt
2026-10-05T08:50:05.730-03:00  INFO 15156 --- [topomanager] [tomcat-handler-7] b.c.s.t.service.IdentificadorService     : ✅ Arquivo TXT gravado com sucesso em: /app/temp/20261005084955-28_sem_os_2/G7C6/G7C6-[10, 23].txt
2026-10-05T08:50:05.730-03:00  INFO 15156 --- [topomanager] [tomcat-handler-7] b.c.s.t.service.IdentificadorService     : ✅ Arquivo TXT gravado com sucesso em: /app/temp/20261005084955-28_sem_os_2/G7C6/G7C6-[11, 13].txt
2026-10-05T08:50:05.731-03:00  INFO 15156 --- [topomanager] [tomcat-handler-7] b.c.s.t.service.IdentificadorService     : ✅ Arquivo TXT gravado com sucesso em: /app/temp/20261005084955-28_sem_os_2/G7C6/G7C6-[11, 14].txt
2026-10-05T08:50:05.731-03:00  INFO 15156 --- [topomanager] [tomcat-handler-7] b.c.s.t.service.IdentificadorService     : ✅ Arquivo TXT gravado com sucesso em: /app/temp/20261005084955-28_sem_os_2/G7C6/G7C6-[11, 16].txt
2026-10-05T08:50:05.732-03:00  INFO 15156 --- [topomanager] [tomcat-handler-7] b.c.s.t.service.IdentificadorService     : ✅ Arquivo TXT gravado com sucesso em: /app/temp/20261005084955-28_sem_os_2/G7C6/G7C6-[11, 18].txt
2026-10-05T08:50:05.733-03:00  INFO 15156 --- [topomanager] [tomcat-handler-7] b.c.s.t.service.IdentificadorService     : ✅ Arquivo TXT gravado com sucesso em: /app/temp/20261005084955-28_sem_os_2/G7C6/G7C6-[11, 20].txt
2026-10-05T08:50:05.733-03:00  INFO 15156 --- [topomanager] [tomcat-handler-7] b.c.s.t.service.IdentificadorService     : ✅ Arquivo TXT gravado com sucesso em: /app/temp/20261005084955-28_sem_os_2/G7C6/G7C6-[11, 23].txt
2026-10-05T08:50:05.737-03:00  INFO 15156 --- [topomanager] [tomcat-handler-7] b.c.s.t.service.IdentificadorService     : ✅ Arquivo TXT gravado com sucesso em: /app/temp/20261005084955-28_sem_os_2/G7C6/G7C6-[13, 14].txt
2026-10-05T08:50:05.738-03:00  INFO 15156 --- [topomanager] [tomcat-handler-7] b.c.s.t.service.IdentificadorService     : ✅ Arquivo TXT gravado com sucesso em: /app/temp/20261005084955-28_sem_os_2/G7C6/G7C6-[13, 16].txt
2026-10-05T08:50:05.738-03:00  INFO 15156 --- [topomanager] [tomcat-handler-7] b.c.s.t.service.IdentificadorService     : ✅ Arquivo TXT gravado com sucesso em: /app/temp/20261005084955-28_sem_os_2/G7C6/G7C6-[13, 18].txt
2026-10-05T08:50:05.739-03:00  INFO 15156 --- [topomanager] [tomcat-handler-7] b.c.s.t.service.IdentificadorService     : ✅ Arquivo TXT gravado com sucesso em: /app/temp/20261005084955-28_sem_os_2/G7C6/G7C6-[13, 20].txt
2026-10-05T08:50:05.739-03:00  INFO 15156 --- [topomanager] [tomcat-handler-7] b.c.s.t.service.IdentificadorService     : ✅ Arquivo TXT gravado com sucesso em: /app/temp/20261005084955-28_sem_os_2/G7C6/G7C6-[13, 23].txt
2026-10-05T08:50:05.740-03:00  INFO 15156 --- [topomanager] [tomcat-handler-7] b.c.s.t.service.IdentificadorService     : ✅ Arquivo TXT gravado com sucesso em: /app/temp/20261005084955-28_sem_os_2/G7C6/G7C6-[14, 16].txt
2026-10-05T08:50:05.741-03:00  INFO 15156 --- [topomanager] [tomcat-handler-7] b.c.s.t.service.IdentificadorService     : ✅ Arquivo TXT gravado com sucesso em: /app/temp/20261005084955-28_sem_os_2/G7C6/G7C6-[14, 18].txt
2026-10-05T08:50:05.741-03:00  INFO 15156 --- [topomanager] [tomcat-handler-7] b.c.s.t.service.IdentificadorService     : ✅ Arquivo TXT gravado com sucesso em: /app/temp/20261005084955-28_sem_os_2/G7C6/G7C6-[14, 20].txt
2026-10-05T08:50:05.742-03:00  INFO 15156 --- [topomanager] [tomcat-handler-7] b.c.s.t.service.IdentificadorService     : ✅ Arquivo TXT gravado com sucesso em: /app/temp/20261005084955-28_sem_os_2/G7C6/G7C6-[14, 23].txt
2026-10-05T08:50:05.743-03:00  INFO 15156 --- [topomanager] [tomcat-handler-7] b.c.s.t.service.IdentificadorService     : ✅ Arquivo TXT gravado com sucesso em: /app/temp/20261005084955-28_sem_os_2/G7C6/G7C6-[16, 18].txt
2026-10-05T08:50:05.745-03:00  INFO 15156 --- [topomanager] [tomcat-handler-7] b.c.s.t.service.IdentificadorService     : ✅ Arquivo TXT gravado com sucesso em: /app/temp/20261005084955-28_sem_os_2/G7C6/G7C6-[16, 20].txt
2026-10-05T08:50:05.746-03:00  INFO 15156 --- [topomanager] [tomcat-handler-7] b.c.s.t.service.IdentificadorService     : ✅ Arquivo TXT gravado com sucesso em: /app/temp/20261005084955-28_sem_os_2/G7C6/G7C6-[16, 23].txt
2026-10-05T08:50:05.747-03:00  INFO 15156 --- [topomanager] [tomcat-handler-7] b.c.s.t.service.IdentificadorService     : ✅ Arquivo TXT gravado com sucesso em: /app/temp/20261005084955-28_sem_os_2/G7C6/G7C6-[18, 20].txt
2026-10-05T08:50:05.748-03:00  INFO 15156 --- [topomanager] [tomcat-handler-7] b.c.s.t.service.IdentificadorService     : ✅ Arquivo TXT gravado com sucesso em: /app/temp/20261005084955-28_sem_os_2/G7C6/G7C6-[18, 23].txt
2026-10-05T08:50:05.748-03:00  INFO 15156 --- [topomanager] [tomcat-handler-7] b.c.s.t.service.IdentificadorService     : ✅ Arquivo TXT gravado com sucesso em: /app/temp/20261005084955-28_sem_os_2/G7C6/G7C6-[20, 23].txt
2026-10-05T08:50:05.749-03:00  INFO 15156 --- [topomanager] [tomcat-handler-7] b.c.s.t.service.IdentificadorService     : ✅ Arquivo TXT gravado com sucesso em: /app/temp/20261005084955-28_sem_os_2/G7C5/G7C5-[2, 3].txt
2026-10-05T08:50:05.750-03:00  INFO 15156 --- [topomanager] [tomcat-handler-7] b.c.s.t.service.IdentificadorService     : ✅ Arquivo TXT gravado com sucesso em: /app/temp/20261005084955-28_sem_os_2/G7C5/G7C5-[2, 5].txt
2026-10-05T08:50:05.750-03:00  INFO 15156 --- [topomanager] [tomcat-handler-7] b.c.s.t.service.IdentificadorService     : ✅ Arquivo TXT gravado com sucesso em: /app/temp/20261005084955-28_sem_os_2/G7C5/G7C5-[2, 10].txt
2026-10-05T08:50:05.751-03:00  INFO 15156 --- [topomanager] [tomcat-handler-7] b.c.s.t.service.IdentificadorService     : ✅ Arquivo TXT gravado com sucesso em: /app/temp/20261005084955-28_sem_os_2/G7C5/G7C5-[2, 11].txt
2026-10-05T08:50:05.752-03:00  INFO 15156 --- [topomanager] [tomcat-handler-7] b.c.s.t.service.IdentificadorService     : ✅ Arquivo TXT gravado com sucesso em: /app/temp/20261005084955-28_sem_os_2/G7C5/G7C5-[2, 13].txt
2026-10-05T08:50:05.752-03:00  INFO 15156 --- [topomanager] [tomcat-handler-7] b.c.s.t.service.IdentificadorService     : ✅ Arquivo TXT gravado com sucesso em: /app/temp/20261005084955-28_sem_os_2/G7C5/G7C5-[2, 14].txt
2026-10-05T08:50:05.753-03:00  INFO 15156 --- [topomanager] [tomcat-handler-7] b.c.s.t.service.IdentificadorService     : ✅ Arquivo TXT gravado com sucesso em: /app/temp/20261005084955-28_sem_os_2/G7C5/G7C5-[2, 16].txt
2026-10-05T08:50:05.754-03:00  INFO 15156 --- [topomanager] [tomcat-handler-7] b.c.s.t.service.IdentificadorService     : ✅ Arquivo TXT gravado com sucesso em: /app/temp/20261005084955-28_sem_os_2/G7C5/G7C5-[2, 18].txt
2026-10-05T08:50:05.754-03:00  INFO 15156 --- [topomanager] [tomcat-handler-7] b.c.s.t.service.IdentificadorService     : ✅ Arquivo TXT gravado com sucesso em: /app/temp/20261005084955-28_sem_os_2/G7C5/G7C5-[2, 20].txt
2026-10-05T08:50:05.755-03:00  INFO 15156 --- [topomanager] [tomcat-handler-7] b.c.s.t.service.IdentificadorService     : ✅ Arquivo TXT gravado com sucesso em: /app/temp/20261005084955-28_sem_os_2/G7C5/G7C5-[2, 25].txt
2026-10-05T08:50:05.756-03:00  INFO 15156 --- [topomanager] [tomcat-handler-7] b.c.s.t.service.IdentificadorService     : ✅ Arquivo TXT gravado com sucesso em: /app/temp/20261005084955-28_sem_os_2/G7C5/G7C5-[3, 5].txt
2026-10-05T08:50:05.756-03:00  INFO 15156 --- [topomanager] [tomcat-handler-7] b.c.s.t.service.IdentificadorService     : ✅ Arquivo TXT gravado com sucesso em: /app/temp/20261005084955-28_sem_os_2/G7C5/G7C5-[3, 10].txt
2026-10-05T08:50:05.757-03:00  INFO 15156 --- [topomanager] [tomcat-handler-7] b.c.s.t.service.IdentificadorService     : ✅ Arquivo TXT gravado com sucesso em: /app/temp/20261005084955-28_sem_os_2/G7C5/G7C5-[3, 11].txt
2026-10-05T08:50:05.757-03:00  INFO 15156 --- [topomanager] [tomcat-handler-7] b.c.s.t.service.IdentificadorService     : ✅ Arquivo TXT gravado com sucesso em: /app/temp/20261005084955-28_sem_os_2/G7C5/G7C5-[3, 13].txt
2026-10-05T08:50:05.758-03:00  INFO 15156 --- [topomanager] [tomcat-handler-7] b.c.s.t.service.IdentificadorService     : ✅ Arquivo TXT gravado com sucesso em: /app/temp/20261005084955-28_sem_os_2/G7C5/G7C5-[3, 14].txt
2026-10-05T08:50:05.759-03:00  INFO 15156 --- [topomanager] [tomcat-handler-7] b.c.s.t.service.IdentificadorService     : ✅ Arquivo TXT gravado com sucesso em: /app/temp/20261005084955-28_sem_os_2/G7C5/G7C5-[3, 16].txt
2026-10-05T08:50:05.759-03:00  INFO 15156 --- [topomanager] [tomcat-handler-7] b.c.s.t.service.IdentificadorService     : ✅ Arquivo TXT gravado com sucesso em: /app/temp/20261005084955-28_sem_os_2/G7C5/G7C5-[3, 18].txt
2026-10-05T08:50:05.760-03:00  INFO 15156 --- [topomanager] [tomcat-handler-7] b.c.s.t.service.IdentificadorService     : ✅ Arquivo TXT gravado com sucesso em: /app/temp/20261005084955-28_sem_os_2/G7C5/G7C5-[3, 20].txt
2026-10-05T08:50:05.761-03:00  INFO 15156 --- [topomanager] [tomcat-handler-7] b.c.s.t.service.IdentificadorService     : ✅ Arquivo TXT gravado com sucesso em: /app/temp/20261005084955-28_sem_os_2/G7C5/G7C5-[3, 25].txt
2026-10-05T08:50:05.762-03:00  INFO 15156 --- [topomanager] [tomcat-handler-7] b.c.s.t.service.IdentificadorService     : ✅ Arquivo TXT gravado com sucesso em: /app/temp/20261005084955-28_sem_os_2/G7C5/G7C5-[5, 10].txt
2026-10-05T08:50:05.762-03:00  INFO 15156 --- [topomanager] [tomcat-handler-7] b.c.s.t.service.IdentificadorService     : ✅ Arquivo TXT gravado com sucesso em: /app/temp/20261005084955-28_sem_os_2/G7C5/G7C5-[5, 11].txt
2026-10-05T08:50:05.763-03:00  INFO 15156 --- [topomanager] [tomcat-handler-7] b.c.s.t.service.IdentificadorService     : ✅ Arquivo TXT gravado com sucesso em: /app/temp/20261005084955-28_sem_os_2/G7C5/G7C5-[5, 13].txt
2026-10-05T08:50:05.763-03:00  INFO 15156 --- [topomanager] [tomcat-handler-7] b.c.s.t.service.IdentificadorService     : ✅ Arquivo TXT gravado com sucesso em: /app/temp/20261005084955-28_sem_os_2/G7C5/G7C5-[5, 14].txt
2026-10-05T08:50:05.764-03:00  INFO 15156 --- [topomanager] [tomcat-handler-7] b.c.s.t.service.IdentificadorService     : ✅ Arquivo TXT gravado com sucesso em: /app/temp/20261005084955-28_sem_os_2/G7C5/G7C5-[5, 16].txt
2026-10-05T08:50:05.765-03:00  INFO 15156 --- [topomanager] [tomcat-handler-7] b.c.s.t.service.IdentificadorService     : ✅ Arquivo TXT gravado com sucesso em: /app/temp/20261005084955-28_sem_os_2/G7C5/G7C5-[5, 18].txt
2026-10-05T08:50:05.767-03:00  INFO 15156 --- [topomanager] [tomcat-handler-7] b.c.s.t.service.IdentificadorService     : ✅ Arquivo TXT gravado com sucesso em: /app/temp/20261005084955-28_sem_os_2/G7C5/G7C5-[5, 20].txt
2026-10-05T08:50:05.767-03:00  INFO 15156 --- [topomanager] [tomcat-handler-7] b.c.s.t.service.IdentificadorService     : ✅ Arquivo TXT gravado com sucesso em: /app/temp/20261005084955-28_sem_os_2/G7C5/G7C5-[5, 25].txt
2026-10-05T08:50:05.768-03:00  INFO 15156 --- [topomanager] [tomcat-handler-7] b.c.s.t.service.IdentificadorService     : ✅ Arquivo TXT gravado com sucesso em: /app/temp/20261005084955-28_sem_os_2/G7C5/G7C5-[10, 11].txt
2026-10-05T08:50:05.769-03:00  INFO 15156 --- [topomanager] [tomcat-handler-7] b.c.s.t.service.IdentificadorService     : ✅ Arquivo TXT gravado com sucesso em: /app/temp/20261005084955-28_sem_os_2/G7C5/G7C5-[10, 13].txt
2026-10-05T08:50:05.769-03:00  INFO 15156 --- [topomanager] [tomcat-handler-7] b.c.s.t.service.IdentificadorService     : ✅ Arquivo TXT gravado com sucesso em: /app/temp/20261005084955-28_sem_os_2/G7C5/G7C5-[10, 14].txt
2026-10-05T08:50:05.770-03:00  INFO 15156 --- [topomanager] [tomcat-handler-7] b.c.s.t.service.IdentificadorService     : ✅ Arquivo TXT gravado com sucesso em: /app/temp/20261005084955-28_sem_os_2/G7C5/G7C5-[10, 16].txt
2026-10-05T08:50:05.771-03:00  INFO 15156 --- [topomanager] [tomcat-handler-7] b.c.s.t.service.IdentificadorService     : ✅ Arquivo TXT gravado com sucesso em: /app/temp/20261005084955-28_sem_os_2/G7C5/G7C5-[10, 18].txt
2026-10-05T08:50:05.771-03:00  INFO 15156 --- [topomanager] [tomcat-handler-7] b.c.s.t.service.IdentificadorService     : ✅ Arquivo TXT gravado com sucesso em: /app/temp/20261005084955-28_sem_os_2/G7C5/G7C5-[10, 20].txt
2026-10-05T08:50:05.772-03:00  INFO 15156 --- [topomanager] [tomcat-handler-7] b.c.s.t.service.IdentificadorService     : ✅ Arquivo TXT gravado com sucesso em: /app/temp/20261005084955-28_sem_os_2/G7C5/G7C5-[10, 25].txt
2026-10-05T08:50:05.773-03:00  INFO 15156 --- [topomanager] [tomcat-handler-7] b.c.s.t.service.IdentificadorService     : ✅ Arquivo TXT gravado com sucesso em: /app/temp/20261005084955-28_sem_os_2/G7C5/G7C5-[11, 13].txt
2026-10-05T08:50:05.773-03:00  INFO 15156 --- [topomanager] [tomcat-handler-7] b.c.s.t.service.IdentificadorService     : ✅ Arquivo TXT gravado com sucesso em: /app/temp/20261005084955-28_sem_os_2/G7C5/G7C5-[11, 14].txt
2026-10-05T08:50:05.776-03:00  INFO 15156 --- [topomanager] [tomcat-handler-7] b.c.s.t.service.IdentificadorService     : ✅ Arquivo TXT gravado com sucesso em: /app/temp/20261005084955-28_sem_os_2/G7C5/G7C5-[11, 16].txt
2026-10-05T08:50:05.777-03:00  INFO 15156 --- [topomanager] [tomcat-handler-7] b.c.s.t.service.IdentificadorService     : ✅ Arquivo TXT gravado com sucesso em: /app/temp/20261005084955-28_sem_os_2/G7C5/G7C5-[11, 18].txt
2026-10-05T08:50:05.777-03:00  INFO 15156 --- [topomanager] [tomcat-handler-7] b.c.s.t.service.IdentificadorService     : ✅ Arquivo TXT gravado com sucesso em: /app/temp/20261005084955-28_sem_os_2/G7C5/G7C5-[11, 20].txt
2026-10-05T08:50:05.778-03:00  INFO 15156 --- [topomanager] [tomcat-handler-7] b.c.s.t.service.IdentificadorService     : ✅ Arquivo TXT gravado com sucesso em: /app/temp/20261005084955-28_sem_os_2/G7C5/G7C5-[11, 25].txt
2026-10-05T08:50:05.779-03:00  INFO 15156 --- [topomanager] [tomcat-handler-7] b.c.s.t.service.IdentificadorService     : ✅ Arquivo TXT gravado com sucesso em: /app/temp/20261005084955-28_sem_os_2/G7C5/G7C5-[13, 14].txt
2026-10-05T08:50:05.781-03:00  INFO 15156 --- [topomanager] [tomcat-handler-7] b.c.s.t.service.IdentificadorService     : ✅ Arquivo TXT gravado com sucesso em: /app/temp/20261005084955-28_sem_os_2/G7C5/G7C5-[13, 16].txt
2026-10-05T08:50:05.782-03:00  INFO 15156 --- [topomanager] [tomcat-handler-7] b.c.s.t.service.IdentificadorService     : ✅ Arquivo TXT gravado com sucesso em: /app/temp/20261005084955-28_sem_os_2/G7C5/G7C5-[13, 18].txt
2026-10-05T08:50:05.782-03:00  INFO 15156 --- [topomanager] [tomcat-handler-7] b.c.s.t.service.IdentificadorService     : ✅ Arquivo TXT gravado com sucesso em: /app/temp/20261005084955-28_sem_os_2/G7C5/G7C5-[13, 20].txt
2026-10-05T08:50:05.783-03:00  INFO 15156 --- [topomanager] [tomcat-handler-7] b.c.s.t.service.IdentificadorService     : ✅ Arquivo TXT gravado com sucesso em: /app/temp/20261005084955-28_sem_os_2/G7C5/G7C5-[13, 25].txt
2026-10-05T08:50:05.783-03:00  INFO 15156 --- [topomanager] [tomcat-handler-7] b.c.s.t.service.IdentificadorService     : ✅ Arquivo TXT gravado com sucesso em: /app/temp/20261005084955-28_sem_os_2/G7C5/G7C5-[14, 16].txt
2026-10-05T08:50:05.784-03:00  INFO 15156 --- [topomanager] [tomcat-handler-7] b.c.s.t.service.IdentificadorService     : ✅ Arquivo TXT gravado com sucesso em: /app/temp/20261005084955-28_sem_os_2/G7C5/G7C5-[14, 18].txt
2026-10-05T08:50:05.785-03:00  INFO 15156 --- [topomanager] [tomcat-handler-7] b.c.s.t.service.IdentificadorService     : ✅ Arquivo TXT gravado com sucesso em: /app/temp/20261005084955-28_sem_os_2/G7C5/G7C5-[14, 20].txt
2026-10-05T08:50:05.785-03:00  INFO 15156 --- [topomanager] [tomcat-handler-7] b.c.s.t.service.IdentificadorService     : ✅ Arquivo TXT gravado com sucesso em: /app/temp/20261005084955-28_sem_os_2/G7C5/G7C5-[14, 25].txt
2026-10-05T08:50:05.786-03:00  INFO 15156 --- [topomanager] [tomcat-handler-7] b.c.s.t.service.IdentificadorService     : ✅ Arquivo TXT gravado com sucesso em: /app/temp/20261005084955-28_sem_os_2/G7C5/G7C5-[16, 18].txt
2026-10-05T08:50:05.787-03:00  INFO 15156 --- [topomanager] [tomcat-handler-7] b.c.s.t.service.IdentificadorService     : ✅ Arquivo TXT gravado com sucesso em: /app/temp/20261005084955-28_sem_os_2/G7C5/G7C5-[16, 20].txt
2026-10-05T08:50:05.788-03:00  INFO 15156 --- [topomanager] [tomcat-handler-7] b.c.s.t.service.IdentificadorService     : ✅ Arquivo TXT gravado com sucesso em: /app/temp/20261005084955-28_sem_os_2/G7C5/G7C5-[16, 25].txt
2026-10-05T08:50:05.788-03:00  INFO 15156 --- [topomanager] [tomcat-handler-7] b.c.s.t.service.IdentificadorService     : ✅ Arquivo TXT gravado com sucesso em: /app/temp/20261005084955-28_sem_os_2/G7C5/G7C5-[18, 20].txt
2026-10-05T08:50:05.789-03:00  INFO 15156 --- [topomanager] [tomcat-handler-7] b.c.s.t.service.IdentificadorService     : ✅ Arquivo TXT gravado com sucesso em: /app/temp/20261005084955-28_sem_os_2/G7C5/G7C5-[18, 25].txt
2026-10-05T08:50:05.790-03:00  INFO 15156 --- [topomanager] [tomcat-handler-7] b.c.s.t.service.IdentificadorService     : ✅ Arquivo TXT gravado com sucesso em: /app/temp/20261005084955-28_sem_os_2/G7C5/G7C5-[20, 25].txt
2026-10-05T08:50:05.790-03:00  INFO 15156 --- [topomanager] [tomcat-handler-7] b.c.s.t.service.IdentificadorService     : Separando apenas 1 de 28 de cada grupo.
2026-10-05T08:50:05.797-03:00  INFO 15156 --- [topomanager] [tomcat-handler-7] b.c.s.t.service.IdentificadorService     : Os 6 Primeiros numeros dos grupos de 28: [{"grupoId":"G17|C3","agrupamentosDeNumeros":[[4,7,8,15,17,19],[4,7,8,15,17,21],[4,7,8,15,17,22],[4,7,8,15,19,21],[4,7,8,15,19,22],[4,7,8,15,21,22],[4,7,8,17,19,21],[4,7,8,17,19,22],[4,7,8,17,21,22],[4,7,8,19,21,22],[4,7,15,17,19,21],[4,7,15,17,19,22],[4,7,15,17,21,22],[4,7,15,19,21,22],[4,7,17,19,21,22],[4,8,15,17,19,21],[4,8,15,17,19,22],[4,8,15,17,21,22],[4,8,15,19,21,22],[4,8,17,19,21,22],[4,15,17,19,21,22],[7,8,15,17,19,21],[7,8,15,17,19,22],[7,8,15,17,21,22],[7,8,15,19,21,22],[7,8,17,19,21,22],[7,15,17,19,21,22],[8,15,17,19,21,22]]}, {"grupoId":"G10|C4","agrupamentosDeNumeros":[[1,7,8,15,17,19],[1,7,8,15,17,21],[1,7,8,15,17,22],[1,7,8,15,19,21],[1,7,8,15,19,22],[1,7,8,15,21,22],[1,7,8,17,19,21],[1,7,8,17,19,22],[1,7,8,17,21,22],[1,7,8,19,21,22],[1,7,15,17,19,21],[1,7,15,17,19,22],[1,7,15,17,21,22],[1,7,15,19,21,22],[1,7,17,19,21,22],[1,8,15,17,19,21],[1,8,15,17,19,22],[1,8,15,17,21,22],[1,8,15,19,21,22],[1,8,17,19,21,22],[1,15,17,19,21,22],[7,8,15,17,19,21],[7,8,15,17,19,22],[7,8,15,17,21,22],[7,8,15,19,21,22],[7,8,17,19,21,22],[7,15,17,19,21,22],[8,15,17,19,21,22]]}, {"grupoId":"G10|C2","agrupamentosDeNumeros":[[1,7,8,15,17,19],[1,7,8,15,17,21],[1,7,8,15,17,22],[1,7,8,15,19,21],[1,7,8,15,19,22],[1,7,8,15,21,22],[1,7,8,17,19,21],[1,7,8,17,19,22],[1,7,8,17,21,22],[1,7,8,19,21,22],[1,7,15,17,19,21],[1,7,15,17,19,22],[1,7,15,17,21,22],[1,7,15,19,21,22],[1,7,17,19,21,22],[1,8,15,17,19,21],[1,8,15,17,19,22],[1,8,15,17,21,22],[1,8,15,19,21,22],[1,8,17,19,21,22],[1,15,17,19,21,22],[7,8,15,17,19,21],[7,8,15,17,19,22],[7,8,15,17,21,22],[7,8,15,19,21,22],[7,8,17,19,21,22],[7,15,17,19,21,22],[8,15,17,19,21,22]]}, {"grupoId":"G10|C7","agrupamentosDeNumeros":[[1,7,8,15,17,19],[1,7,8,15,17,21],[1,7,8,15,17,22],[1,7,8,15,19,21],[1,7,8,15,19,22],[1,7,8,15,21,22],[1,7,8,17,19,21],[1,7,8,17,19,22],[1,7,8,17,21,22],[1,7,8,19,21,22],[1,7,15,17,19,21],[1,7,15,17,19,22],[1,7,15,17,21,22],[1,7,15,19,21,22],[1,7,17,19,21,22],[1,8,15,17,19,21],[1,8,15,17,19,22],[1,8,15,17,21,22],[1,8,15,19,21,22],[1,8,17,19,21,22],[1,15,17,19,21,22],[7,8,15,17,19,21],[7,8,15,17,19,22],[7,8,15,17,21,22],[7,8,15,19,21,22],[7,8,17,19,21,22],[7,15,17,19,21,22],[8,15,17,19,21,22]]}, {"grupoId":"G6|C1","agrupamentosDeNumeros":[[1,4,8,12,17,19],[1,4,8,12,17,21],[1,4,8,12,17,22],[1,4,8,12,19,21],[1,4,8,12,19,22],[1,4,8,12,21,22],[1,4,8,17,19,21],[1,4,8,17,19,22],[1,4,8,17,21,22],[1,4,8,19,21,22],[1,4,12,17,19,21],[1,4,12,17,19,22],[1,4,12,17,21,22],[1,4,12,19,21,22],[1,4,17,19,21,22],[1,8,12,17,19,21],[1,8,12,17,19,22],[1,8,12,17,21,22],[1,8,12,19,21,22],[1,8,17,19,21,22],[1,12,17,19,21,22],[4,8,12,17,19,21],[4,8,12,17,19,22],[4,8,12,17,21,22],[4,8,12,19,21,22],[4,8,17,19,21,22],[4,12,17,19,21,22],[8,12,17,19,21,22]]}, {"grupoId":"G10|C5","agrupamentosDeNumeros":[[1,7,8,15,17,19],[1,7,8,15,17,21],[1,7,8,15,17,22],[1,7,8,15,19,21],[1,7,8,15,19,22],[1,7,8,15,21,22],[1,7,8,17,19,21],[1,7,8,17,19,22],[1,7,8,17,21,22],[1,7,8,19,21,22],[1,7,15,17,19,21],[1,7,15,17,19,22],[1,7,15,17,21,22],[1,7,15,19,21,22],[1,7,17,19,21,22],[1,8,15,17,19,21],[1,8,15,17,19,22],[1,8,15,17,21,22],[1,8,15,19,21,22],[1,8,17,19,21,22],[1,15,17,19,21,22],[7,8,15,17,19,21],[7,8,15,17,19,22],[7,8,15,17,21,22],[7,8,15,19,21,22],[7,8,17,19,21,22],[7,15,17,19,21,22],[8,15,17,19,21,22]]}, {"grupoId":"G6|C3","agrupamentosDeNumeros":[[1,4,8,12,17,19],[1,4,8,12,17,21],[1,4,8,12,17,22],[1,4,8,12,19,21],[1,4,8,12,19,22],[1,4,8,12,21,22],[1,4,8,17,19,21],[1,4,8,17,19,22],[1,4,8,17,21,22],[1,4,8,19,21,22],[1,4,12,17,19,21],[1,4,12,17,19,22],[1,4,12,17,21,22],[1,4,12,19,21,22],[1,4,17,19,21,22],[1,8,12,17,19,21],[1,8,12,17,19,22],[1,8,12,17,21,22],[1,8,12,19,21,22],[1,8,17,19,21,22],[1,12,17,19,21,22],[4,8,12,17,19,21],[4,8,12,17,19,22],[4,8,12,17,21,22],[4,8,12,19,21,22],[4,8,17,19,21,22],[4,12,17,19,21,22],[8,12,17,19,21,22]]}, {"grupoId":"G6|C6","agrupamentosDeNumeros":[[1,4,8,12,17,19],[1,4,8,12,17,21],[1,4,8,12,17,22],[1,4,8,12,19,21],[1,4,8,12,19,22],[1,4,8,12,21,22],[1,4,8,17,19,21],[1,4,8,17,19,22],[1,4,8,17,21,22],[1,4,8,19,21,22],[1,4,12,17,19,21],[1,4,12,17,19,22],[1,4,12,17,21,22],[1,4,12,19,21,22],[1,4,17,19,21,22],[1,8,12,17,19,21],[1,8,12,17,19,22],[1,8,12,17,21,22],[1,8,12,19,21,22],[1,8,17,19,21,22],[1,12,17,19,21,22],[4,8,12,17,19,21],[4,8,12,17,19,22],[4,8,12,17,21,22],[4,8,12,19,21,22],[4,8,17,19,21,22],[4,12,17,19,21,22],[8,12,17,19,21,22]]}, {"grupoId":"G11|C10","agrupamentosDeNumeros":[[1,4,7,8,15,17],[1,4,7,8,15,19],[1,4,7,8,15,21],[1,4,7,8,17,19],[1,4,7,8,17,21],[1,4,7,8,19,21],[1,4,7,15,17,19],[1,4,7,15,17,21],[1,4,7,15,19,21],[1,4,7,17,19,21],[1,4,8,15,17,19],[1,4,8,15,17,21],[1,4,8,15,19,21],[1,4,8,17,19,21],[1,4,15,17,19,21],[1,7,8,15,17,19],[1,7,8,15,17,21],[1,7,8,15,19,21],[1,7,8,17,19,21],[1,7,15,17,19,21],[1,8,15,17,19,21],[4,7,8,15,17,19],[4,7,8,15,17,21],[4,7,8,15,19,21],[4,7,8,17,19,21],[4,7,15,17,19,21],[4,8,15,17,19,21],[7,8,15,17,19,21]]}, {"grupoId":"G15|C6","agrupamentosDeNumeros":[[1,4,7,8,12,17],[1,4,7,8,12,21],[1,4,7,8,12,22],[1,4,7,8,17,21],[1,4,7,8,17,22],[1,4,7,8,21,22],[1,4,7,12,17,21],[1,4,7,12,17,22],[1,4,7,12,21,22],[1,4,7,17,21,22],[1,4,8,12,17,21],[1,4,8,12,17,22],[1,4,8,12,21,22],[1,4,8,17,21,22],[1,4,12,17,21,22],[1,7,8,12,17,21],[1,7,8,12,17,22],[1,7,8,12,21,22],[1,7,8,17,21,22],[1,7,12,17,21,22],[1,8,12,17,21,22],[4,7,8,12,17,21],[4,7,8,12,17,22],[4,7,8,12,21,22],[4,7,8,17,21,22],[4,7,12,17,21,22],[4,8,12,17,21,22],[7,8,12,17,21,22]]}, {"grupoId":"G11|C5","agrupamentosDeNumeros":[[1,4,7,8,15,17],[1,4,7,8,15,19],[1,4,7,8,15,21],[1,4,7,8,17,19],[1,4,7,8,17,21],[1,4,7,8,19,21],[1,4,7,15,17,19],[1,4,7,15,17,21],[1,4,7,15,19,21],[1,4,7,17,19,21],[1,4,8,15,17,19],[1,4,8,15,17,21],[1,4,8,15,19,21],[1,4,8,17,19,21],[1,4,15,17,19,21],[1,7,8,15,17,19],[1,7,8,15,17,21],[1,7,8,15,19,21],[1,7,8,17,19,21],[1,7,15,17,19,21],[1,8,15,17,19,21],[4,7,8,15,17,19],[4,7,8,15,17,21],[4,7,8,15,19,21],[4,7,8,17,19,21],[4,7,15,17,19,21],[4,8,15,17,19,21],[7,8,15,17,19,21]]}, {"grupoId":"G11|C9","agrupamentosDeNumeros":[[1,4,7,8,15,17],[1,4,7,8,15,19],[1,4,7,8,15,21],[1,4,7,8,17,19],[1,4,7,8,17,21],[1,4,7,8,19,21],[1,4,7,15,17,19],[1,4,7,15,17,21],[1,4,7,15,19,21],[1,4,7,17,19,21],[1,4,8,15,17,19],[1,4,8,15,17,21],[1,4,8,15,19,21],[1,4,8,17,19,21],[1,4,15,17,19,21],[1,7,8,15,17,19],[1,7,8,15,17,21],[1,7,8,15,19,21],[1,7,8,17,19,21],[1,7,15,17,19,21],[1,8,15,17,19,21],[4,7,8,15,17,19],[4,7,8,15,17,21],[4,7,8,15,19,21],[4,7,8,17,19,21],[4,7,15,17,19,21],[4,8,15,17,19,21],[7,8,15,17,19,21]]}, {"grupoId":"G9|C6","agrupamentosDeNumeros":[[1,7,12,15,17,19],[1,7,12,15,17,21],[1,7,12,15,17,22],[1,7,12,15,19,21],[1,7,12,15,19,22],[1,7,12,15,21,22],[1,7,12,17,19,21],[1,7,12,17,19,22],[1,7,12,17,21,22],[1,7,12,19,21,22],[1,7,15,17,19,21],[1,7,15,17,19,22],[1,7,15,17,21,22],[1,7,15,19,21,22],[1,7,17,19,21,22],[1,12,15,17,19,21],[1,12,15,17,19,22],[1,12,15,17,21,22],[1,12,15,19,21,22],[1,12,17,19,21,22],[1,15,17,19,21,22],[7,12,15,17,19,21],[7,12,15,17,19,22],[7,12,15,17,21,22],[7,12,15,19,21,22],[7,12,17,19,21,22],[7,15,17,19,21,22],[12,15,17,19,21,22]]}, {"grupoId":"G9|C7","agrupamentosDeNumeros":[[1,7,12,15,17,19],[1,7,12,15,17,21],[1,7,12,15,17,22],[1,7,12,15,19,21],[1,7,12,15,19,22],[1,7,12,15,21,22],[1,7,12,17,19,21],[1,7,12,17,19,22],[1,7,12,17,21,22],[1,7,12,19,21,22],[1,7,15,17,19,21],[1,7,15,17,19,22],[1,7,15,17,21,22],[1,7,15,19,21,22],[1,7,17,19,21,22],[1,12,15,17,19,21],[1,12,15,17,19,22],[1,12,15,17,21,22],[1,12,15,19,21,22],[1,12,17,19,21,22],[1,15,17,19,21,22],[7,12,15,17,19,21],[7,12,15,17,19,22],[7,12,15,17,21,22],[7,12,15,19,21,22],[7,12,17,19,21,22],[7,15,17,19,21,22],[12,15,17,19,21,22]]}, {"grupoId":"G9|C1","agrupamentosDeNumeros":[[1,7,12,15,17,19],[1,7,12,15,17,21],[1,7,12,15,17,22],[1,7,12,15,19,21],[1,7,12,15,19,22],[1,7,12,15,21,22],[1,7,12,17,19,21],[1,7,12,17,19,22],[1,7,12,17,21,22],[1,7,12,19,21,22],[1,7,15,17,19,21],[1,7,15,17,19,22],[1,7,15,17,21,22],[1,7,15,19,21,22],[1,7,17,19,21,22],[1,12,15,17,19,21],[1,12,15,17,19,22],[1,12,15,17,21,22],[1,12,15,19,21,22],[1,12,17,19,21,22],[1,15,17,19,21,22],[7,12,15,17,19,21],[7,12,15,17,19,22],[7,12,15,17,21,22],[7,12,15,19,21,22],[7,12,17,19,21,22],[7,15,17,19,21,22],[12,15,17,19,21,22]]}, {"grupoId":"G5|C3","agrupamentosDeNumeros":[[1,4,8,15,17,19],[1,4,8,15,17,21],[1,4,8,15,17,22],[1,4,8,15,19,21],[1,4,8,15,19,22],[1,4,8,15,21,22],[1,4,8,17,19,21],[1,4,8,17,19,22],[1,4,8,17,21,22],[1,4,8,19,21,22],[1,4,15,17,19,21],[1,4,15,17,19,22],[1,4,15,17,21,22],[1,4,15,19,21,22],[1,4,17,19,21,22],[1,8,15,17,19,21],[1,8,15,17,19,22],[1,8,15,17,21,22],[1,8,15,19,21,22],[1,8,17,19,21,22],[1,15,17,19,21,22],[4,8,15,17,19,21],[4,8,15,17,19,22],[4,8,15,17,21,22],[4,8,15,19,21,22],[4,8,17,19,21,22],[4,15,17,19,21,22],[8,15,17,19,21,22]]}, {"grupoId":"G9|C3","agrupamentosDeNumeros":[[1,7,12,15,17,19],[1,7,12,15,17,21],[1,7,12,15,17,22],[1,7,12,15,19,21],[1,7,12,15,19,22],[1,7,12,15,21,22],[1,7,12,17,19,21],[1,7,12,17,19,22],[1,7,12,17,21,22],[1,7,12,19,21,22],[1,7,15,17,19,21],[1,7,15,17,19,22],[1,7,15,17,21,22],[1,7,15,19,21,22],[1,7,17,19,21,22],[1,12,15,17,19,21],[1,12,15,17,19,22],[1,12,15,17,21,22],[1,12,15,19,21,22],[1,12,17,19,21,22],[1,15,17,19,21,22],[7,12,15,17,19,21],[7,12,15,17,19,22],[7,12,15,17,21,22],[7,12,15,19,21,22],[7,12,17,19,21,22],[7,15,17,19,21,22],[12,15,17,19,21,22]]}, {"grupoId":"G5|C7","agrupamentosDeNumeros":[[1,4,8,15,17,19],[1,4,8,15,17,21],[1,4,8,15,17,22],[1,4,8,15,19,21],[1,4,8,15,19,22],[1,4,8,15,21,22],[1,4,8,17,19,21],[1,4,8,17,19,22],[1,4,8,17,21,22],[1,4,8,19,21,22],[1,4,15,17,19,21],[1,4,15,17,19,22],[1,4,15,17,21,22],[1,4,15,19,21,22],[1,4,17,19,21,22],[1,8,15,17,19,21],[1,8,15,17,19,22],[1,8,15,17,21,22],[1,8,15,19,21,22],[1,8,17,19,21,22],[1,15,17,19,21,22],[4,8,15,17,19,21],[4,8,15,17,19,22],[4,8,15,17,21,22],[4,8,15,19,21,22],[4,8,17,19,21,22],[4,15,17,19,21,22],[8,15,17,19,21,22]]}, {"grupoId":"G5|C6","agrupamentosDeNumeros":[[1,4,8,15,17,19],[1,4,8,15,17,21],[1,4,8,15,17,22],[1,4,8,15,19,21],[1,4,8,15,19,22],[1,4,8,15,21,22],[1,4,8,17,19,21],[1,4,8,17,19,22],[1,4,8,17,21,22],[1,4,8,19,21,22],[1,4,15,17,19,21],[1,4,15,17,19,22],[1,4,15,17,21,22],[1,4,15,19,21,22],[1,4,17,19,21,22],[1,8,15,17,19,21],[1,8,15,17,19,22],[1,8,15,17,21,22],[1,8,15,19,21,22],[1,8,17,19,21,22],[1,15,17,19,21,22],[4,8,15,17,19,21],[4,8,15,17,19,22],[4,8,15,17,21,22],[4,8,15,19,21,22],[4,8,17,19,21,22],[4,15,17,19,21,22],[8,15,17,19,21,22]]}, {"grupoId":"G5|C9","agrupamentosDeNumeros":[[1,4,8,15,17,19],[1,4,8,15,17,21],[1,4,8,15,17,22],[1,4,8,15,19,21],[1,4,8,15,19,22],[1,4,8,15,21,22],[1,4,8,17,19,21],[1,4,8,17,19,22],[1,4,8,17,21,22],[1,4,8,19,21,22],[1,4,15,17,19,21],[1,4,15,17,19,22],[1,4,15,17,21,22],[1,4,15,19,21,22],[1,4,17,19,21,22],[1,8,15,17,19,21],[1,8,15,17,19,22],[1,8,15,17,21,22],[1,8,15,19,21,22],[1,8,17,19,21,22],[1,15,17,19,21,22],[4,8,15,17,19,21],[4,8,15,17,19,22],[4,8,15,17,21,22],[4,8,15,19,21,22],[4,8,17,19,21,22],[4,15,17,19,21,22],[8,15,17,19,21,22]]}, {"grupoId":"G15|C1","agrupamentosDeNumeros":[[1,4,12,15,17,19],[1,4,12,15,17,21],[1,4,12,15,17,22],[1,4,12,15,19,21],[1,4,12,15,19,22],[1,4,12,15,21,22],[1,4,12,17,19,21],[1,4,12,17,19,22],[1,4,12,17,21,22],[1,4,12,19,21,22],[1,4,15,17,19,21],[1,4,15,17,19,22],[1,4,15,17,21,22],[1,4,15,19,21,22],[1,4,17,19,21,22],[1,12,15,17,19,21],[1,12,15,17,19,22],[1,12,15,17,21,22],[1,12,15,19,21,22],[1,12,17,19,21,22],[1,15,17,19,21,22],[4,12,15,17,19,21],[4,12,15,17,19,22],[4,12,15,17,21,22],[4,12,15,19,21,22],[4,12,17,19,21,22],[4,15,17,19,21,22],[12,15,17,19,21,22]]}, {"grupoId":"G4|C10","agrupamentosDeNumeros":[[1,4,7,15,17,19],[1,4,7,15,17,21],[1,4,7,15,17,22],[1,4,7,15,19,21],[1,4,7,15,19,22],[1,4,7,15,21,22],[1,4,7,17,19,21],[1,4,7,17,19,22],[1,4,7,17,21,22],[1,4,7,19,21,22],[1,4,15,17,19,21],[1,4,15,17,19,22],[1,4,15,17,21,22],[1,4,15,19,21,22],[1,4,17,19,21,22],[1,7,15,17,19,21],[1,7,15,17,19,22],[1,7,15,17,21,22],[1,7,15,19,21,22],[1,7,17,19,21,22],[1,15,17,19,21,22],[4,7,15,17,19,21],[4,7,15,17,19,22],[4,7,15,17,21,22],[4,7,15,19,21,22],[4,7,17,19,21,22],[4,15,17,19,21,22],[7,15,17,19,21,22]]}, {"grupoId":"G16|C7","agrupamentosDeNumeros":[[1,8,12,15,17,19],[1,8,12,15,17,21],[1,8,12,15,17,22],[1,8,12,15,19,21],[1,8,12,15,19,22],[1,8,12,15,21,22],[1,8,12,17,19,21],[1,8,12,17,19,22],[1,8,12,17,21,22],[1,8,12,19,21,22],[1,8,15,17,19,21],[1,8,15,17,19,22],[1,8,15,17,21,22],[1,8,15,19,21,22],[1,8,17,19,21,22],[1,12,15,17,19,21],[1,12,15,17,19,22],[1,12,15,17,21,22],[1,12,15,19,21,22],[1,12,17,19,21,22],[1,15,17,19,21,22],[8,12,15,17,19,21],[8,12,15,17,19,22],[8,12,15,17,21,22],[8,12,15,19,21,22],[8,12,17,19,21,22],[8,15,17,19,21,22],[12,15,17,19,21,22]]}, {"grupoId":"G16|C8","agrupamentosDeNumeros":[[1,8,12,15,17,19],[1,8,12,15,17,21],[1,8,12,15,17,22],[1,8,12,15,19,21],[1,8,12,15,19,22],[1,8,12,15,21,22],[1,8,12,17,19,21],[1,8,12,17,19,22],[1,8,12,17,21,22],[1,8,12,19,21,22],[1,8,15,17,19,21],[1,8,15,17,19,22],[1,8,15,17,21,22],[1,8,15,19,21,22],[1,8,17,19,21,22],[1,12,15,17,19,21],[1,12,15,17,19,22],[1,12,15,17,21,22],[1,12,15,19,21,22],[1,12,17,19,21,22],[1,15,17,19,21,22],[8,12,15,17,19,21],[8,12,15,17,19,22],[8,12,15,17,21,22],[8,12,15,19,21,22],[8,12,17,19,21,22],[8,15,17,19,21,22],[12,15,17,19,21,22]]}, {"grupoId":"G16|C3","agrupamentosDeNumeros":[[1,8,12,15,17,19],[1,8,12,15,17,21],[1,8,12,15,17,22],[1,8,12,15,19,21],[1,8,12,15,19,22],[1,8,12,15,21,22],[1,8,12,17,19,21],[1,8,12,17,19,22],[1,8,12,17,21,22],[1,8,12,19,21,22],[1,8,15,17,19,21],[1,8,15,17,19,22],[1,8,15,17,21,22],[1,8,15,19,21,22],[1,8,17,19,21,22],[1,12,15,17,19,21],[1,12,15,17,19,22],[1,12,15,17,21,22],[1,12,15,19,21,22],[1,12,17,19,21,22],[1,15,17,19,21,22],[8,12,15,17,19,21],[8,12,15,17,19,22],[8,12,15,17,21,22],[8,12,15,19,21,22],[8,12,17,19,21,22],[8,15,17,19,21,22],[12,15,17,19,21,22]]}, {"grupoId":"G12|C5","agrupamentosDeNumeros":[[1,4,7,8,15,19],[1,4,7,8,15,21],[1,4,7,8,15,22],[1,4,7,8,19,21],[1,4,7,8,19,22],[1,4,7,8,21,22],[1,4,7,15,19,21],[1,4,7,15,19,22],[1,4,7,15,21,22],[1,4,7,19,21,22],[1,4,8,15,19,21],[1,4,8,15,19,22],[1,4,8,15,21,22],[1,4,8,19,21,22],[1,4,15,19,21,22],[1,7,8,15,19,21],[1,7,8,15,19,22],[1,7,8,15,21,22],[1,7,8,19,21,22],[1,7,15,19,21,22],[1,8,15,19,21,22],[4,7,8,15,19,21],[4,7,8,15,19,22],[4,7,8,15,21,22],[4,7,8,19,21,22],[4,7,15,19,21,22],[4,8,15,19,21,22],[7,8,15,19,21,22]]}, {"grupoId":"G16|C6","agrupamentosDeNumeros":[[1,8,12,15,17,19],[1,8,12,15,17,21],[1,8,12,15,17,22],[1,8,12,15,19,21],[1,8,12,15,19,22],[1,8,12,15,21,22],[1,8,12,17,19,21],[1,8,12,17,19,22],[1,8,12,17,21,22],[1,8,12,19,21,22],[1,8,15,17,19,21],[1,8,15,17,19,22],[1,8,15,17,21,22],[1,8,15,19,21,22],[1,8,17,19,21,22],[1,12,15,17,19,21],[1,12,15,17,19,22],[1,12,15,17,21,22],[1,12,15,19,21,22],[1,12,17,19,21,22],[1,15,17,19,21,22],[8,12,15,17,19,21],[8,12,15,17,19,22],[8,12,15,17,21,22],[8,12,15,19,21,22],[8,12,17,19,21,22],[8,15,17,19,21,22],[12,15,17,19,21,22]]}, {"grupoId":"G12|C9","agrupamentosDeNumeros":[[1,4,7,8,15,19],[1,4,7,8,15,21],[1,4,7,8,15,22],[1,4,7,8,19,21],[1,4,7,8,19,22],[1,4,7,8,21,22],[1,4,7,15,19,21],[1,4,7,15,19,22],[1,4,7,15,21,22],[1,4,7,19,21,22],[1,4,8,15,19,21],[1,4,8,15,19,22],[1,4,8,15,21,22],[1,4,8,19,21,22],[1,4,15,19,21,22],[1,7,8,15,19,21],[1,7,8,15,19,22],[1,7,8,15,21,22],[1,7,8,19,21,22],[1,7,15,19,21,22],[1,8,15,19,21,22],[4,7,8,15,19,21],[4,7,8,15,19,22],[4,7,8,15,21,22],[4,7,8,19,21,22],[4,7,15,19,21,22],[4,8,15,19,21,22],[7,8,15,19,21,22]]}, {"grupoId":"G8|C2","agrupamentosDeNumeros":[[1,4,7,8,12,17],[1,4,7,8,12,19],[1,4,7,8,12,21],[1,4,7,8,17,19],[1,4,7,8,17,21],[1,4,7,8,19,21],[1,4,7,12,17,19],[1,4,7,12,17,21],[1,4,7,12,19,21],[1,4,7,17,19,21],[1,4,8,12,17,19],[1,4,8,12,17,21],[1,4,8,12,19,21],[1,4,8,17,19,21],[1,4,12,17,19,21],[1,7,8,12,17,19],[1,7,8,12,17,21],[1,7,8,12,19,21],[1,7,8,17,19,21],[1,7,12,17,19,21],[1,8,12,17,19,21],[4,7,8,12,17,19],[4,7,8,12,17,21],[4,7,8,12,19,21],[4,7,8,17,19,21],[4,7,12,17,19,21],[4,8,12,17,19,21],[7,8,12,17,19,21]]}, {"grupoId":"G8|C5","agrupamentosDeNumeros":[[1,4,7,8,17,19],[1,4,7,8,17,21],[1,4,7,8,17,22],[1,4,7,8,19,21],[1,4,7,8,19,22],[1,4,7,8,21,22],[1,4,7,17,19,21],[1,4,7,17,19,22],[1,4,7,17,21,22],[1,4,7,19,21,22],[1,4,8,17,19,21],[1,4,8,17,19,22],[1,4,8,17,21,22],[1,4,8,19,21,22],[1,4,17,19,21,22],[1,7,8,17,19,21],[1,7,8,17,19,22],[1,7,8,17,21,22],[1,7,8,19,21,22],[1,7,17,19,21,22],[1,8,17,19,21,22],[4,7,8,17,19,21],[4,7,8,17,19,22],[4,7,8,17,21,22],[4,7,8,19,21,22],[4,7,17,19,21,22],[4,8,17,19,21,22],[7,8,17,19,21,22]]}, {"grupoId":"G8|C4","agrupamentosDeNumeros":[[1,7,8,12,17,19],[1,7,8,12,17,21],[1,7,8,12,17,22],[1,7,8,12,19,21],[1,7,8,12,19,22],[1,7,8,12,21,22],[1,7,8,17,19,21],[1,7,8,17,19,22],[1,7,8,17,21,22],[1,7,8,19,21,22],[1,7,12,17,19,21],[1,7,12,17,19,22],[1,7,12,17,21,22],[1,7,12,19,21,22],[1,7,17,19,21,22],[1,8,12,17,19,21],[1,8,12,17,19,22],[1,8,12,17,21,22],[1,8,12,19,21,22],[1,8,17,19,21,22],[1,12,17,19,21,22],[7,8,12,17,19,21],[7,8,12,17,19,22],[7,8,12,17,21,22],[7,8,12,19,21,22],[7,8,17,19,21,22],[7,12,17,19,21,22],[8,12,17,19,21,22]]}, {"grupoId":"G4|C1","agrupamentosDeNumeros":[[1,4,7,12,15,17],[1,4,7,12,15,19],[1,4,7,12,15,21],[1,4,7,12,17,19],[1,4,7,12,17,21],[1,4,7,12,19,21],[1,4,7,15,17,19],[1,4,7,15,17,21],[1,4,7,15,19,21],[1,4,7,17,19,21],[1,4,12,15,17,19],[1,4,12,15,17,21],[1,4,12,15,19,21],[1,4,12,17,19,21],[1,4,15,17,19,21],[1,7,12,15,17,19],[1,7,12,15,17,21],[1,7,12,15,19,21],[1,7,12,17,19,21],[1,7,15,17,19,21],[1,12,15,17,19,21],[4,7,12,15,17,19],[4,7,12,15,17,21],[4,7,12,15,19,21],[4,7,12,17,19,21],[4,7,15,17,19,21],[4,12,15,17,19,21],[7,12,15,17,19,21]]}, {"grupoId":"G20|C10","agrupamentosDeNumeros":[[4,7,8,12,15,19],[4,7,8,12,15,21],[4,7,8,12,15,22],[4,7,8,12,19,21],[4,7,8,12,19,22],[4,7,8,12,21,22],[4,7,8,15,19,21],[4,7,8,15,19,22],[4,7,8,15,21,22],[4,7,8,19,21,22],[4,7,12,15,19,21],[4,7,12,15,19,22],[4,7,12,15,21,22],[4,7,12,19,21,22],[4,7,15,19,21,22],[4,8,12,15,19,21],[4,8,12,15,19,22],[4,8,12,15,21,22],[4,8,12,19,21,22],[4,8,15,19,21,22],[4,12,15,19,21,22],[7,8,12,15,19,21],[7,8,12,15,19,22],[7,8,12,15,21,22],[7,8,12,19,21,22],[7,8,15,19,21,22],[7,12,15,19,21,22],[8,12,15,19,21,22]]}, {"grupoId":"G4|C7","agrupamentosDeNumeros":[[1,4,7,12,15,17],[1,4,7,12,15,19],[1,4,7,12,15,22],[1,4,7,12,17,19],[1,4,7,12,17,22],[1,4,7,12,19,22],[1,4,7,15,17,19],[1,4,7,15,17,22],[1,4,7,15,19,22],[1,4,7,17,19,22],[1,4,12,15,17,19],[1,4,12,15,17,22],[1,4,12,15,19,22],[1,4,12,17,19,22],[1,4,15,17,19,22],[1,7,12,15,17,19],[1,7,12,15,17,22],[1,7,12,15,19,22],[1,7,12,17,19,22],[1,7,15,17,19,22],[1,12,15,17,19,22],[4,7,12,15,17,19],[4,7,12,15,17,22],[4,7,12,15,19,22],[4,7,12,17,19,22],[4,7,15,17,19,22],[4,12,15,17,19,22],[7,12,15,17,19,22]]}, {"grupoId":"G8|C9","agrupamentosDeNumeros":[[1,4,7,8,12,19],[1,4,7,8,12,21],[1,4,7,8,12,22],[1,4,7,8,19,21],[1,4,7,8,19,22],[1,4,7,8,21,22],[1,4,7,12,19,21],[1,4,7,12,19,22],[1,4,7,12,21,22],[1,4,7,19,21,22],[1,4,8,12,19,21],[1,4,8,12,19,22],[1,4,8,12,21,22],[1,4,8,19,21,22],[1,4,12,19,21,22],[1,7,8,12,19,21],[1,7,8,12,19,22],[1,7,8,12,21,22],[1,7,8,19,21,22],[1,7,12,19,21,22],[1,8,12,19,21,22],[4,7,8,12,19,21],[4,7,8,12,19,22],[4,7,8,12,21,22],[4,7,8,19,21,22],[4,7,12,19,21,22],[4,8,12,19,21,22],[7,8,12,19,21,22]]}, {"grupoId":"G4|C4","agrupamentosDeNumeros":[[1,7,12,15,17,19],[1,7,12,15,17,21],[1,7,12,15,17,22],[1,7,12,15,19,21],[1,7,12,15,19,22],[1,7,12,15,21,22],[1,7,12,17,19,21],[1,7,12,17,19,22],[1,7,12,17,21,22],[1,7,12,19,21,22],[1,7,15,17,19,21],[1,7,15,17,19,22],[1,7,15,17,21,22],[1,7,15,19,21,22],[1,7,17,19,21,22],[1,12,15,17,19,21],[1,12,15,17,19,22],[1,12,15,17,21,22],[1,12,15,19,21,22],[1,12,17,19,21,22],[1,15,17,19,21,22],[7,12,15,17,19,21],[7,12,15,17,19,22],[7,12,15,17,21,22],[7,12,15,19,21,22],[7,12,17,19,21,22],[7,15,17,19,21,22],[12,15,17,19,21,22]]}, {"grupoId":"G8|C8","agrupamentosDeNumeros":[[1,4,7,8,12,17],[1,4,7,8,12,19],[1,4,7,8,12,22],[1,4,7,8,17,19],[1,4,7,8,17,22],[1,4,7,8,19,22],[1,4,7,12,17,19],[1,4,7,12,17,22],[1,4,7,12,19,22],[1,4,7,17,19,22],[1,4,8,12,17,19],[1,4,8,12,17,22],[1,4,8,12,19,22],[1,4,8,17,19,22],[1,4,12,17,19,22],[1,7,8,12,17,19],[1,7,8,12,17,22],[1,7,8,12,19,22],[1,7,8,17,19,22],[1,7,12,17,19,22],[1,8,12,17,19,22],[4,7,8,12,17,19],[4,7,8,12,17,22],[4,7,8,12,19,22],[4,7,8,17,19,22],[4,7,12,17,19,22],[4,8,12,17,19,22],[7,8,12,17,19,22]]}, {"grupoId":"G20|C13","agrupamentosDeNumeros":[[4,7,8,12,15,19],[4,7,8,12,15,21],[4,7,8,12,15,22],[4,7,8,12,19,21],[4,7,8,12,19,22],[4,7,8,12,21,22],[4,7,8,15,19,21],[4,7,8,15,19,22],[4,7,8,15,21,22],[4,7,8,19,21,22],[4,7,12,15,19,21],[4,7,12,15,19,22],[4,7,12,15,21,22],[4,7,12,19,21,22],[4,7,15,19,21,22],[4,8,12,15,19,21],[4,8,12,15,19,22],[4,8,12,15,21,22],[4,8,12,19,21,22],[4,8,15,19,21,22],[4,12,15,19,21,22],[7,8,12,15,19,21],[7,8,12,15,19,22],[7,8,12,15,21,22],[7,8,12,19,21,22],[7,8,15,19,21,22],[7,12,15,19,21,22],[8,12,15,19,21,22]]}, {"grupoId":"G20|C14","agrupamentosDeNumeros":[[4,7,8,15,17,19],[4,7,8,15,17,21],[4,7,8,15,17,22],[4,7,8,15,19,21],[4,7,8,15,19,22],[4,7,8,15,21,22],[4,7,8,17,19,21],[4,7,8,17,19,22],[4,7,8,17,21,22],[4,7,8,19,21,22],[4,7,15,17,19,21],[4,7,15,17,19,22],[4,7,15,17,21,22],[4,7,15,19,21,22],[4,7,17,19,21,22],[4,8,15,17,19,21],[4,8,15,17,19,22],[4,8,15,17,21,22],[4,8,15,19,21,22],[4,8,17,19,21,22],[4,15,17,19,21,22],[7,8,15,17,19,21],[7,8,15,17,19,22],[7,8,15,17,21,22],[7,8,15,19,21,22],[7,8,17,19,21,22],[7,15,17,19,21,22],[8,15,17,19,21,22]]}, {"grupoId":"G20|C11","agrupamentosDeNumeros":[[4,7,8,15,17,19],[4,7,8,15,17,21],[4,7,8,15,17,22],[4,7,8,15,19,21],[4,7,8,15,19,22],[4,7,8,15,21,22],[4,7,8,17,19,21],[4,7,8,17,19,22],[4,7,8,17,21,22],[4,7,8,19,21,22],[4,7,15,17,19,21],[4,7,15,17,19,22],[4,7,15,17,21,22],[4,7,15,19,21,22],[4,7,17,19,21,22],[4,8,15,17,19,21],[4,8,15,17,19,22],[4,8,15,17,21,22],[4,8,15,19,21,22],[4,8,17,19,21,22],[4,15,17,19,21,22],[7,8,15,17,19,21],[7,8,15,17,19,22],[7,8,15,17,21,22],[7,8,15,19,21,22],[7,8,17,19,21,22],[7,15,17,19,21,22],[8,15,17,19,21,22]]}, {"grupoId":"G20|C12","agrupamentosDeNumeros":[[4,7,8,12,15,17],[4,7,8,12,15,19],[4,7,8,12,15,22],[4,7,8,12,17,19],[4,7,8,12,17,22],[4,7,8,12,19,22],[4,7,8,15,17,19],[4,7,8,15,17,22],[4,7,8,15,19,22],[4,7,8,17,19,22],[4,7,12,15,17,19],[4,7,12,15,17,22],[4,7,12,15,19,22],[4,7,12,17,19,22],[4,7,15,17,19,22],[4,8,12,15,17,19],[4,8,12,15,17,22],[4,8,12,15,19,22],[4,8,12,17,19,22],[4,8,15,17,19,22],[4,12,15,17,19,22],[7,8,12,15,17,19],[7,8,12,15,17,22],[7,8,12,15,19,22],[7,8,12,17,19,22],[7,8,15,17,19,22],[7,12,15,17,19,22],[8,12,15,17,19,22]]}, {"grupoId":"G20|C3","agrupamentosDeNumeros":[[4,7,8,12,15,17],[4,7,8,12,15,19],[4,7,8,12,15,21],[4,7,8,12,17,19],[4,7,8,12,17,21],[4,7,8,12,19,21],[4,7,8,15,17,19],[4,7,8,15,17,21],[4,7,8,15,19,21],[4,7,8,17,19,21],[4,7,12,15,17,19],[4,7,12,15,17,21],[4,7,12,15,19,21],[4,7,12,17,19,21],[4,7,15,17,19,21],[4,8,12,15,17,19],[4,8,12,15,17,21],[4,8,12,15,19,21],[4,8,12,17,19,21],[4,8,15,17,19,21],[4,12,15,17,19,21],[7,8,12,15,17,19],[7,8,12,15,17,21],[7,8,12,15,19,21],[7,8,12,17,19,21],[7,8,15,17,19,21],[7,12,15,17,19,21],[8,12,15,17,19,21]]}, {"grupoId":"G4|C9","agrupamentosDeNumeros":[[1,4,7,12,15,19],[1,4,7,12,15,21],[1,4,7,12,15,22],[1,4,7,12,19,21],[1,4,7,12,19,22],[1,4,7,12,21,22],[1,4,7,15,19,21],[1,4,7,15,19,22],[1,4,7,15,21,22],[1,4,7,19,21,22],[1,4,12,15,19,21],[1,4,12,15,19,22],[1,4,12,15,21,22],[1,4,12,19,21,22],[1,4,15,19,21,22],[1,7,12,15,19,21],[1,7,12,15,19,22],[1,7,12,15,21,22],[1,7,12,19,21,22],[1,7,15,19,21,22],[1,12,15,19,21,22],[4,7,12,15,19,21],[4,7,12,15,19,22],[4,7,12,15,21,22],[4,7,12,19,21,22],[4,7,15,19,21,22],[4,12,15,19,21,22],[7,12,15,19,21,22]]}, {"grupoId":"G20|C5","agrupamentosDeNumeros":[[7,8,12,15,17,19],[7,8,12,15,17,21],[7,8,12,15,17,22],[7,8,12,15,19,21],[7,8,12,15,19,22],[7,8,12,15,21,22],[7,8,12,17,19,21],[7,8,12,17,19,22],[7,8,12,17,21,22],[7,8,12,19,21,22],[7,8,15,17,19,21],[7,8,15,17,19,22],[7,8,15,17,21,22],[7,8,15,19,21,22],[7,8,17,19,21,22],[7,12,15,17,19,21],[7,12,15,17,19,22],[7,12,15,17,21,22],[7,12,15,19,21,22],[7,12,17,19,21,22],[7,15,17,19,21,22],[8,12,15,17,19,21],[8,12,15,17,19,22],[8,12,15,17,21,22],[8,12,15,19,21,22],[8,12,17,19,21,22],[8,15,17,19,21,22],[12,15,17,19,21,22]]}, {"grupoId":"G16|C2","agrupamentosDeNumeros":[[1,8,12,15,17,19],[1,8,12,15,17,21],[1,8,12,15,17,22],[1,8,12,15,19,21],[1,8,12,15,19,22],[1,8,12,15,21,22],[1,8,12,17,19,21],[1,8,12,17,19,22],[1,8,12,17,21,22],[1,8,12,19,21,22],[1,8,15,17,19,21],[1,8,15,17,19,22],[1,8,15,17,21,22],[1,8,15,19,21,22],[1,8,17,19,21,22],[1,12,15,17,19,21],[1,12,15,17,19,22],[1,12,15,17,21,22],[1,12,15,19,21,22],[1,12,17,19,21,22],[1,15,17,19,21,22],[8,12,15,17,19,21],[8,12,15,17,19,22],[8,12,15,17,21,22],[8,12,15,19,21,22],[8,12,17,19,21,22],[8,15,17,19,21,22],[12,15,17,19,21,22]]}, {"grupoId":"G20|C7","agrupamentosDeNumeros":[[4,7,8,15,17,19],[4,7,8,15,17,21],[4,7,8,15,17,22],[4,7,8,15,19,21],[4,7,8,15,19,22],[4,7,8,15,21,22],[4,7,8,17,19,21],[4,7,8,17,19,22],[4,7,8,17,21,22],[4,7,8,19,21,22],[4,7,15,17,19,21],[4,7,15,17,19,22],[4,7,15,17,21,22],[4,7,15,19,21,22],[4,7,17,19,21,22],[4,8,15,17,19,21],[4,8,15,17,19,22],[4,8,15,17,21,22],[4,8,15,19,21,22],[4,8,17,19,21,22],[4,15,17,19,21,22],[7,8,15,17,19,21],[7,8,15,17,19,22],[7,8,15,17,21,22],[7,8,15,19,21,22],[7,8,17,19,21,22],[7,15,17,19,21,22],[8,15,17,19,21,22]]}, {"grupoId":"G17|C7","agrupamentosDeNumeros":[[4,7,8,15,17,19],[4,7,8,15,17,21],[4,7,8,15,17,22],[4,7,8,15,19,21],[4,7,8,15,19,22],[4,7,8,15,21,22],[4,7,8,17,19,21],[4,7,8,17,19,22],[4,7,8,17,21,22],[4,7,8,19,21,22],[4,7,15,17,19,21],[4,7,15,17,19,22],[4,7,15,17,21,22],[4,7,15,19,21,22],[4,7,17,19,21,22],[4,8,15,17,19,21],[4,8,15,17,19,22],[4,8,15,17,21,22],[4,8,15,19,21,22],[4,8,17,19,21,22],[4,15,17,19,21,22],[7,8,15,17,19,21],[7,8,15,17,19,22],[7,8,15,17,21,22],[7,8,15,19,21,22],[7,8,17,19,21,22],[7,15,17,19,21,22],[8,15,17,19,21,22]]}, {"grupoId":"G13|C4","agrupamentosDeNumeros":[[1,4,7,8,12,17],[1,4,7,8,12,21],[1,4,7,8,12,22],[1,4,7,8,17,21],[1,4,7,8,17,22],[1,4,7,8,21,22],[1,4,7,12,17,21],[1,4,7,12,17,22],[1,4,7,12,21,22],[1,4,7,17,21,22],[1,4,8,12,17,21],[1,4,8,12,17,22],[1,4,8,12,21,22],[1,4,8,17,21,22],[1,4,12,17,21,22],[1,7,8,12,17,21],[1,7,8,12,17,22],[1,7,8,12,21,22],[1,7,8,17,21,22],[1,7,12,17,21,22],[1,8,12,17,21,22],[4,7,8,12,17,21],[4,7,8,12,17,22],[4,7,8,12,21,22],[4,7,8,17,21,22],[4,7,12,17,21,22],[4,8,12,17,21,22],[7,8,12,17,21,22]]}, {"grupoId":"G17|C6","agrupamentosDeNumeros":[[4,7,8,15,17,19],[4,7,8,15,17,21],[4,7,8,15,17,22],[4,7,8,15,19,21],[4,7,8,15,19,22],[4,7,8,15,21,22],[4,7,8,17,19,21],[4,7,8,17,19,22],[4,7,8,17,21,22],[4,7,8,19,21,22],[4,7,15,17,19,21],[4,7,15,17,19,22],[4,7,15,17,21,22],[4,7,15,19,21,22],[4,7,17,19,21,22],[4,8,15,17,19,21],[4,8,15,17,19,22],[4,8,15,17,21,22],[4,8,15,19,21,22],[4,8,17,19,21,22],[4,15,17,19,21,22],[7,8,15,17,19,21],[7,8,15,17,19,22],[7,8,15,17,21,22],[7,8,15,19,21,22],[7,8,17,19,21,22],[7,15,17,19,21,22],[8,15,17,19,21,22]]}, {"grupoId":"G7|C2","agrupamentosDeNumeros":[[1,7,8,12,15,17],[1,7,8,12,15,21],[1,7,8,12,15,22],[1,7,8,12,17,21],[1,7,8,12,17,22],[1,7,8,12,21,22],[1,7,8,15,17,21],[1,7,8,15,17,22],[1,7,8,15,21,22],[1,7,8,17,21,22],[1,7,12,15,17,21],[1,7,12,15,17,22],[1,7,12,15,21,22],[1,7,12,17,21,22],[1,7,15,17,21,22],[1,8,12,15,17,21],[1,8,12,15,17,22],[1,8,12,15,21,22],[1,8,12,17,21,22],[1,8,15,17,21,22],[1,12,15,17,21,22],[7,8,12,15,17,21],[7,8,12,15,17,22],[7,8,12,15,21,22],[7,8,12,17,21,22],[7,8,15,17,21,22],[7,12,15,17,21,22],[8,12,15,17,21,22]]}, {"grupoId":"G7|C6","agrupamentosDeNumeros":[[1,4,7,8,15,17],[1,4,7,8,15,21],[1,4,7,8,15,22],[1,4,7,8,17,21],[1,4,7,8,17,22],[1,4,7,8,21,22],[1,4,7,15,17,21],[1,4,7,15,17,22],[1,4,7,15,21,22],[1,4,7,17,21,22],[1,4,8,15,17,21],[1,4,8,15,17,22],[1,4,8,15,21,22],[1,4,8,17,21,22],[1,4,15,17,21,22],[1,7,8,15,17,21],[1,7,8,15,17,22],[1,7,8,15,21,22],[1,7,8,17,21,22],[1,7,15,17,21,22],[1,8,15,17,21,22],[4,7,8,15,17,21],[4,7,8,15,17,22],[4,7,8,15,21,22],[4,7,8,17,21,22],[4,7,15,17,21,22],[4,8,15,17,21,22],[7,8,15,17,21,22]]}, {"grupoId":"G7|C5","agrupamentosDeNumeros":[[1,7,8,12,15,17],[1,7,8,12,15,21],[1,7,8,12,15,22],[1,7,8,12,17,21],[1,7,8,12,17,22],[1,7,8,12,21,22],[1,7,8,15,17,21],[1,7,8,15,17,22],[1,7,8,15,21,22],[1,7,8,17,21,22],[1,7,12,15,17,21],[1,7,12,15,17,22],[1,7,12,15,21,22],[1,7,12,17,21,22],[1,7,15,17,21,22],[1,8,12,15,17,21],[1,8,12,15,17,22],[1,8,12,15,21,22],[1,8,12,17,21,22],[1,8,15,17,21,22],[1,12,15,17,21,22],[7,8,12,15,17,21],[7,8,12,15,17,22],[7,8,12,15,21,22],[7,8,12,17,21,22],[7,8,15,17,21,22],[7,12,15,17,21,22],[8,12,15,17,21,22]]}]
2026-10-05T08:50:05.798-03:00  INFO 15156 --- [topomanager] [tomcat-handler-7] b.c.s.t.service.IdentificadorService     : Separando apenas 1 de 55 de cada grupo.
2026-10-05T08:50:05.804-03:00  INFO 15156 --- [topomanager] [tomcat-handler-7] b.c.s.t.service.IdentificadorService     : Os 9 Ultimos numeros dos grupos de 55: [{"grupoId":"G17|C3","agrupamentosDeNumeros":[[5,6,9,10,11,18,20,23,25]]}, {"grupoId":"G10|C4","agrupamentosDeNumeros":[[6,9,11,13,14,18,20,23,25]]}, {"grupoId":"G10|C2","agrupamentosDeNumeros":[[9,11,13,16,18,20,23,24,25]]}, {"grupoId":"G10|C7","agrupamentosDeNumeros":[[6,9,13,14,16,18,23,24,25]]}, {"grupoId":"G6|C1","agrupamentosDeNumeros":[[6,9,11,16,18,20,23,24,25]]}, {"grupoId":"G10|C5","agrupamentosDeNumeros":[[6,9,11,14,16,18,23,24,25]]}, {"grupoId":"G6|C3","agrupamentosDeNumeros":[[5,6,9,11,14,18,20,23,25]]}, {"grupoId":"G6|C6","agrupamentosDeNumeros":[[5,6,9,14,16,18,23,24,25]]}, {"grupoId":"G11|C10","agrupamentosDeNumeros":[[6,9,10,11,13,14,16,20,25]]}, {"grupoId":"G15|C6","agrupamentosDeNumeros":[[9,10,11,14,16,18,20,23,24]]}, {"grupoId":"G11|C5","agrupamentosDeNumeros":[[6,9,10,11,13,14,16,20,24]]}, {"grupoId":"G9|C6","agrupamentosDeNumeros":[[5,6,11,14,18,20,23,24,25]]}, {"grupoId":"G11|C9","agrupamentosDeNumeros":[[6,9,10,11,13,14,16,20,25]]}, {"grupoId":"G9|C7","agrupamentosDeNumeros":[[5,6,9,10,14,18,23,24,25]]}, {"grupoId":"G9|C1","agrupamentosDeNumeros":[[6,9,10,11,18,20,23,24,25]]}, {"grupoId":"G5|C3","agrupamentosDeNumeros":[[5,6,9,10,11,14,18,23,24]]}, {"grupoId":"G9|C3","agrupamentosDeNumeros":[[5,9,10,11,14,18,20,23,25]]}, {"grupoId":"G5|C7","agrupamentosDeNumeros":[[5,6,9,10,13,14,18,23,24]]}, {"grupoId":"G5|C6","agrupamentosDeNumeros":[[5,6,11,13,14,18,20,23,24]]}, {"grupoId":"G5|C9","agrupamentosDeNumeros":[[6,9,10,11,14,18,20,23,24]]}, {"grupoId":"G15|C1","agrupamentosDeNumeros":[[9,10,11,14,16,18,20,23,24]]}, {"grupoId":"G4|C10","agrupamentosDeNumeros":[[5,6,9,11,13,16,18,20,23]]}, {"grupoId":"G16|C7","agrupamentosDeNumeros":[[6,9,10,13,16,18,23,24,25]]}, {"grupoId":"G16|C8","agrupamentosDeNumeros":[[9,10,11,16,18,20,23,24,25]]}, {"grupoId":"G16|C3","agrupamentosDeNumeros":[[6,9,10,11,16,18,23,24,25]]}, {"grupoId":"G12|C5","agrupamentosDeNumeros":[[6,9,10,11,13,14,16,18,24]]}, {"grupoId":"G16|C6","agrupamentosDeNumeros":[[6,11,13,16,18,20,23,24,25]]}, {"grupoId":"G8|C2","agrupamentosDeNumeros":[[6,9,10,11,13,20,23,24,25]]}, {"grupoId":"G12|C9","agrupamentosDeNumeros":[[6,9,10,11,13,14,16,18,25]]}, {"grupoId":"G8|C5","agrupamentosDeNumeros":[[6,9,10,11,13,18,20,23,24]]}, {"grupoId":"G8|C4","agrupamentosDeNumeros":[[6,9,10,11,13,18,20,24,25]]}, {"grupoId":"G4|C1","agrupamentosDeNumeros":[[5,6,9,11,13,16,20,23,24]]}, {"grupoId":"G20|C10","agrupamentosDeNumeros":[[6,9,11,13,14,20,23,24,25]]}, {"grupoId":"G4|C7","agrupamentosDeNumeros":[[6,9,11,13,16,18,20,23,24]]}, {"grupoId":"G4|C4","agrupamentosDeNumeros":[[5,6,9,11,13,16,18,20,24]]}, {"grupoId":"G8|C9","agrupamentosDeNumeros":[[6,9,10,11,13,20,23,24,25]]}, {"grupoId":"G8|C8","agrupamentosDeNumeros":[[9,10,11,13,18,20,23,24,25]]}, {"grupoId":"G20|C13","agrupamentosDeNumeros":[[6,9,11,13,14,20,23,24,25]]}, {"grupoId":"G20|C14","agrupamentosDeNumeros":[[6,9,11,13,14,18,20,23,25]]}, {"grupoId":"G20|C11","agrupamentosDeNumeros":[[6,9,11,13,14,18,20,23,25]]}, {"grupoId":"G20|C12","agrupamentosDeNumeros":[[9,11,13,14,18,20,23,24,25]]}, {"grupoId":"G20|C3","agrupamentosDeNumeros":[[6,9,11,13,14,20,23,24,25]]}, {"grupoId":"G4|C9","agrupamentosDeNumeros":[[5,6,9,11,13,16,20,23,24]]}, {"grupoId":"G20|C5","agrupamentosDeNumeros":[[6,9,11,13,14,18,20,24,25]]}, {"grupoId":"G20|C7","agrupamentosDeNumeros":[[6,9,11,13,14,18,20,23,24]]}, {"grupoId":"G16|C2","agrupamentosDeNumeros":[[6,9,10,11,13,18,20,23,25]]}, {"grupoId":"G17|C7","agrupamentosDeNumeros":[[5,6,9,10,16,18,23,24,25]]}, {"grupoId":"G17|C6","agrupamentosDeNumeros":[[5,6,11,16,18,20,23,24,25]]}, {"grupoId":"G13|C4","agrupamentosDeNumeros":[[6,9,10,13,14,16,20,24,25]]}, {"grupoId":"G7|C2","agrupamentosDeNumeros":[[5,10,11,13,16,18,20,23,25]]}, {"grupoId":"G7|C6","agrupamentosDeNumeros":[[5,10,11,13,14,16,18,20,23]]}, {"grupoId":"G7|C5","agrupamentosDeNumeros":[[5,10,11,13,14,16,18,20,25]]}]
2026-10-05T08:50:05.804-03:00  INFO 15156 --- [topomanager] [tomcat-handler-7] b.c.s.t.service.IdentificadorService     : Unindo os 9 em todos os 6 de cada Grupo.
2026-10-05T08:50:05.807-03:00  INFO 15156 --- [topomanager] [tomcat-handler-7] b.c.s.t.service.IdentificadorService     : Os 15 gerados: [{"grupoId":"G17|C3","agrupamentosDeNumeros":[[4,7,8,15,17,19,5,6,9,10,11,18,20,23,25],[4,7,8,15,17,21,5,6,9,10,11,18,20,23,25],[4,7,8,15,17,22,5,6,9,10,11,18,20,23,25],[4,7,8,15,19,21,5,6,9,10,11,18,20,23,25],[4,7,8,15,19,22,5,6,9,10,11,18,20,23,25],[4,7,8,15,21,22,5,6,9,10,11,18,20,23,25],[4,7,8,17,19,21,5,6,9,10,11,18,20,23,25],[4,7,8,17,19,22,5,6,9,10,11,18,20,23,25],[4,7,8,17,21,22,5,6,9,10,11,18,20,23,25],[4,7,8,19,21,22,5,6,9,10,11,18,20,23,25],[4,7,15,17,19,21,5,6,9,10,11,18,20,23,25],[4,7,15,17,19,22,5,6,9,10,11,18,20,23,25],[4,7,15,17,21,22,5,6,9,10,11,18,20,23,25],[4,7,15,19,21,22,5,6,9,10,11,18,20,23,25],[4,7,17,19,21,22,5,6,9,10,11,18,20,23,25],[4,8,15,17,19,21,5,6,9,10,11,18,20,23,25],[4,8,15,17,19,22,5,6,9,10,11,18,20,23,25],[4,8,15,17,21,22,5,6,9,10,11,18,20,23,25],[4,8,15,19,21,22,5,6,9,10,11,18,20,23,25],[4,8,17,19,21,22,5,6,9,10,11,18,20,23,25],[4,15,17,19,21,22,5,6,9,10,11,18,20,23,25],[7,8,15,17,19,21,5,6,9,10,11,18,20,23,25],[7,8,15,17,19,22,5,6,9,10,11,18,20,23,25],[7,8,15,17,21,22,5,6,9,10,11,18,20,23,25],[7,8,15,19,21,22,5,6,9,10,11,18,20,23,25],[7,8,17,19,21,22,5,6,9,10,11,18,20,23,25],[7,15,17,19,21,22,5,6,9,10,11,18,20,23,25],[8,15,17,19,21,22,5,6,9,10,11,18,20,23,25]]}, {"grupoId":"G10|C4","agrupamentosDeNumeros":[[1,7,8,15,17,19,6,9,11,13,14,18,20,23,25],[1,7,8,15,17,21,6,9,11,13,14,18,20,23,25],[1,7,8,15,17,22,6,9,11,13,14,18,20,23,25],[1,7,8,15,19,21,6,9,11,13,14,18,20,23,25],[1,7,8,15,19,22,6,9,11,13,14,18,20,23,25],[1,7,8,15,21,22,6,9,11,13,14,18,20,23,25],[1,7,8,17,19,21,6,9,11,13,14,18,20,23,25],[1,7,8,17,19,22,6,9,11,13,14,18,20,23,25],[1,7,8,17,21,22,6,9,11,13,14,18,20,23,25],[1,7,8,19,21,22,6,9,11,13,14,18,20,23,25],[1,7,15,17,19,21,6,9,11,13,14,18,20,23,25],[1,7,15,17,19,22,6,9,11,13,14,18,20,23,25],[1,7,15,17,21,22,6,9,11,13,14,18,20,23,25],[1,7,15,19,21,22,6,9,11,13,14,18,20,23,25],[1,7,17,19,21,22,6,9,11,13,14,18,20,23,25],[1,8,15,17,19,21,6,9,11,13,14,18,20,23,25],[1,8,15,17,19,22,6,9,11,13,14,18,20,23,25],[1,8,15,17,21,22,6,9,11,13,14,18,20,23,25],[1,8,15,19,21,22,6,9,11,13,14,18,20,23,25],[1,8,17,19,21,22,6,9,11,13,14,18,20,23,25],[1,15,17,19,21,22,6,9,11,13,14,18,20,23,25],[7,8,15,17,19,21,6,9,11,13,14,18,20,23,25],[7,8,15,17,19,22,6,9,11,13,14,18,20,23,25],[7,8,15,17,21,22,6,9,11,13,14,18,20,23,25],[7,8,15,19,21,22,6,9,11,13,14,18,20,23,25],[7,8,17,19,21,22,6,9,11,13,14,18,20,23,25],[7,15,17,19,21,22,6,9,11,13,14,18,20,23,25],[8,15,17,19,21,22,6,9,11,13,14,18,20,23,25]]}, {"grupoId":"G10|C2","agrupamentosDeNumeros":[[1,7,8,15,17,19,9,11,13,16,18,20,23,24,25],[1,7,8,15,17,21,9,11,13,16,18,20,23,24,25],[1,7,8,15,17,22,9,11,13,16,18,20,23,24,25],[1,7,8,15,19,21,9,11,13,16,18,20,23,24,25],[1,7,8,15,19,22,9,11,13,16,18,20,23,24,25],[1,7,8,15,21,22,9,11,13,16,18,20,23,24,25],[1,7,8,17,19,21,9,11,13,16,18,20,23,24,25],[1,7,8,17,19,22,9,11,13,16,18,20,23,24,25],[1,7,8,17,21,22,9,11,13,16,18,20,23,24,25],[1,7,8,19,21,22,9,11,13,16,18,20,23,24,25],[1,7,15,17,19,21,9,11,13,16,18,20,23,24,25],[1,7,15,17,19,22,9,11,13,16,18,20,23,24,25],[1,7,15,17,21,22,9,11,13,16,18,20,23,24,25],[1,7,15,19,21,22,9,11,13,16,18,20,23,24,25],[1,7,17,19,21,22,9,11,13,16,18,20,23,24,25],[1,8,15,17,19,21,9,11,13,16,18,20,23,24,25],[1,8,15,17,19,22,9,11,13,16,18,20,23,24,25],[1,8,15,17,21,22,9,11,13,16,18,20,23,24,25],[1,8,15,19,21,22,9,11,13,16,18,20,23,24,25],[1,8,17,19,21,22,9,11,13,16,18,20,23,24,25],[1,15,17,19,21,22,9,11,13,16,18,20,23,24,25],[7,8,15,17,19,21,9,11,13,16,18,20,23,24,25],[7,8,15,17,19,22,9,11,13,16,18,20,23,24,25],[7,8,15,17,21,22,9,11,13,16,18,20,23,24,25],[7,8,15,19,21,22,9,11,13,16,18,20,23,24,25],[7,8,17,19,21,22,9,11,13,16,18,20,23,24,25],[7,15,17,19,21,22,9,11,13,16,18,20,23,24,25],[8,15,17,19,21,22,9,11,13,16,18,20,23,24,25]]}, {"grupoId":"G10|C7","agrupamentosDeNumeros":[[1,7,8,15,17,19,6,9,13,14,16,18,23,24,25],[1,7,8,15,17,21,6,9,13,14,16,18,23,24,25],[1,7,8,15,17,22,6,9,13,14,16,18,23,24,25],[1,7,8,15,19,21,6,9,13,14,16,18,23,24,25],[1,7,8,15,19,22,6,9,13,14,16,18,23,24,25],[1,7,8,15,21,22,6,9,13,14,16,18,23,24,25],[1,7,8,17,19,21,6,9,13,14,16,18,23,24,25],[1,7,8,17,19,22,6,9,13,14,16,18,23,24,25],[1,7,8,17,21,22,6,9,13,14,16,18,23,24,25],[1,7,8,19,21,22,6,9,13,14,16,18,23,24,25],[1,7,15,17,19,21,6,9,13,14,16,18,23,24,25],[1,7,15,17,19,22,6,9,13,14,16,18,23,24,25],[1,7,15,17,21,22,6,9,13,14,16,18,23,24,25],[1,7,15,19,21,22,6,9,13,14,16,18,23,24,25],[1,7,17,19,21,22,6,9,13,14,16,18,23,24,25],[1,8,15,17,19,21,6,9,13,14,16,18,23,24,25],[1,8,15,17,19,22,6,9,13,14,16,18,23,24,25],[1,8,15,17,21,22,6,9,13,14,16,18,23,24,25],[1,8,15,19,21,22,6,9,13,14,16,18,23,24,25],[1,8,17,19,21,22,6,9,13,14,16,18,23,24,25],[1,15,17,19,21,22,6,9,13,14,16,18,23,24,25],[7,8,15,17,19,21,6,9,13,14,16,18,23,24,25],[7,8,15,17,19,22,6,9,13,14,16,18,23,24,25],[7,8,15,17,21,22,6,9,13,14,16,18,23,24,25],[7,8,15,19,21,22,6,9,13,14,16,18,23,24,25],[7,8,17,19,21,22,6,9,13,14,16,18,23,24,25],[7,15,17,19,21,22,6,9,13,14,16,18,23,24,25],[8,15,17,19,21,22,6,9,13,14,16,18,23,24,25]]}, {"grupoId":"G6|C1","agrupamentosDeNumeros":[[1,4,8,12,17,19,6,9,11,16,18,20,23,24,25],[1,4,8,12,17,21,6,9,11,16,18,20,23,24,25],[1,4,8,12,17,22,6,9,11,16,18,20,23,24,25],[1,4,8,12,19,21,6,9,11,16,18,20,23,24,25],[1,4,8,12,19,22,6,9,11,16,18,20,23,24,25],[1,4,8,12,21,22,6,9,11,16,18,20,23,24,25],[1,4,8,17,19,21,6,9,11,16,18,20,23,24,25],[1,4,8,17,19,22,6,9,11,16,18,20,23,24,25],[1,4,8,17,21,22,6,9,11,16,18,20,23,24,25],[1,4,8,19,21,22,6,9,11,16,18,20,23,24,25],[1,4,12,17,19,21,6,9,11,16,18,20,23,24,25],[1,4,12,17,19,22,6,9,11,16,18,20,23,24,25],[1,4,12,17,21,22,6,9,11,16,18,20,23,24,25],[1,4,12,19,21,22,6,9,11,16,18,20,23,24,25],[1,4,17,19,21,22,6,9,11,16,18,20,23,24,25],[1,8,12,17,19,21,6,9,11,16,18,20,23,24,25],[1,8,12,17,19,22,6,9,11,16,18,20,23,24,25],[1,8,12,17,21,22,6,9,11,16,18,20,23,24,25],[1,8,12,19,21,22,6,9,11,16,18,20,23,24,25],[1,8,17,19,21,22,6,9,11,16,18,20,23,24,25],[1,12,17,19,21,22,6,9,11,16,18,20,23,24,25],[4,8,12,17,19,21,6,9,11,16,18,20,23,24,25],[4,8,12,17,19,22,6,9,11,16,18,20,23,24,25],[4,8,12,17,21,22,6,9,11,16,18,20,23,24,25],[4,8,12,19,21,22,6,9,11,16,18,20,23,24,25],[4,8,17,19,21,22,6,9,11,16,18,20,23,24,25],[4,12,17,19,21,22,6,9,11,16,18,20,23,24,25],[8,12,17,19,21,22,6,9,11,16,18,20,23,24,25]]}, {"grupoId":"G10|C5","agrupamentosDeNumeros":[[1,7,8,15,17,19,6,9,11,14,16,18,23,24,25],[1,7,8,15,17,21,6,9,11,14,16,18,23,24,25],[1,7,8,15,17,22,6,9,11,14,16,18,23,24,25],[1,7,8,15,19,21,6,9,11,14,16,18,23,24,25],[1,7,8,15,19,22,6,9,11,14,16,18,23,24,25],[1,7,8,15,21,22,6,9,11,14,16,18,23,24,25],[1,7,8,17,19,21,6,9,11,14,16,18,23,24,25],[1,7,8,17,19,22,6,9,11,14,16,18,23,24,25],[1,7,8,17,21,22,6,9,11,14,16,18,23,24,25],[1,7,8,19,21,22,6,9,11,14,16,18,23,24,25],[1,7,15,17,19,21,6,9,11,14,16,18,23,24,25],[1,7,15,17,19,22,6,9,11,14,16,18,23,24,25],[1,7,15,17,21,22,6,9,11,14,16,18,23,24,25],[1,7,15,19,21,22,6,9,11,14,16,18,23,24,25],[1,7,17,19,21,22,6,9,11,14,16,18,23,24,25],[1,8,15,17,19,21,6,9,11,14,16,18,23,24,25],[1,8,15,17,19,22,6,9,11,14,16,18,23,24,25],[1,8,15,17,21,22,6,9,11,14,16,18,23,24,25],[1,8,15,19,21,22,6,9,11,14,16,18,23,24,25],[1,8,17,19,21,22,6,9,11,14,16,18,23,24,25],[1,15,17,19,21,22,6,9,11,14,16,18,23,24,25],[7,8,15,17,19,21,6,9,11,14,16,18,23,24,25],[7,8,15,17,19,22,6,9,11,14,16,18,23,24,25],[7,8,15,17,21,22,6,9,11,14,16,18,23,24,25],[7,8,15,19,21,22,6,9,11,14,16,18,23,24,25],[7,8,17,19,21,22,6,9,11,14,16,18,23,24,25],[7,15,17,19,21,22,6,9,11,14,16,18,23,24,25],[8,15,17,19,21,22,6,9,11,14,16,18,23,24,25]]}, {"grupoId":"G6|C3","agrupamentosDeNumeros":[[1,4,8,12,17,19,5,6,9,11,14,18,20,23,25],[1,4,8,12,17,21,5,6,9,11,14,18,20,23,25],[1,4,8,12,17,22,5,6,9,11,14,18,20,23,25],[1,4,8,12,19,21,5,6,9,11,14,18,20,23,25],[1,4,8,12,19,22,5,6,9,11,14,18,20,23,25],[1,4,8,12,21,22,5,6,9,11,14,18,20,23,25],[1,4,8,17,19,21,5,6,9,11,14,18,20,23,25],[1,4,8,17,19,22,5,6,9,11,14,18,20,23,25],[1,4,8,17,21,22,5,6,9,11,14,18,20,23,25],[1,4,8,19,21,22,5,6,9,11,14,18,20,23,25],[1,4,12,17,19,21,5,6,9,11,14,18,20,23,25],[1,4,12,17,19,22,5,6,9,11,14,18,20,23,25],[1,4,12,17,21,22,5,6,9,11,14,18,20,23,25],[1,4,12,19,21,22,5,6,9,11,14,18,20,23,25],[1,4,17,19,21,22,5,6,9,11,14,18,20,23,25],[1,8,12,17,19,21,5,6,9,11,14,18,20,23,25],[1,8,12,17,19,22,5,6,9,11,14,18,20,23,25],[1,8,12,17,21,22,5,6,9,11,14,18,20,23,25],[1,8,12,19,21,22,5,6,9,11,14,18,20,23,25],[1,8,17,19,21,22,5,6,9,11,14,18,20,23,25],[1,12,17,19,21,22,5,6,9,11,14,18,20,23,25],[4,8,12,17,19,21,5,6,9,11,14,18,20,23,25],[4,8,12,17,19,22,5,6,9,11,14,18,20,23,25],[4,8,12,17,21,22,5,6,9,11,14,18,20,23,25],[4,8,12,19,21,22,5,6,9,11,14,18,20,23,25],[4,8,17,19,21,22,5,6,9,11,14,18,20,23,25],[4,12,17,19,21,22,5,6,9,11,14,18,20,23,25],[8,12,17,19,21,22,5,6,9,11,14,18,20,23,25]]}, {"grupoId":"G6|C6","agrupamentosDeNumeros":[[1,4,8,12,17,19,5,6,9,14,16,18,23,24,25],[1,4,8,12,17,21,5,6,9,14,16,18,23,24,25],[1,4,8,12,17,22,5,6,9,14,16,18,23,24,25],[1,4,8,12,19,21,5,6,9,14,16,18,23,24,25],[1,4,8,12,19,22,5,6,9,14,16,18,23,24,25],[1,4,8,12,21,22,5,6,9,14,16,18,23,24,25],[1,4,8,17,19,21,5,6,9,14,16,18,23,24,25],[1,4,8,17,19,22,5,6,9,14,16,18,23,24,25],[1,4,8,17,21,22,5,6,9,14,16,18,23,24,25],[1,4,8,19,21,22,5,6,9,14,16,18,23,24,25],[1,4,12,17,19,21,5,6,9,14,16,18,23,24,25],[1,4,12,17,19,22,5,6,9,14,16,18,23,24,25],[1,4,12,17,21,22,5,6,9,14,16,18,23,24,25],[1,4,12,19,21,22,5,6,9,14,16,18,23,24,25],[1,4,17,19,21,22,5,6,9,14,16,18,23,24,25],[1,8,12,17,19,21,5,6,9,14,16,18,23,24,25],[1,8,12,17,19,22,5,6,9,14,16,18,23,24,25],[1,8,12,17,21,22,5,6,9,14,16,18,23,24,25],[1,8,12,19,21,22,5,6,9,14,16,18,23,24,25],[1,8,17,19,21,22,5,6,9,14,16,18,23,24,25],[1,12,17,19,21,22,5,6,9,14,16,18,23,24,25],[4,8,12,17,19,21,5,6,9,14,16,18,23,24,25],[4,8,12,17,19,22,5,6,9,14,16,18,23,24,25],[4,8,12,17,21,22,5,6,9,14,16,18,23,24,25],[4,8,12,19,21,22,5,6,9,14,16,18,23,24,25],[4,8,17,19,21,22,5,6,9,14,16,18,23,24,25],[4,12,17,19,21,22,5,6,9,14,16,18,23,24,25],[8,12,17,19,21,22,5,6,9,14,16,18,23,24,25]]}, {"grupoId":"G11|C10","agrupamentosDeNumeros":[[1,4,7,8,15,17,6,9,10,11,13,14,16,20,25],[1,4,7,8,15,19,6,9,10,11,13,14,16,20,25],[1,4,7,8,15,21,6,9,10,11,13,14,16,20,25],[1,4,7,8,17,19,6,9,10,11,13,14,16,20,25],[1,4,7,8,17,21,6,9,10,11,13,14,16,20,25],[1,4,7,8,19,21,6,9,10,11,13,14,16,20,25],[1,4,7,15,17,19,6,9,10,11,13,14,16,20,25],[1,4,7,15,17,21,6,9,10,11,13,14,16,20,25],[1,4,7,15,19,21,6,9,10,11,13,14,16,20,25],[1,4,7,17,19,21,6,9,10,11,13,14,16,20,25],[1,4,8,15,17,19,6,9,10,11,13,14,16,20,25],[1,4,8,15,17,21,6,9,10,11,13,14,16,20,25],[1,4,8,15,19,21,6,9,10,11,13,14,16,20,25],[1,4,8,17,19,21,6,9,10,11,13,14,16,20,25],[1,4,15,17,19,21,6,9,10,11,13,14,16,20,25],[1,7,8,15,17,19,6,9,10,11,13,14,16,20,25],[1,7,8,15,17,21,6,9,10,11,13,14,16,20,25],[1,7,8,15,19,21,6,9,10,11,13,14,16,20,25],[1,7,8,17,19,21,6,9,10,11,13,14,16,20,25],[1,7,15,17,19,21,6,9,10,11,13,14,16,20,25],[1,8,15,17,19,21,6,9,10,11,13,14,16,20,25],[4,7,8,15,17,19,6,9,10,11,13,14,16,20,25],[4,7,8,15,17,21,6,9,10,11,13,14,16,20,25],[4,7,8,15,19,21,6,9,10,11,13,14,16,20,25],[4,7,8,17,19,21,6,9,10,11,13,14,16,20,25],[4,7,15,17,19,21,6,9,10,11,13,14,16,20,25],[4,8,15,17,19,21,6,9,10,11,13,14,16,20,25],[7,8,15,17,19,21,6,9,10,11,13,14,16,20,25]]}, {"grupoId":"G15|C6","agrupamentosDeNumeros":[[1,4,7,8,12,17,9,10,11,14,16,18,20,23,24],[1,4,7,8,12,21,9,10,11,14,16,18,20,23,24],[1,4,7,8,12,22,9,10,11,14,16,18,20,23,24],[1,4,7,8,17,21,9,10,11,14,16,18,20,23,24],[1,4,7,8,17,22,9,10,11,14,16,18,20,23,24],[1,4,7,8,21,22,9,10,11,14,16,18,20,23,24],[1,4,7,12,17,21,9,10,11,14,16,18,20,23,24],[1,4,7,12,17,22,9,10,11,14,16,18,20,23,24],[1,4,7,12,21,22,9,10,11,14,16,18,20,23,24],[1,4,7,17,21,22,9,10,11,14,16,18,20,23,24],[1,4,8,12,17,21,9,10,11,14,16,18,20,23,24],[1,4,8,12,17,22,9,10,11,14,16,18,20,23,24],[1,4,8,12,21,22,9,10,11,14,16,18,20,23,24],[1,4,8,17,21,22,9,10,11,14,16,18,20,23,24],[1,4,12,17,21,22,9,10,11,14,16,18,20,23,24],[1,7,8,12,17,21,9,10,11,14,16,18,20,23,24],[1,7,8,12,17,22,9,10,11,14,16,18,20,23,24],[1,7,8,12,21,22,9,10,11,14,16,18,20,23,24],[1,7,8,17,21,22,9,10,11,14,16,18,20,23,24],[1,7,12,17,21,22,9,10,11,14,16,18,20,23,24],[1,8,12,17,21,22,9,10,11,14,16,18,20,23,24],[4,7,8,12,17,21,9,10,11,14,16,18,20,23,24],[4,7,8,12,17,22,9,10,11,14,16,18,20,23,24],[4,7,8,12,21,22,9,10,11,14,16,18,20,23,24],[4,7,8,17,21,22,9,10,11,14,16,18,20,23,24],[4,7,12,17,21,22,9,10,11,14,16,18,20,23,24],[4,8,12,17,21,22,9,10,11,14,16,18,20,23,24],[7,8,12,17,21,22,9,10,11,14,16,18,20,23,24]]}, {"grupoId":"G11|C5","agrupamentosDeNumeros":[[1,4,7,8,15,17,6,9,10,11,13,14,16,20,24],[1,4,7,8,15,19,6,9,10,11,13,14,16,20,24],[1,4,7,8,15,21,6,9,10,11,13,14,16,20,24],[1,4,7,8,17,19,6,9,10,11,13,14,16,20,24],[1,4,7,8,17,21,6,9,10,11,13,14,16,20,24],[1,4,7,8,19,21,6,9,10,11,13,14,16,20,24],[1,4,7,15,17,19,6,9,10,11,13,14,16,20,24],[1,4,7,15,17,21,6,9,10,11,13,14,16,20,24],[1,4,7,15,19,21,6,9,10,11,13,14,16,20,24],[1,4,7,17,19,21,6,9,10,11,13,14,16,20,24],[1,4,8,15,17,19,6,9,10,11,13,14,16,20,24],[1,4,8,15,17,21,6,9,10,11,13,14,16,20,24],[1,4,8,15,19,21,6,9,10,11,13,14,16,20,24],[1,4,8,17,19,21,6,9,10,11,13,14,16,20,24],[1,4,15,17,19,21,6,9,10,11,13,14,16,20,24],[1,7,8,15,17,19,6,9,10,11,13,14,16,20,24],[1,7,8,15,17,21,6,9,10,11,13,14,16,20,24],[1,7,8,15,19,21,6,9,10,11,13,14,16,20,24],[1,7,8,17,19,21,6,9,10,11,13,14,16,20,24],[1,7,15,17,19,21,6,9,10,11,13,14,16,20,24],[1,8,15,17,19,21,6,9,10,11,13,14,16,20,24],[4,7,8,15,17,19,6,9,10,11,13,14,16,20,24],[4,7,8,15,17,21,6,9,10,11,13,14,16,20,24],[4,7,8,15,19,21,6,9,10,11,13,14,16,20,24],[4,7,8,17,19,21,6,9,10,11,13,14,16,20,24],[4,7,15,17,19,21,6,9,10,11,13,14,16,20,24],[4,8,15,17,19,21,6,9,10,11,13,14,16,20,24],[7,8,15,17,19,21,6,9,10,11,13,14,16,20,24]]}, {"grupoId":"G11|C9","agrupamentosDeNumeros":[[1,4,7,8,15,17,6,9,10,11,13,14,16,20,25],[1,4,7,8,15,19,6,9,10,11,13,14,16,20,25],[1,4,7,8,15,21,6,9,10,11,13,14,16,20,25],[1,4,7,8,17,19,6,9,10,11,13,14,16,20,25],[1,4,7,8,17,21,6,9,10,11,13,14,16,20,25],[1,4,7,8,19,21,6,9,10,11,13,14,16,20,25],[1,4,7,15,17,19,6,9,10,11,13,14,16,20,25],[1,4,7,15,17,21,6,9,10,11,13,14,16,20,25],[1,4,7,15,19,21,6,9,10,11,13,14,16,20,25],[1,4,7,17,19,21,6,9,10,11,13,14,16,20,25],[1,4,8,15,17,19,6,9,10,11,13,14,16,20,25],[1,4,8,15,17,21,6,9,10,11,13,14,16,20,25],[1,4,8,15,19,21,6,9,10,11,13,14,16,20,25],[1,4,8,17,19,21,6,9,10,11,13,14,16,20,25],[1,4,15,17,19,21,6,9,10,11,13,14,16,20,25],[1,7,8,15,17,19,6,9,10,11,13,14,16,20,25],[1,7,8,15,17,21,6,9,10,11,13,14,16,20,25],[1,7,8,15,19,21,6,9,10,11,13,14,16,20,25],[1,7,8,17,19,21,6,9,10,11,13,14,16,20,25],[1,7,15,17,19,21,6,9,10,11,13,14,16,20,25],[1,8,15,17,19,21,6,9,10,11,13,14,16,20,25],[4,7,8,15,17,19,6,9,10,11,13,14,16,20,25],[4,7,8,15,17,21,6,9,10,11,13,14,16,20,25],[4,7,8,15,19,21,6,9,10,11,13,14,16,20,25],[4,7,8,17,19,21,6,9,10,11,13,14,16,20,25],[4,7,15,17,19,21,6,9,10,11,13,14,16,20,25],[4,8,15,17,19,21,6,9,10,11,13,14,16,20,25],[7,8,15,17,19,21,6,9,10,11,13,14,16,20,25]]}, {"grupoId":"G9|C6","agrupamentosDeNumeros":[[1,7,12,15,17,19,5,6,11,14,18,20,23,24,25],[1,7,12,15,17,21,5,6,11,14,18,20,23,24,25],[1,7,12,15,17,22,5,6,11,14,18,20,23,24,25],[1,7,12,15,19,21,5,6,11,14,18,20,23,24,25],[1,7,12,15,19,22,5,6,11,14,18,20,23,24,25],[1,7,12,15,21,22,5,6,11,14,18,20,23,24,25],[1,7,12,17,19,21,5,6,11,14,18,20,23,24,25],[1,7,12,17,19,22,5,6,11,14,18,20,23,24,25],[1,7,12,17,21,22,5,6,11,14,18,20,23,24,25],[1,7,12,19,21,22,5,6,11,14,18,20,23,24,25],[1,7,15,17,19,21,5,6,11,14,18,20,23,24,25],[1,7,15,17,19,22,5,6,11,14,18,20,23,24,25],[1,7,15,17,21,22,5,6,11,14,18,20,23,24,25],[1,7,15,19,21,22,5,6,11,14,18,20,23,24,25],[1,7,17,19,21,22,5,6,11,14,18,20,23,24,25],[1,12,15,17,19,21,5,6,11,14,18,20,23,24,25],[1,12,15,17,19,22,5,6,11,14,18,20,23,24,25],[1,12,15,17,21,22,5,6,11,14,18,20,23,24,25],[1,12,15,19,21,22,5,6,11,14,18,20,23,24,25],[1,12,17,19,21,22,5,6,11,14,18,20,23,24,25],[1,15,17,19,21,22,5,6,11,14,18,20,23,24,25],[7,12,15,17,19,21,5,6,11,14,18,20,23,24,25],[7,12,15,17,19,22,5,6,11,14,18,20,23,24,25],[7,12,15,17,21,22,5,6,11,14,18,20,23,24,25],[7,12,15,19,21,22,5,6,11,14,18,20,23,24,25],[7,12,17,19,21,22,5,6,11,14,18,20,23,24,25],[7,15,17,19,21,22,5,6,11,14,18,20,23,24,25],[12,15,17,19,21,22,5,6,11,14,18,20,23,24,25]]}, {"grupoId":"G9|C7","agrupamentosDeNumeros":[[1,7,12,15,17,19,5,6,9,10,14,18,23,24,25],[1,7,12,15,17,21,5,6,9,10,14,18,23,24,25],[1,7,12,15,17,22,5,6,9,10,14,18,23,24,25],[1,7,12,15,19,21,5,6,9,10,14,18,23,24,25],[1,7,12,15,19,22,5,6,9,10,14,18,23,24,25],[1,7,12,15,21,22,5,6,9,10,14,18,23,24,25],[1,7,12,17,19,21,5,6,9,10,14,18,23,24,25],[1,7,12,17,19,22,5,6,9,10,14,18,23,24,25],[1,7,12,17,21,22,5,6,9,10,14,18,23,24,25],[1,7,12,19,21,22,5,6,9,10,14,18,23,24,25],[1,7,15,17,19,21,5,6,9,10,14,18,23,24,25],[1,7,15,17,19,22,5,6,9,10,14,18,23,24,25],[1,7,15,17,21,22,5,6,9,10,14,18,23,24,25],[1,7,15,19,21,22,5,6,9,10,14,18,23,24,25],[1,7,17,19,21,22,5,6,9,10,14,18,23,24,25],[1,12,15,17,19,21,5,6,9,10,14,18,23,24,25],[1,12,15,17,19,22,5,6,9,10,14,18,23,24,25],[1,12,15,17,21,22,5,6,9,10,14,18,23,24,25],[1,12,15,19,21,22,5,6,9,10,14,18,23,24,25],[1,12,17,19,21,22,5,6,9,10,14,18,23,24,25],[1,15,17,19,21,22,5,6,9,10,14,18,23,24,25],[7,12,15,17,19,21,5,6,9,10,14,18,23,24,25],[7,12,15,17,19,22,5,6,9,10,14,18,23,24,25],[7,12,15,17,21,22,5,6,9,10,14,18,23,24,25],[7,12,15,19,21,22,5,6,9,10,14,18,23,24,25],[7,12,17,19,21,22,5,6,9,10,14,18,23,24,25],[7,15,17,19,21,22,5,6,9,10,14,18,23,24,25],[12,15,17,19,21,22,5,6,9,10,14,18,23,24,25]]}, {"grupoId":"G9|C1","agrupamentosDeNumeros":[[1,7,12,15,17,19,6,9,10,11,18,20,23,24,25],[1,7,12,15,17,21,6,9,10,11,18,20,23,24,25],[1,7,12,15,17,22,6,9,10,11,18,20,23,24,25],[1,7,12,15,19,21,6,9,10,11,18,20,23,24,25],[1,7,12,15,19,22,6,9,10,11,18,20,23,24,25],[1,7,12,15,21,22,6,9,10,11,18,20,23,24,25],[1,7,12,17,19,21,6,9,10,11,18,20,23,24,25],[1,7,12,17,19,22,6,9,10,11,18,20,23,24,25],[1,7,12,17,21,22,6,9,10,11,18,20,23,24,25],[1,7,12,19,21,22,6,9,10,11,18,20,23,24,25],[1,7,15,17,19,21,6,9,10,11,18,20,23,24,25],[1,7,15,17,19,22,6,9,10,11,18,20,23,24,25],[1,7,15,17,21,22,6,9,10,11,18,20,23,24,25],[1,7,15,19,21,22,6,9,10,11,18,20,23,24,25],[1,7,17,19,21,22,6,9,10,11,18,20,23,24,25],[1,12,15,17,19,21,6,9,10,11,18,20,23,24,25],[1,12,15,17,19,22,6,9,10,11,18,20,23,24,25],[1,12,15,17,21,22,6,9,10,11,18,20,23,24,25],[1,12,15,19,21,22,6,9,10,11,18,20,23,24,25],[1,12,17,19,21,22,6,9,10,11,18,20,23,24,25],[1,15,17,19,21,22,6,9,10,11,18,20,23,24,25],[7,12,15,17,19,21,6,9,10,11,18,20,23,24,25],[7,12,15,17,19,22,6,9,10,11,18,20,23,24,25],[7,12,15,17,21,22,6,9,10,11,18,20,23,24,25],[7,12,15,19,21,22,6,9,10,11,18,20,23,24,25],[7,12,17,19,21,22,6,9,10,11,18,20,23,24,25],[7,15,17,19,21,22,6,9,10,11,18,20,23,24,25],[12,15,17,19,21,22,6,9,10,11,18,20,23,24,25]]}, {"grupoId":"G5|C3","agrupamentosDeNumeros":[[1,4,8,15,17,19,5,6,9,10,11,14,18,23,24],[1,4,8,15,17,21,5,6,9,10,11,14,18,23,24],[1,4,8,15,17,22,5,6,9,10,11,14,18,23,24],[1,4,8,15,19,21,5,6,9,10,11,14,18,23,24],[1,4,8,15,19,22,5,6,9,10,11,14,18,23,24],[1,4,8,15,21,22,5,6,9,10,11,14,18,23,24],[1,4,8,17,19,21,5,6,9,10,11,14,18,23,24],[1,4,8,17,19,22,5,6,9,10,11,14,18,23,24],[1,4,8,17,21,22,5,6,9,10,11,14,18,23,24],[1,4,8,19,21,22,5,6,9,10,11,14,18,23,24],[1,4,15,17,19,21,5,6,9,10,11,14,18,23,24],[1,4,15,17,19,22,5,6,9,10,11,14,18,23,24],[1,4,15,17,21,22,5,6,9,10,11,14,18,23,24],[1,4,15,19,21,22,5,6,9,10,11,14,18,23,24],[1,4,17,19,21,22,5,6,9,10,11,14,18,23,24],[1,8,15,17,19,21,5,6,9,10,11,14,18,23,24],[1,8,15,17,19,22,5,6,9,10,11,14,18,23,24],[1,8,15,17,21,22,5,6,9,10,11,14,18,23,24],[1,8,15,19,21,22,5,6,9,10,11,14,18,23,24],[1,8,17,19,21,22,5,6,9,10,11,14,18,23,24],[1,15,17,19,21,22,5,6,9,10,11,14,18,23,24],[4,8,15,17,19,21,5,6,9,10,11,14,18,23,24],[4,8,15,17,19,22,5,6,9,10,11,14,18,23,24],[4,8,15,17,21,22,5,6,9,10,11,14,18,23,24],[4,8,15,19,21,22,5,6,9,10,11,14,18,23,24],[4,8,17,19,21,22,5,6,9,10,11,14,18,23,24],[4,15,17,19,21,22,5,6,9,10,11,14,18,23,24],[8,15,17,19,21,22,5,6,9,10,11,14,18,23,24]]}, {"grupoId":"G9|C3","agrupamentosDeNumeros":[[1,7,12,15,17,19,5,9,10,11,14,18,20,23,25],[1,7,12,15,17,21,5,9,10,11,14,18,20,23,25],[1,7,12,15,17,22,5,9,10,11,14,18,20,23,25],[1,7,12,15,19,21,5,9,10,11,14,18,20,23,25],[1,7,12,15,19,22,5,9,10,11,14,18,20,23,25],[1,7,12,15,21,22,5,9,10,11,14,18,20,23,25],[1,7,12,17,19,21,5,9,10,11,14,18,20,23,25],[1,7,12,17,19,22,5,9,10,11,14,18,20,23,25],[1,7,12,17,21,22,5,9,10,11,14,18,20,23,25],[1,7,12,19,21,22,5,9,10,11,14,18,20,23,25],[1,7,15,17,19,21,5,9,10,11,14,18,20,23,25],[1,7,15,17,19,22,5,9,10,11,14,18,20,23,25],[1,7,15,17,21,22,5,9,10,11,14,18,20,23,25],[1,7,15,19,21,22,5,9,10,11,14,18,20,23,25],[1,7,17,19,21,22,5,9,10,11,14,18,20,23,25],[1,12,15,17,19,21,5,9,10,11,14,18,20,23,25],[1,12,15,17,19,22,5,9,10,11,14,18,20,23,25],[1,12,15,17,21,22,5,9,10,11,14,18,20,23,25],[1,12,15,19,21,22,5,9,10,11,14,18,20,23,25],[1,12,17,19,21,22,5,9,10,11,14,18,20,23,25],[1,15,17,19,21,22,5,9,10,11,14,18,20,23,25],[7,12,15,17,19,21,5,9,10,11,14,18,20,23,25],[7,12,15,17,19,22,5,9,10,11,14,18,20,23,25],[7,12,15,17,21,22,5,9,10,11,14,18,20,23,25],[7,12,15,19,21,22,5,9,10,11,14,18,20,23,25],[7,12,17,19,21,22,5,9,10,11,14,18,20,23,25],[7,15,17,19,21,22,5,9,10,11,14,18,20,23,25],[12,15,17,19,21,22,5,9,10,11,14,18,20,23,25]]}, {"grupoId":"G5|C7","agrupamentosDeNumeros":[[1,4,8,15,17,19,5,6,9,10,13,14,18,23,24],[1,4,8,15,17,21,5,6,9,10,13,14,18,23,24],[1,4,8,15,17,22,5,6,9,10,13,14,18,23,24],[1,4,8,15,19,21,5,6,9,10,13,14,18,23,24],[1,4,8,15,19,22,5,6,9,10,13,14,18,23,24],[1,4,8,15,21,22,5,6,9,10,13,14,18,23,24],[1,4,8,17,19,21,5,6,9,10,13,14,18,23,24],[1,4,8,17,19,22,5,6,9,10,13,14,18,23,24],[1,4,8,17,21,22,5,6,9,10,13,14,18,23,24],[1,4,8,19,21,22,5,6,9,10,13,14,18,23,24],[1,4,15,17,19,21,5,6,9,10,13,14,18,23,24],[1,4,15,17,19,22,5,6,9,10,13,14,18,23,24],[1,4,15,17,21,22,5,6,9,10,13,14,18,23,24],[1,4,15,19,21,22,5,6,9,10,13,14,18,23,24],[1,4,17,19,21,22,5,6,9,10,13,14,18,23,24],[1,8,15,17,19,21,5,6,9,10,13,14,18,23,24],[1,8,15,17,19,22,5,6,9,10,13,14,18,23,24],[1,8,15,17,21,22,5,6,9,10,13,14,18,23,24],[1,8,15,19,21,22,5,6,9,10,13,14,18,23,24],[1,8,17,19,21,22,5,6,9,10,13,14,18,23,24],[1,15,17,19,21,22,5,6,9,10,13,14,18,23,24],[4,8,15,17,19,21,5,6,9,10,13,14,18,23,24],[4,8,15,17,19,22,5,6,9,10,13,14,18,23,24],[4,8,15,17,21,22,5,6,9,10,13,14,18,23,24],[4,8,15,19,21,22,5,6,9,10,13,14,18,23,24],[4,8,17,19,21,22,5,6,9,10,13,14,18,23,24],[4,15,17,19,21,22,5,6,9,10,13,14,18,23,24],[8,15,17,19,21,22,5,6,9,10,13,14,18,23,24]]}, {"grupoId":"G5|C6","agrupamentosDeNumeros":[[1,4,8,15,17,19,5,6,11,13,14,18,20,23,24],[1,4,8,15,17,21,5,6,11,13,14,18,20,23,24],[1,4,8,15,17,22,5,6,11,13,14,18,20,23,24],[1,4,8,15,19,21,5,6,11,13,14,18,20,23,24],[1,4,8,15,19,22,5,6,11,13,14,18,20,23,24],[1,4,8,15,21,22,5,6,11,13,14,18,20,23,24],[1,4,8,17,19,21,5,6,11,13,14,18,20,23,24],[1,4,8,17,19,22,5,6,11,13,14,18,20,23,24],[1,4,8,17,21,22,5,6,11,13,14,18,20,23,24],[1,4,8,19,21,22,5,6,11,13,14,18,20,23,24],[1,4,15,17,19,21,5,6,11,13,14,18,20,23,24],[1,4,15,17,19,22,5,6,11,13,14,18,20,23,24],[1,4,15,17,21,22,5,6,11,13,14,18,20,23,24],[1,4,15,19,21,22,5,6,11,13,14,18,20,23,24],[1,4,17,19,21,22,5,6,11,13,14,18,20,23,24],[1,8,15,17,19,21,5,6,11,13,14,18,20,23,24],[1,8,15,17,19,22,5,6,11,13,14,18,20,23,24],[1,8,15,17,21,22,5,6,11,13,14,18,20,23,24],[1,8,15,19,21,22,5,6,11,13,14,18,20,23,24],[1,8,17,19,21,22,5,6,11,13,14,18,20,23,24],[1,15,17,19,21,22,5,6,11,13,14,18,20,23,24],[4,8,15,17,19,21,5,6,11,13,14,18,20,23,24],[4,8,15,17,19,22,5,6,11,13,14,18,20,23,24],[4,8,15,17,21,22,5,6,11,13,14,18,20,23,24],[4,8,15,19,21,22,5,6,11,13,14,18,20,23,24],[4,8,17,19,21,22,5,6,11,13,14,18,20,23,24],[4,15,17,19,21,22,5,6,11,13,14,18,20,23,24],[8,15,17,19,21,22,5,6,11,13,14,18,20,23,24]]}, {"grupoId":"G5|C9","agrupamentosDeNumeros":[[1,4,8,15,17,19,6,9,10,11,14,18,20,23,24],[1,4,8,15,17,21,6,9,10,11,14,18,20,23,24],[1,4,8,15,17,22,6,9,10,11,14,18,20,23,24],[1,4,8,15,19,21,6,9,10,11,14,18,20,23,24],[1,4,8,15,19,22,6,9,10,11,14,18,20,23,24],[1,4,8,15,21,22,6,9,10,11,14,18,20,23,24],[1,4,8,17,19,21,6,9,10,11,14,18,20,23,24],[1,4,8,17,19,22,6,9,10,11,14,18,20,23,24],[1,4,8,17,21,22,6,9,10,11,14,18,20,23,24],[1,4,8,19,21,22,6,9,10,11,14,18,20,23,24],[1,4,15,17,19,21,6,9,10,11,14,18,20,23,24],[1,4,15,17,19,22,6,9,10,11,14,18,20,23,24],[1,4,15,17,21,22,6,9,10,11,14,18,20,23,24],[1,4,15,19,21,22,6,9,10,11,14,18,20,23,24],[1,4,17,19,21,22,6,9,10,11,14,18,20,23,24],[1,8,15,17,19,21,6,9,10,11,14,18,20,23,24],[1,8,15,17,19,22,6,9,10,11,14,18,20,23,24],[1,8,15,17,21,22,6,9,10,11,14,18,20,23,24],[1,8,15,19,21,22,6,9,10,11,14,18,20,23,24],[1,8,17,19,21,22,6,9,10,11,14,18,20,23,24],[1,15,17,19,21,22,6,9,10,11,14,18,20,23,24],[4,8,15,17,19,21,6,9,10,11,14,18,20,23,24],[4,8,15,17,19,22,6,9,10,11,14,18,20,23,24],[4,8,15,17,21,22,6,9,10,11,14,18,20,23,24],[4,8,15,19,21,22,6,9,10,11,14,18,20,23,24],[4,8,17,19,21,22,6,9,10,11,14,18,20,23,24],[4,15,17,19,21,22,6,9,10,11,14,18,20,23,24],[8,15,17,19,21,22,6,9,10,11,14,18,20,23,24]]}, {"grupoId":"G15|C1","agrupamentosDeNumeros":[[1,4,12,15,17,19,9,10,11,14,16,18,20,23,24],[1,4,12,15,17,21,9,10,11,14,16,18,20,23,24],[1,4,12,15,17,22,9,10,11,14,16,18,20,23,24],[1,4,12,15,19,21,9,10,11,14,16,18,20,23,24],[1,4,12,15,19,22,9,10,11,14,16,18,20,23,24],[1,4,12,15,21,22,9,10,11,14,16,18,20,23,24],[1,4,12,17,19,21,9,10,11,14,16,18,20,23,24],[1,4,12,17,19,22,9,10,11,14,16,18,20,23,24],[1,4,12,17,21,22,9,10,11,14,16,18,20,23,24],[1,4,12,19,21,22,9,10,11,14,16,18,20,23,24],[1,4,15,17,19,21,9,10,11,14,16,18,20,23,24],[1,4,15,17,19,22,9,10,11,14,16,18,20,23,24],[1,4,15,17,21,22,9,10,11,14,16,18,20,23,24],[1,4,15,19,21,22,9,10,11,14,16,18,20,23,24],[1,4,17,19,21,22,9,10,11,14,16,18,20,23,24],[1,12,15,17,19,21,9,10,11,14,16,18,20,23,24],[1,12,15,17,19,22,9,10,11,14,16,18,20,23,24],[1,12,15,17,21,22,9,10,11,14,16,18,20,23,24],[1,12,15,19,21,22,9,10,11,14,16,18,20,23,24],[1,12,17,19,21,22,9,10,11,14,16,18,20,23,24],[1,15,17,19,21,22,9,10,11,14,16,18,20,23,24],[4,12,15,17,19,21,9,10,11,14,16,18,20,23,24],[4,12,15,17,19,22,9,10,11,14,16,18,20,23,24],[4,12,15,17,21,22,9,10,11,14,16,18,20,23,24],[4,12,15,19,21,22,9,10,11,14,16,18,20,23,24],[4,12,17,19,21,22,9,10,11,14,16,18,20,23,24],[4,15,17,19,21,22,9,10,11,14,16,18,20,23,24],[12,15,17,19,21,22,9,10,11,14,16,18,20,23,24]]}, {"grupoId":"G4|C10","agrupamentosDeNumeros":[[1,4,7,15,17,19,5,6,9,11,13,16,18,20,23],[1,4,7,15,17,21,5,6,9,11,13,16,18,20,23],[1,4,7,15,17,22,5,6,9,11,13,16,18,20,23],[1,4,7,15,19,21,5,6,9,11,13,16,18,20,23],[1,4,7,15,19,22,5,6,9,11,13,16,18,20,23],[1,4,7,15,21,22,5,6,9,11,13,16,18,20,23],[1,4,7,17,19,21,5,6,9,11,13,16,18,20,23],[1,4,7,17,19,22,5,6,9,11,13,16,18,20,23],[1,4,7,17,21,22,5,6,9,11,13,16,18,20,23],[1,4,7,19,21,22,5,6,9,11,13,16,18,20,23],[1,4,15,17,19,21,5,6,9,11,13,16,18,20,23],[1,4,15,17,19,22,5,6,9,11,13,16,18,20,23],[1,4,15,17,21,22,5,6,9,11,13,16,18,20,23],[1,4,15,19,21,22,5,6,9,11,13,16,18,20,23],[1,4,17,19,21,22,5,6,9,11,13,16,18,20,23],[1,7,15,17,19,21,5,6,9,11,13,16,18,20,23],[1,7,15,17,19,22,5,6,9,11,13,16,18,20,23],[1,7,15,17,21,22,5,6,9,11,13,16,18,20,23],[1,7,15,19,21,22,5,6,9,11,13,16,18,20,23],[1,7,17,19,21,22,5,6,9,11,13,16,18,20,23],[1,15,17,19,21,22,5,6,9,11,13,16,18,20,23],[4,7,15,17,19,21,5,6,9,11,13,16,18,20,23],[4,7,15,17,19,22,5,6,9,11,13,16,18,20,23],[4,7,15,17,21,22,5,6,9,11,13,16,18,20,23],[4,7,15,19,21,22,5,6,9,11,13,16,18,20,23],[4,7,17,19,21,22,5,6,9,11,13,16,18,20,23],[4,15,17,19,21,22,5,6,9,11,13,16,18,20,23],[7,15,17,19,21,22,5,6,9,11,13,16,18,20,23]]}, {"grupoId":"G16|C7","agrupamentosDeNumeros":[[1,8,12,15,17,19,6,9,10,13,16,18,23,24,25],[1,8,12,15,17,21,6,9,10,13,16,18,23,24,25],[1,8,12,15,17,22,6,9,10,13,16,18,23,24,25],[1,8,12,15,19,21,6,9,10,13,16,18,23,24,25],[1,8,12,15,19,22,6,9,10,13,16,18,23,24,25],[1,8,12,15,21,22,6,9,10,13,16,18,23,24,25],[1,8,12,17,19,21,6,9,10,13,16,18,23,24,25],[1,8,12,17,19,22,6,9,10,13,16,18,23,24,25],[1,8,12,17,21,22,6,9,10,13,16,18,23,24,25],[1,8,12,19,21,22,6,9,10,13,16,18,23,24,25],[1,8,15,17,19,21,6,9,10,13,16,18,23,24,25],[1,8,15,17,19,22,6,9,10,13,16,18,23,24,25],[1,8,15,17,21,22,6,9,10,13,16,18,23,24,25],[1,8,15,19,21,22,6,9,10,13,16,18,23,24,25],[1,8,17,19,21,22,6,9,10,13,16,18,23,24,25],[1,12,15,17,19,21,6,9,10,13,16,18,23,24,25],[1,12,15,17,19,22,6,9,10,13,16,18,23,24,25],[1,12,15,17,21,22,6,9,10,13,16,18,23,24,25],[1,12,15,19,21,22,6,9,10,13,16,18,23,24,25],[1,12,17,19,21,22,6,9,10,13,16,18,23,24,25],[1,15,17,19,21,22,6,9,10,13,16,18,23,24,25],[8,12,15,17,19,21,6,9,10,13,16,18,23,24,25],[8,12,15,17,19,22,6,9,10,13,16,18,23,24,25],[8,12,15,17,21,22,6,9,10,13,16,18,23,24,25],[8,12,15,19,21,22,6,9,10,13,16,18,23,24,25],[8,12,17,19,21,22,6,9,10,13,16,18,23,24,25],[8,15,17,19,21,22,6,9,10,13,16,18,23,24,25],[12,15,17,19,21,22,6,9,10,13,16,18,23,24,25]]}, {"grupoId":"G16|C8","agrupamentosDeNumeros":[[1,8,12,15,17,19,9,10,11,16,18,20,23,24,25],[1,8,12,15,17,21,9,10,11,16,18,20,23,24,25],[1,8,12,15,17,22,9,10,11,16,18,20,23,24,25],[1,8,12,15,19,21,9,10,11,16,18,20,23,24,25],[1,8,12,15,19,22,9,10,11,16,18,20,23,24,25],[1,8,12,15,21,22,9,10,11,16,18,20,23,24,25],[1,8,12,17,19,21,9,10,11,16,18,20,23,24,25],[1,8,12,17,19,22,9,10,11,16,18,20,23,24,25],[1,8,12,17,21,22,9,10,11,16,18,20,23,24,25],[1,8,12,19,21,22,9,10,11,16,18,20,23,24,25],[1,8,15,17,19,21,9,10,11,16,18,20,23,24,25],[1,8,15,17,19,22,9,10,11,16,18,20,23,24,25],[1,8,15,17,21,22,9,10,11,16,18,20,23,24,25],[1,8,15,19,21,22,9,10,11,16,18,20,23,24,25],[1,8,17,19,21,22,9,10,11,16,18,20,23,24,25],[1,12,15,17,19,21,9,10,11,16,18,20,23,24,25],[1,12,15,17,19,22,9,10,11,16,18,20,23,24,25],[1,12,15,17,21,22,9,10,11,16,18,20,23,24,25],[1,12,15,19,21,22,9,10,11,16,18,20,23,24,25],[1,12,17,19,21,22,9,10,11,16,18,20,23,24,25],[1,15,17,19,21,22,9,10,11,16,18,20,23,24,25],[8,12,15,17,19,21,9,10,11,16,18,20,23,24,25],[8,12,15,17,19,22,9,10,11,16,18,20,23,24,25],[8,12,15,17,21,22,9,10,11,16,18,20,23,24,25],[8,12,15,19,21,22,9,10,11,16,18,20,23,24,25],[8,12,17,19,21,22,9,10,11,16,18,20,23,24,25],[8,15,17,19,21,22,9,10,11,16,18,20,23,24,25],[12,15,17,19,21,22,9,10,11,16,18,20,23,24,25]]}, {"grupoId":"G16|C3","agrupamentosDeNumeros":[[1,8,12,15,17,19,6,9,10,11,16,18,23,24,25],[1,8,12,15,17,21,6,9,10,11,16,18,23,24,25],[1,8,12,15,17,22,6,9,10,11,16,18,23,24,25],[1,8,12,15,19,21,6,9,10,11,16,18,23,24,25],[1,8,12,15,19,22,6,9,10,11,16,18,23,24,25],[1,8,12,15,21,22,6,9,10,11,16,18,23,24,25],[1,8,12,17,19,21,6,9,10,11,16,18,23,24,25],[1,8,12,17,19,22,6,9,10,11,16,18,23,24,25],[1,8,12,17,21,22,6,9,10,11,16,18,23,24,25],[1,8,12,19,21,22,6,9,10,11,16,18,23,24,25],[1,8,15,17,19,21,6,9,10,11,16,18,23,24,25],[1,8,15,17,19,22,6,9,10,11,16,18,23,24,25],[1,8,15,17,21,22,6,9,10,11,16,18,23,24,25],[1,8,15,19,21,22,6,9,10,11,16,18,23,24,25],[1,8,17,19,21,22,6,9,10,11,16,18,23,24,25],[1,12,15,17,19,21,6,9,10,11,16,18,23,24,25],[1,12,15,17,19,22,6,9,10,11,16,18,23,24,25],[1,12,15,17,21,22,6,9,10,11,16,18,23,24,25],[1,12,15,19,21,22,6,9,10,11,16,18,23,24,25],[1,12,17,19,21,22,6,9,10,11,16,18,23,24,25],[1,15,17,19,21,22,6,9,10,11,16,18,23,24,25],[8,12,15,17,19,21,6,9,10,11,16,18,23,24,25],[8,12,15,17,19,22,6,9,10,11,16,18,23,24,25],[8,12,15,17,21,22,6,9,10,11,16,18,23,24,25],[8,12,15,19,21,22,6,9,10,11,16,18,23,24,25],[8,12,17,19,21,22,6,9,10,11,16,18,23,24,25],[8,15,17,19,21,22,6,9,10,11,16,18,23,24,25],[12,15,17,19,21,22,6,9,10,11,16,18,23,24,25]]}, {"grupoId":"G12|C5","agrupamentosDeNumeros":[[1,4,7,8,15,19,6,9,10,11,13,14,16,18,24],[1,4,7,8,15,21,6,9,10,11,13,14,16,18,24],[1,4,7,8,15,22,6,9,10,11,13,14,16,18,24],[1,4,7,8,19,21,6,9,10,11,13,14,16,18,24],[1,4,7,8,19,22,6,9,10,11,13,14,16,18,24],[1,4,7,8,21,22,6,9,10,11,13,14,16,18,24],[1,4,7,15,19,21,6,9,10,11,13,14,16,18,24],[1,4,7,15,19,22,6,9,10,11,13,14,16,18,24],[1,4,7,15,21,22,6,9,10,11,13,14,16,18,24],[1,4,7,19,21,22,6,9,10,11,13,14,16,18,24],[1,4,8,15,19,21,6,9,10,11,13,14,16,18,24],[1,4,8,15,19,22,6,9,10,11,13,14,16,18,24],[1,4,8,15,21,22,6,9,10,11,13,14,16,18,24],[1,4,8,19,21,22,6,9,10,11,13,14,16,18,24],[1,4,15,19,21,22,6,9,10,11,13,14,16,18,24],[1,7,8,15,19,21,6,9,10,11,13,14,16,18,24],[1,7,8,15,19,22,6,9,10,11,13,14,16,18,24],[1,7,8,15,21,22,6,9,10,11,13,14,16,18,24],[1,7,8,19,21,22,6,9,10,11,13,14,16,18,24],[1,7,15,19,21,22,6,9,10,11,13,14,16,18,24],[1,8,15,19,21,22,6,9,10,11,13,14,16,18,24],[4,7,8,15,19,21,6,9,10,11,13,14,16,18,24],[4,7,8,15,19,22,6,9,10,11,13,14,16,18,24],[4,7,8,15,21,22,6,9,10,11,13,14,16,18,24],[4,7,8,19,21,22,6,9,10,11,13,14,16,18,24],[4,7,15,19,21,22,6,9,10,11,13,14,16,18,24],[4,8,15,19,21,22,6,9,10,11,13,14,16,18,24],[7,8,15,19,21,22,6,9,10,11,13,14,16,18,24]]}, {"grupoId":"G16|C6","agrupamentosDeNumeros":[[1,8,12,15,17,19,6,11,13,16,18,20,23,24,25],[1,8,12,15,17,21,6,11,13,16,18,20,23,24,25],[1,8,12,15,17,22,6,11,13,16,18,20,23,24,25],[1,8,12,15,19,21,6,11,13,16,18,20,23,24,25],[1,8,12,15,19,22,6,11,13,16,18,20,23,24,25],[1,8,12,15,21,22,6,11,13,16,18,20,23,24,25],[1,8,12,17,19,21,6,11,13,16,18,20,23,24,25],[1,8,12,17,19,22,6,11,13,16,18,20,23,24,25],[1,8,12,17,21,22,6,11,13,16,18,20,23,24,25],[1,8,12,19,21,22,6,11,13,16,18,20,23,24,25],[1,8,15,17,19,21,6,11,13,16,18,20,23,24,25],[1,8,15,17,19,22,6,11,13,16,18,20,23,24,25],[1,8,15,17,21,22,6,11,13,16,18,20,23,24,25],[1,8,15,19,21,22,6,11,13,16,18,20,23,24,25],[1,8,17,19,21,22,6,11,13,16,18,20,23,24,25],[1,12,15,17,19,21,6,11,13,16,18,20,23,24,25],[1,12,15,17,19,22,6,11,13,16,18,20,23,24,25],[1,12,15,17,21,22,6,11,13,16,18,20,23,24,25],[1,12,15,19,21,22,6,11,13,16,18,20,23,24,25],[1,12,17,19,21,22,6,11,13,16,18,20,23,24,25],[1,15,17,19,21,22,6,11,13,16,18,20,23,24,25],[8,12,15,17,19,21,6,11,13,16,18,20,23,24,25],[8,12,15,17,19,22,6,11,13,16,18,20,23,24,25],[8,12,15,17,21,22,6,11,13,16,18,20,23,24,25],[8,12,15,19,21,22,6,11,13,16,18,20,23,24,25],[8,12,17,19,21,22,6,11,13,16,18,20,23,24,25],[8,15,17,19,21,22,6,11,13,16,18,20,23,24,25],[12,15,17,19,21,22,6,11,13,16,18,20,23,24,25]]}, {"grupoId":"G12|C9","agrupamentosDeNumeros":[[1,4,7,8,15,19,6,9,10,11,13,14,16,18,25],[1,4,7,8,15,21,6,9,10,11,13,14,16,18,25],[1,4,7,8,15,22,6,9,10,11,13,14,16,18,25],[1,4,7,8,19,21,6,9,10,11,13,14,16,18,25],[1,4,7,8,19,22,6,9,10,11,13,14,16,18,25],[1,4,7,8,21,22,6,9,10,11,13,14,16,18,25],[1,4,7,15,19,21,6,9,10,11,13,14,16,18,25],[1,4,7,15,19,22,6,9,10,11,13,14,16,18,25],[1,4,7,15,21,22,6,9,10,11,13,14,16,18,25],[1,4,7,19,21,22,6,9,10,11,13,14,16,18,25],[1,4,8,15,19,21,6,9,10,11,13,14,16,18,25],[1,4,8,15,19,22,6,9,10,11,13,14,16,18,25],[1,4,8,15,21,22,6,9,10,11,13,14,16,18,25],[1,4,8,19,21,22,6,9,10,11,13,14,16,18,25],[1,4,15,19,21,22,6,9,10,11,13,14,16,18,25],[1,7,8,15,19,21,6,9,10,11,13,14,16,18,25],[1,7,8,15,19,22,6,9,10,11,13,14,16,18,25],[1,7,8,15,21,22,6,9,10,11,13,14,16,18,25],[1,7,8,19,21,22,6,9,10,11,13,14,16,18,25],[1,7,15,19,21,22,6,9,10,11,13,14,16,18,25],[1,8,15,19,21,22,6,9,10,11,13,14,16,18,25],[4,7,8,15,19,21,6,9,10,11,13,14,16,18,25],[4,7,8,15,19,22,6,9,10,11,13,14,16,18,25],[4,7,8,15,21,22,6,9,10,11,13,14,16,18,25],[4,7,8,19,21,22,6,9,10,11,13,14,16,18,25],[4,7,15,19,21,22,6,9,10,11,13,14,16,18,25],[4,8,15,19,21,22,6,9,10,11,13,14,16,18,25],[7,8,15,19,21,22,6,9,10,11,13,14,16,18,25]]}, {"grupoId":"G8|C2","agrupamentosDeNumeros":[[1,4,7,8,12,17,6,9,10,11,13,20,23,24,25],[1,4,7,8,12,19,6,9,10,11,13,20,23,24,25],[1,4,7,8,12,21,6,9,10,11,13,20,23,24,25],[1,4,7,8,17,19,6,9,10,11,13,20,23,24,25],[1,4,7,8,17,21,6,9,10,11,13,20,23,24,25],[1,4,7,8,19,21,6,9,10,11,13,20,23,24,25],[1,4,7,12,17,19,6,9,10,11,13,20,23,24,25],[1,4,7,12,17,21,6,9,10,11,13,20,23,24,25],[1,4,7,12,19,21,6,9,10,11,13,20,23,24,25],[1,4,7,17,19,21,6,9,10,11,13,20,23,24,25],[1,4,8,12,17,19,6,9,10,11,13,20,23,24,25],[1,4,8,12,17,21,6,9,10,11,13,20,23,24,25],[1,4,8,12,19,21,6,9,10,11,13,20,23,24,25],[1,4,8,17,19,21,6,9,10,11,13,20,23,24,25],[1,4,12,17,19,21,6,9,10,11,13,20,23,24,25],[1,7,8,12,17,19,6,9,10,11,13,20,23,24,25],[1,7,8,12,17,21,6,9,10,11,13,20,23,24,25],[1,7,8,12,19,21,6,9,10,11,13,20,23,24,25],[1,7,8,17,19,21,6,9,10,11,13,20,23,24,25],[1,7,12,17,19,21,6,9,10,11,13,20,23,24,25],[1,8,12,17,19,21,6,9,10,11,13,20,23,24,25],[4,7,8,12,17,19,6,9,10,11,13,20,23,24,25],[4,7,8,12,17,21,6,9,10,11,13,20,23,24,25],[4,7,8,12,19,21,6,9,10,11,13,20,23,24,25],[4,7,8,17,19,21,6,9,10,11,13,20,23,24,25],[4,7,12,17,19,21,6,9,10,11,13,20,23,24,25],[4,8,12,17,19,21,6,9,10,11,13,20,23,24,25],[7,8,12,17,19,21,6,9,10,11,13,20,23,24,25]]}, {"grupoId":"G8|C5","agrupamentosDeNumeros":[[1,4,7,8,17,19,6,9,10,11,13,18,20,23,24],[1,4,7,8,17,21,6,9,10,11,13,18,20,23,24],[1,4,7,8,17,22,6,9,10,11,13,18,20,23,24],[1,4,7,8,19,21,6,9,10,11,13,18,20,23,24],[1,4,7,8,19,22,6,9,10,11,13,18,20,23,24],[1,4,7,8,21,22,6,9,10,11,13,18,20,23,24],[1,4,7,17,19,21,6,9,10,11,13,18,20,23,24],[1,4,7,17,19,22,6,9,10,11,13,18,20,23,24],[1,4,7,17,21,22,6,9,10,11,13,18,20,23,24],[1,4,7,19,21,22,6,9,10,11,13,18,20,23,24],[1,4,8,17,19,21,6,9,10,11,13,18,20,23,24],[1,4,8,17,19,22,6,9,10,11,13,18,20,23,24],[1,4,8,17,21,22,6,9,10,11,13,18,20,23,24],[1,4,8,19,21,22,6,9,10,11,13,18,20,23,24],[1,4,17,19,21,22,6,9,10,11,13,18,20,23,24],[1,7,8,17,19,21,6,9,10,11,13,18,20,23,24],[1,7,8,17,19,22,6,9,10,11,13,18,20,23,24],[1,7,8,17,21,22,6,9,10,11,13,18,20,23,24],[1,7,8,19,21,22,6,9,10,11,13,18,20,23,24],[1,7,17,19,21,22,6,9,10,11,13,18,20,23,24],[1,8,17,19,21,22,6,9,10,11,13,18,20,23,24],[4,7,8,17,19,21,6,9,10,11,13,18,20,23,24],[4,7,8,17,19,22,6,9,10,11,13,18,20,23,24],[4,7,8,17,21,22,6,9,10,11,13,18,20,23,24],[4,7,8,19,21,22,6,9,10,11,13,18,20,23,24],[4,7,17,19,21,22,6,9,10,11,13,18,20,23,24],[4,8,17,19,21,22,6,9,10,11,13,18,20,23,24],[7,8,17,19,21,22,6,9,10,11,13,18,20,23,24]]}, {"grupoId":"G8|C4","agrupamentosDeNumeros":[[1,7,8,12,17,19,6,9,10,11,13,18,20,24,25],[1,7,8,12,17,21,6,9,10,11,13,18,20,24,25],[1,7,8,12,17,22,6,9,10,11,13,18,20,24,25],[1,7,8,12,19,21,6,9,10,11,13,18,20,24,25],[1,7,8,12,19,22,6,9,10,11,13,18,20,24,25],[1,7,8,12,21,22,6,9,10,11,13,18,20,24,25],[1,7,8,17,19,21,6,9,10,11,13,18,20,24,25],[1,7,8,17,19,22,6,9,10,11,13,18,20,24,25],[1,7,8,17,21,22,6,9,10,11,13,18,20,24,25],[1,7,8,19,21,22,6,9,10,11,13,18,20,24,25],[1,7,12,17,19,21,6,9,10,11,13,18,20,24,25],[1,7,12,17,19,22,6,9,10,11,13,18,20,24,25],[1,7,12,17,21,22,6,9,10,11,13,18,20,24,25],[1,7,12,19,21,22,6,9,10,11,13,18,20,24,25],[1,7,17,19,21,22,6,9,10,11,13,18,20,24,25],[1,8,12,17,19,21,6,9,10,11,13,18,20,24,25],[1,8,12,17,19,22,6,9,10,11,13,18,20,24,25],[1,8,12,17,21,22,6,9,10,11,13,18,20,24,25],[1,8,12,19,21,22,6,9,10,11,13,18,20,24,25],[1,8,17,19,21,22,6,9,10,11,13,18,20,24,25],[1,12,17,19,21,22,6,9,10,11,13,18,20,24,25],[7,8,12,17,19,21,6,9,10,11,13,18,20,24,25],[7,8,12,17,19,22,6,9,10,11,13,18,20,24,25],[7,8,12,17,21,22,6,9,10,11,13,18,20,24,25],[7,8,12,19,21,22,6,9,10,11,13,18,20,24,25],[7,8,17,19,21,22,6,9,10,11,13,18,20,24,25],[7,12,17,19,21,22,6,9,10,11,13,18,20,24,25],[8,12,17,19,21,22,6,9,10,11,13,18,20,24,25]]}, {"grupoId":"G4|C1","agrupamentosDeNumeros":[[1,4,7,12,15,17,5,6,9,11,13,16,20,23,24],[1,4,7,12,15,19,5,6,9,11,13,16,20,23,24],[1,4,7,12,15,21,5,6,9,11,13,16,20,23,24],[1,4,7,12,17,19,5,6,9,11,13,16,20,23,24],[1,4,7,12,17,21,5,6,9,11,13,16,20,23,24],[1,4,7,12,19,21,5,6,9,11,13,16,20,23,24],[1,4,7,15,17,19,5,6,9,11,13,16,20,23,24],[1,4,7,15,17,21,5,6,9,11,13,16,20,23,24],[1,4,7,15,19,21,5,6,9,11,13,16,20,23,24],[1,4,7,17,19,21,5,6,9,11,13,16,20,23,24],[1,4,12,15,17,19,5,6,9,11,13,16,20,23,24],[1,4,12,15,17,21,5,6,9,11,13,16,20,23,24],[1,4,12,15,19,21,5,6,9,11,13,16,20,23,24],[1,4,12,17,19,21,5,6,9,11,13,16,20,23,24],[1,4,15,17,19,21,5,6,9,11,13,16,20,23,24],[1,7,12,15,17,19,5,6,9,11,13,16,20,23,24],[1,7,12,15,17,21,5,6,9,11,13,16,20,23,24],[1,7,12,15,19,21,5,6,9,11,13,16,20,23,24],[1,7,12,17,19,21,5,6,9,11,13,16,20,23,24],[1,7,15,17,19,21,5,6,9,11,13,16,20,23,24],[1,12,15,17,19,21,5,6,9,11,13,16,20,23,24],[4,7,12,15,17,19,5,6,9,11,13,16,20,23,24],[4,7,12,15,17,21,5,6,9,11,13,16,20,23,24],[4,7,12,15,19,21,5,6,9,11,13,16,20,23,24],[4,7,12,17,19,21,5,6,9,11,13,16,20,23,24],[4,7,15,17,19,21,5,6,9,11,13,16,20,23,24],[4,12,15,17,19,21,5,6,9,11,13,16,20,23,24],[7,12,15,17,19,21,5,6,9,11,13,16,20,23,24]]}, {"grupoId":"G20|C10","agrupamentosDeNumeros":[[4,7,8,12,15,19,6,9,11,13,14,20,23,24,25],[4,7,8,12,15,21,6,9,11,13,14,20,23,24,25],[4,7,8,12,15,22,6,9,11,13,14,20,23,24,25],[4,7,8,12,19,21,6,9,11,13,14,20,23,24,25],[4,7,8,12,19,22,6,9,11,13,14,20,23,24,25],[4,7,8,12,21,22,6,9,11,13,14,20,23,24,25],[4,7,8,15,19,21,6,9,11,13,14,20,23,24,25],[4,7,8,15,19,22,6,9,11,13,14,20,23,24,25],[4,7,8,15,21,22,6,9,11,13,14,20,23,24,25],[4,7,8,19,21,22,6,9,11,13,14,20,23,24,25],[4,7,12,15,19,21,6,9,11,13,14,20,23,24,25],[4,7,12,15,19,22,6,9,11,13,14,20,23,24,25],[4,7,12,15,21,22,6,9,11,13,14,20,23,24,25],[4,7,12,19,21,22,6,9,11,13,14,20,23,24,25],[4,7,15,19,21,22,6,9,11,13,14,20,23,24,25],[4,8,12,15,19,21,6,9,11,13,14,20,23,24,25],[4,8,12,15,19,22,6,9,11,13,14,20,23,24,25],[4,8,12,15,21,22,6,9,11,13,14,20,23,24,25],[4,8,12,19,21,22,6,9,11,13,14,20,23,24,25],[4,8,15,19,21,22,6,9,11,13,14,20,23,24,25],[4,12,15,19,21,22,6,9,11,13,14,20,23,24,25],[7,8,12,15,19,21,6,9,11,13,14,20,23,24,25],[7,8,12,15,19,22,6,9,11,13,14,20,23,24,25],[7,8,12,15,21,22,6,9,11,13,14,20,23,24,25],[7,8,12,19,21,22,6,9,11,13,14,20,23,24,25],[7,8,15,19,21,22,6,9,11,13,14,20,23,24,25],[7,12,15,19,21,22,6,9,11,13,14,20,23,24,25],[8,12,15,19,21,22,6,9,11,13,14,20,23,24,25]]}, {"grupoId":"G4|C7","agrupamentosDeNumeros":[[1,4,7,12,15,17,6,9,11,13,16,18,20,23,24],[1,4,7,12,15,19,6,9,11,13,16,18,20,23,24],[1,4,7,12,15,22,6,9,11,13,16,18,20,23,24],[1,4,7,12,17,19,6,9,11,13,16,18,20,23,24],[1,4,7,12,17,22,6,9,11,13,16,18,20,23,24],[1,4,7,12,19,22,6,9,11,13,16,18,20,23,24],[1,4,7,15,17,19,6,9,11,13,16,18,20,23,24],[1,4,7,15,17,22,6,9,11,13,16,18,20,23,24],[1,4,7,15,19,22,6,9,11,13,16,18,20,23,24],[1,4,7,17,19,22,6,9,11,13,16,18,20,23,24],[1,4,12,15,17,19,6,9,11,13,16,18,20,23,24],[1,4,12,15,17,22,6,9,11,13,16,18,20,23,24],[1,4,12,15,19,22,6,9,11,13,16,18,20,23,24],[1,4,12,17,19,22,6,9,11,13,16,18,20,23,24],[1,4,15,17,19,22,6,9,11,13,16,18,20,23,24],[1,7,12,15,17,19,6,9,11,13,16,18,20,23,24],[1,7,12,15,17,22,6,9,11,13,16,18,20,23,24],[1,7,12,15,19,22,6,9,11,13,16,18,20,23,24],[1,7,12,17,19,22,6,9,11,13,16,18,20,23,24],[1,7,15,17,19,22,6,9,11,13,16,18,20,23,24],[1,12,15,17,19,22,6,9,11,13,16,18,20,23,24],[4,7,12,15,17,19,6,9,11,13,16,18,20,23,24],[4,7,12,15,17,22,6,9,11,13,16,18,20,23,24],[4,7,12,15,19,22,6,9,11,13,16,18,20,23,24],[4,7,12,17,19,22,6,9,11,13,16,18,20,23,24],[4,7,15,17,19,22,6,9,11,13,16,18,20,23,24],[4,12,15,17,19,22,6,9,11,13,16,18,20,23,24],[7,12,15,17,19,22,6,9,11,13,16,18,20,23,24]]}, {"grupoId":"G8|C9","agrupamentosDeNumeros":[[1,4,7,8,12,19,6,9,10,11,13,20,23,24,25],[1,4,7,8,12,21,6,9,10,11,13,20,23,24,25],[1,4,7,8,12,22,6,9,10,11,13,20,23,24,25],[1,4,7,8,19,21,6,9,10,11,13,20,23,24,25],[1,4,7,8,19,22,6,9,10,11,13,20,23,24,25],[1,4,7,8,21,22,6,9,10,11,13,20,23,24,25],[1,4,7,12,19,21,6,9,10,11,13,20,23,24,25],[1,4,7,12,19,22,6,9,10,11,13,20,23,24,25],[1,4,7,12,21,22,6,9,10,11,13,20,23,24,25],[1,4,7,19,21,22,6,9,10,11,13,20,23,24,25],[1,4,8,12,19,21,6,9,10,11,13,20,23,24,25],[1,4,8,12,19,22,6,9,10,11,13,20,23,24,25],[1,4,8,12,21,22,6,9,10,11,13,20,23,24,25],[1,4,8,19,21,22,6,9,10,11,13,20,23,24,25],[1,4,12,19,21,22,6,9,10,11,13,20,23,24,25],[1,7,8,12,19,21,6,9,10,11,13,20,23,24,25],[1,7,8,12,19,22,6,9,10,11,13,20,23,24,25],[1,7,8,12,21,22,6,9,10,11,13,20,23,24,25],[1,7,8,19,21,22,6,9,10,11,13,20,23,24,25],[1,7,12,19,21,22,6,9,10,11,13,20,23,24,25],[1,8,12,19,21,22,6,9,10,11,13,20,23,24,25],[4,7,8,12,19,21,6,9,10,11,13,20,23,24,25],[4,7,8,12,19,22,6,9,10,11,13,20,23,24,25],[4,7,8,12,21,22,6,9,10,11,13,20,23,24,25],[4,7,8,19,21,22,6,9,10,11,13,20,23,24,25],[4,7,12,19,21,22,6,9,10,11,13,20,23,24,25],[4,8,12,19,21,22,6,9,10,11,13,20,23,24,25],[7,8,12,19,21,22,6,9,10,11,13,20,23,24,25]]}, {"grupoId":"G4|C4","agrupamentosDeNumeros":[[1,7,12,15,17,19,5,6,9,11,13,16,18,20,24],[1,7,12,15,17,21,5,6,9,11,13,16,18,20,24],[1,7,12,15,17,22,5,6,9,11,13,16,18,20,24],[1,7,12,15,19,21,5,6,9,11,13,16,18,20,24],[1,7,12,15,19,22,5,6,9,11,13,16,18,20,24],[1,7,12,15,21,22,5,6,9,11,13,16,18,20,24],[1,7,12,17,19,21,5,6,9,11,13,16,18,20,24],[1,7,12,17,19,22,5,6,9,11,13,16,18,20,24],[1,7,12,17,21,22,5,6,9,11,13,16,18,20,24],[1,7,12,19,21,22,5,6,9,11,13,16,18,20,24],[1,7,15,17,19,21,5,6,9,11,13,16,18,20,24],[1,7,15,17,19,22,5,6,9,11,13,16,18,20,24],[1,7,15,17,21,22,5,6,9,11,13,16,18,20,24],[1,7,15,19,21,22,5,6,9,11,13,16,18,20,24],[1,7,17,19,21,22,5,6,9,11,13,16,18,20,24],[1,12,15,17,19,21,5,6,9,11,13,16,18,20,24],[1,12,15,17,19,22,5,6,9,11,13,16,18,20,24],[1,12,15,17,21,22,5,6,9,11,13,16,18,20,24],[1,12,15,19,21,22,5,6,9,11,13,16,18,20,24],[1,12,17,19,21,22,5,6,9,11,13,16,18,20,24],[1,15,17,19,21,22,5,6,9,11,13,16,18,20,24],[7,12,15,17,19,21,5,6,9,11,13,16,18,20,24],[7,12,15,17,19,22,5,6,9,11,13,16,18,20,24],[7,12,15,17,21,22,5,6,9,11,13,16,18,20,24],[7,12,15,19,21,22,5,6,9,11,13,16,18,20,24],[7,12,17,19,21,22,5,6,9,11,13,16,18,20,24],[7,15,17,19,21,22,5,6,9,11,13,16,18,20,24],[12,15,17,19,21,22,5,6,9,11,13,16,18,20,24]]}, {"grupoId":"G8|C8","agrupamentosDeNumeros":[[1,4,7,8,12,17,9,10,11,13,18,20,23,24,25],[1,4,7,8,12,19,9,10,11,13,18,20,23,24,25],[1,4,7,8,12,22,9,10,11,13,18,20,23,24,25],[1,4,7,8,17,19,9,10,11,13,18,20,23,24,25],[1,4,7,8,17,22,9,10,11,13,18,20,23,24,25],[1,4,7,8,19,22,9,10,11,13,18,20,23,24,25],[1,4,7,12,17,19,9,10,11,13,18,20,23,24,25],[1,4,7,12,17,22,9,10,11,13,18,20,23,24,25],[1,4,7,12,19,22,9,10,11,13,18,20,23,24,25],[1,4,7,17,19,22,9,10,11,13,18,20,23,24,25],[1,4,8,12,17,19,9,10,11,13,18,20,23,24,25],[1,4,8,12,17,22,9,10,11,13,18,20,23,24,25],[1,4,8,12,19,22,9,10,11,13,18,20,23,24,25],[1,4,8,17,19,22,9,10,11,13,18,20,23,24,25],[1,4,12,17,19,22,9,10,11,13,18,20,23,24,25],[1,7,8,12,17,19,9,10,11,13,18,20,23,24,25],[1,7,8,12,17,22,9,10,11,13,18,20,23,24,25],[1,7,8,12,19,22,9,10,11,13,18,20,23,24,25],[1,7,8,17,19,22,9,10,11,13,18,20,23,24,25],[1,7,12,17,19,22,9,10,11,13,18,20,23,24,25],[1,8,12,17,19,22,9,10,11,13,18,20,23,24,25],[4,7,8,12,17,19,9,10,11,13,18,20,23,24,25],[4,7,8,12,17,22,9,10,11,13,18,20,23,24,25],[4,7,8,12,19,22,9,10,11,13,18,20,23,24,25],[4,7,8,17,19,22,9,10,11,13,18,20,23,24,25],[4,7,12,17,19,22,9,10,11,13,18,20,23,24,25],[4,8,12,17,19,22,9,10,11,13,18,20,23,24,25],[7,8,12,17,19,22,9,10,11,13,18,20,23,24,25]]}, {"grupoId":"G20|C13","agrupamentosDeNumeros":[[4,7,8,12,15,19,6,9,11,13,14,20,23,24,25],[4,7,8,12,15,21,6,9,11,13,14,20,23,24,25],[4,7,8,12,15,22,6,9,11,13,14,20,23,24,25],[4,7,8,12,19,21,6,9,11,13,14,20,23,24,25],[4,7,8,12,19,22,6,9,11,13,14,20,23,24,25],[4,7,8,12,21,22,6,9,11,13,14,20,23,24,25],[4,7,8,15,19,21,6,9,11,13,14,20,23,24,25],[4,7,8,15,19,22,6,9,11,13,14,20,23,24,25],[4,7,8,15,21,22,6,9,11,13,14,20,23,24,25],[4,7,8,19,21,22,6,9,11,13,14,20,23,24,25],[4,7,12,15,19,21,6,9,11,13,14,20,23,24,25],[4,7,12,15,19,22,6,9,11,13,14,20,23,24,25],[4,7,12,15,21,22,6,9,11,13,14,20,23,24,25],[4,7,12,19,21,22,6,9,11,13,14,20,23,24,25],[4,7,15,19,21,22,6,9,11,13,14,20,23,24,25],[4,8,12,15,19,21,6,9,11,13,14,20,23,24,25],[4,8,12,15,19,22,6,9,11,13,14,20,23,24,25],[4,8,12,15,21,22,6,9,11,13,14,20,23,24,25],[4,8,12,19,21,22,6,9,11,13,14,20,23,24,25],[4,8,15,19,21,22,6,9,11,13,14,20,23,24,25],[4,12,15,19,21,22,6,9,11,13,14,20,23,24,25],[7,8,12,15,19,21,6,9,11,13,14,20,23,24,25],[7,8,12,15,19,22,6,9,11,13,14,20,23,24,25],[7,8,12,15,21,22,6,9,11,13,14,20,23,24,25],[7,8,12,19,21,22,6,9,11,13,14,20,23,24,25],[7,8,15,19,21,22,6,9,11,13,14,20,23,24,25],[7,12,15,19,21,22,6,9,11,13,14,20,23,24,25],[8,12,15,19,21,22,6,9,11,13,14,20,23,24,25]]}, {"grupoId":"G20|C14","agrupamentosDeNumeros":[[4,7,8,15,17,19,6,9,11,13,14,18,20,23,25],[4,7,8,15,17,21,6,9,11,13,14,18,20,23,25],[4,7,8,15,17,22,6,9,11,13,14,18,20,23,25],[4,7,8,15,19,21,6,9,11,13,14,18,20,23,25],[4,7,8,15,19,22,6,9,11,13,14,18,20,23,25],[4,7,8,15,21,22,6,9,11,13,14,18,20,23,25],[4,7,8,17,19,21,6,9,11,13,14,18,20,23,25],[4,7,8,17,19,22,6,9,11,13,14,18,20,23,25],[4,7,8,17,21,22,6,9,11,13,14,18,20,23,25],[4,7,8,19,21,22,6,9,11,13,14,18,20,23,25],[4,7,15,17,19,21,6,9,11,13,14,18,20,23,25],[4,7,15,17,19,22,6,9,11,13,14,18,20,23,25],[4,7,15,17,21,22,6,9,11,13,14,18,20,23,25],[4,7,15,19,21,22,6,9,11,13,14,18,20,23,25],[4,7,17,19,21,22,6,9,11,13,14,18,20,23,25],[4,8,15,17,19,21,6,9,11,13,14,18,20,23,25],[4,8,15,17,19,22,6,9,11,13,14,18,20,23,25],[4,8,15,17,21,22,6,9,11,13,14,18,20,23,25],[4,8,15,19,21,22,6,9,11,13,14,18,20,23,25],[4,8,17,19,21,22,6,9,11,13,14,18,20,23,25],[4,15,17,19,21,22,6,9,11,13,14,18,20,23,25],[7,8,15,17,19,21,6,9,11,13,14,18,20,23,25],[7,8,15,17,19,22,6,9,11,13,14,18,20,23,25],[7,8,15,17,21,22,6,9,11,13,14,18,20,23,25],[7,8,15,19,21,22,6,9,11,13,14,18,20,23,25],[7,8,17,19,21,22,6,9,11,13,14,18,20,23,25],[7,15,17,19,21,22,6,9,11,13,14,18,20,23,25],[8,15,17,19,21,22,6,9,11,13,14,18,20,23,25]]}, {"grupoId":"G20|C11","agrupamentosDeNumeros":[[4,7,8,15,17,19,6,9,11,13,14,18,20,23,25],[4,7,8,15,17,21,6,9,11,13,14,18,20,23,25],[4,7,8,15,17,22,6,9,11,13,14,18,20,23,25],[4,7,8,15,19,21,6,9,11,13,14,18,20,23,25],[4,7,8,15,19,22,6,9,11,13,14,18,20,23,25],[4,7,8,15,21,22,6,9,11,13,14,18,20,23,25],[4,7,8,17,19,21,6,9,11,13,14,18,20,23,25],[4,7,8,17,19,22,6,9,11,13,14,18,20,23,25],[4,7,8,17,21,22,6,9,11,13,14,18,20,23,25],[4,7,8,19,21,22,6,9,11,13,14,18,20,23,25],[4,7,15,17,19,21,6,9,11,13,14,18,20,23,25],[4,7,15,17,19,22,6,9,11,13,14,18,20,23,25],[4,7,15,17,21,22,6,9,11,13,14,18,20,23,25],[4,7,15,19,21,22,6,9,11,13,14,18,20,23,25],[4,7,17,19,21,22,6,9,11,13,14,18,20,23,25],[4,8,15,17,19,21,6,9,11,13,14,18,20,23,25],[4,8,15,17,19,22,6,9,11,13,14,18,20,23,25],[4,8,15,17,21,22,6,9,11,13,14,18,20,23,25],[4,8,15,19,21,22,6,9,11,13,14,18,20,23,25],[4,8,17,19,21,22,6,9,11,13,14,18,20,23,25],[4,15,17,19,21,22,6,9,11,13,14,18,20,23,25],[7,8,15,17,19,21,6,9,11,13,14,18,20,23,25],[7,8,15,17,19,22,6,9,11,13,14,18,20,23,25],[7,8,15,17,21,22,6,9,11,13,14,18,20,23,25],[7,8,15,19,21,22,6,9,11,13,14,18,20,23,25],[7,8,17,19,21,22,6,9,11,13,14,18,20,23,25],[7,15,17,19,21,22,6,9,11,13,14,18,20,23,25],[8,15,17,19,21,22,6,9,11,13,14,18,20,23,25]]}, {"grupoId":"G20|C12","agrupamentosDeNumeros":[[4,7,8,12,15,17,9,11,13,14,18,20,23,24,25],[4,7,8,12,15,19,9,11,13,14,18,20,23,24,25],[4,7,8,12,15,22,9,11,13,14,18,20,23,24,25],[4,7,8,12,17,19,9,11,13,14,18,20,23,24,25],[4,7,8,12,17,22,9,11,13,14,18,20,23,24,25],[4,7,8,12,19,22,9,11,13,14,18,20,23,24,25],[4,7,8,15,17,19,9,11,13,14,18,20,23,24,25],[4,7,8,15,17,22,9,11,13,14,18,20,23,24,25],[4,7,8,15,19,22,9,11,13,14,18,20,23,24,25],[4,7,8,17,19,22,9,11,13,14,18,20,23,24,25],[4,7,12,15,17,19,9,11,13,14,18,20,23,24,25],[4,7,12,15,17,22,9,11,13,14,18,20,23,24,25],[4,7,12,15,19,22,9,11,13,14,18,20,23,24,25],[4,7,12,17,19,22,9,11,13,14,18,20,23,24,25],[4,7,15,17,19,22,9,11,13,14,18,20,23,24,25],[4,8,12,15,17,19,9,11,13,14,18,20,23,24,25],[4,8,12,15,17,22,9,11,13,14,18,20,23,24,25],[4,8,12,15,19,22,9,11,13,14,18,20,23,24,25],[4,8,12,17,19,22,9,11,13,14,18,20,23,24,25],[4,8,15,17,19,22,9,11,13,14,18,20,23,24,25],[4,12,15,17,19,22,9,11,13,14,18,20,23,24,25],[7,8,12,15,17,19,9,11,13,14,18,20,23,24,25],[7,8,12,15,17,22,9,11,13,14,18,20,23,24,25],[7,8,12,15,19,22,9,11,13,14,18,20,23,24,25],[7,8,12,17,19,22,9,11,13,14,18,20,23,24,25],[7,8,15,17,19,22,9,11,13,14,18,20,23,24,25],[7,12,15,17,19,22,9,11,13,14,18,20,23,24,25],[8,12,15,17,19,22,9,11,13,14,18,20,23,24,25]]}, {"grupoId":"G20|C3","agrupamentosDeNumeros":[[4,7,8,12,15,17,6,9,11,13,14,20,23,24,25],[4,7,8,12,15,19,6,9,11,13,14,20,23,24,25],[4,7,8,12,15,21,6,9,11,13,14,20,23,24,25],[4,7,8,12,17,19,6,9,11,13,14,20,23,24,25],[4,7,8,12,17,21,6,9,11,13,14,20,23,24,25],[4,7,8,12,19,21,6,9,11,13,14,20,23,24,25],[4,7,8,15,17,19,6,9,11,13,14,20,23,24,25],[4,7,8,15,17,21,6,9,11,13,14,20,23,24,25],[4,7,8,15,19,21,6,9,11,13,14,20,23,24,25],[4,7,8,17,19,21,6,9,11,13,14,20,23,24,25],[4,7,12,15,17,19,6,9,11,13,14,20,23,24,25],[4,7,12,15,17,21,6,9,11,13,14,20,23,24,25],[4,7,12,15,19,21,6,9,11,13,14,20,23,24,25],[4,7,12,17,19,21,6,9,11,13,14,20,23,24,25],[4,7,15,17,19,21,6,9,11,13,14,20,23,24,25],[4,8,12,15,17,19,6,9,11,13,14,20,23,24,25],[4,8,12,15,17,21,6,9,11,13,14,20,23,24,25],[4,8,12,15,19,21,6,9,11,13,14,20,23,24,25],[4,8,12,17,19,21,6,9,11,13,14,20,23,24,25],[4,8,15,17,19,21,6,9,11,13,14,20,23,24,25],[4,12,15,17,19,21,6,9,11,13,14,20,23,24,25],[7,8,12,15,17,19,6,9,11,13,14,20,23,24,25],[7,8,12,15,17,21,6,9,11,13,14,20,23,24,25],[7,8,12,15,19,21,6,9,11,13,14,20,23,24,25],[7,8,12,17,19,21,6,9,11,13,14,20,23,24,25],[7,8,15,17,19,21,6,9,11,13,14,20,23,24,25],[7,12,15,17,19,21,6,9,11,13,14,20,23,24,25],[8,12,15,17,19,21,6,9,11,13,14,20,23,24,25]]}, {"grupoId":"G4|C9","agrupamentosDeNumeros":[[1,4,7,12,15,19,5,6,9,11,13,16,20,23,24],[1,4,7,12,15,21,5,6,9,11,13,16,20,23,24],[1,4,7,12,15,22,5,6,9,11,13,16,20,23,24],[1,4,7,12,19,21,5,6,9,11,13,16,20,23,24],[1,4,7,12,19,22,5,6,9,11,13,16,20,23,24],[1,4,7,12,21,22,5,6,9,11,13,16,20,23,24],[1,4,7,15,19,21,5,6,9,11,13,16,20,23,24],[1,4,7,15,19,22,5,6,9,11,13,16,20,23,24],[1,4,7,15,21,22,5,6,9,11,13,16,20,23,24],[1,4,7,19,21,22,5,6,9,11,13,16,20,23,24],[1,4,12,15,19,21,5,6,9,11,13,16,20,23,24],[1,4,12,15,19,22,5,6,9,11,13,16,20,23,24],[1,4,12,15,21,22,5,6,9,11,13,16,20,23,24],[1,4,12,19,21,22,5,6,9,11,13,16,20,23,24],[1,4,15,19,21,22,5,6,9,11,13,16,20,23,24],[1,7,12,15,19,21,5,6,9,11,13,16,20,23,24],[1,7,12,15,19,22,5,6,9,11,13,16,20,23,24],[1,7,12,15,21,22,5,6,9,11,13,16,20,23,24],[1,7,12,19,21,22,5,6,9,11,13,16,20,23,24],[1,7,15,19,21,22,5,6,9,11,13,16,20,23,24],[1,12,15,19,21,22,5,6,9,11,13,16,20,23,24],[4,7,12,15,19,21,5,6,9,11,13,16,20,23,24],[4,7,12,15,19,22,5,6,9,11,13,16,20,23,24],[4,7,12,15,21,22,5,6,9,11,13,16,20,23,24],[4,7,12,19,21,22,5,6,9,11,13,16,20,23,24],[4,7,15,19,21,22,5,6,9,11,13,16,20,23,24],[4,12,15,19,21,22,5,6,9,11,13,16,20,23,24],[7,12,15,19,21,22,5,6,9,11,13,16,20,23,24]]}, {"grupoId":"G20|C5","agrupamentosDeNumeros":[[7,8,12,15,17,19,6,9,11,13,14,18,20,24,25],[7,8,12,15,17,21,6,9,11,13,14,18,20,24,25],[7,8,12,15,17,22,6,9,11,13,14,18,20,24,25],[7,8,12,15,19,21,6,9,11,13,14,18,20,24,25],[7,8,12,15,19,22,6,9,11,13,14,18,20,24,25],[7,8,12,15,21,22,6,9,11,13,14,18,20,24,25],[7,8,12,17,19,21,6,9,11,13,14,18,20,24,25],[7,8,12,17,19,22,6,9,11,13,14,18,20,24,25],[7,8,12,17,21,22,6,9,11,13,14,18,20,24,25],[7,8,12,19,21,22,6,9,11,13,14,18,20,24,25],[7,8,15,17,19,21,6,9,11,13,14,18,20,24,25],[7,8,15,17,19,22,6,9,11,13,14,18,20,24,25],[7,8,15,17,21,22,6,9,11,13,14,18,20,24,25],[7,8,15,19,21,22,6,9,11,13,14,18,20,24,25],[7,8,17,19,21,22,6,9,11,13,14,18,20,24,25],[7,12,15,17,19,21,6,9,11,13,14,18,20,24,25],[7,12,15,17,19,22,6,9,11,13,14,18,20,24,25],[7,12,15,17,21,22,6,9,11,13,14,18,20,24,25],[7,12,15,19,21,22,6,9,11,13,14,18,20,24,25],[7,12,17,19,21,22,6,9,11,13,14,18,20,24,25],[7,15,17,19,21,22,6,9,11,13,14,18,20,24,25],[8,12,15,17,19,21,6,9,11,13,14,18,20,24,25],[8,12,15,17,19,22,6,9,11,13,14,18,20,24,25],[8,12,15,17,21,22,6,9,11,13,14,18,20,24,25],[8,12,15,19,21,22,6,9,11,13,14,18,20,24,25],[8,12,17,19,21,22,6,9,11,13,14,18,20,24,25],[8,15,17,19,21,22,6,9,11,13,14,18,20,24,25],[12,15,17,19,21,22,6,9,11,13,14,18,20,24,25]]}, {"grupoId":"G16|C2","agrupamentosDeNumeros":[[1,8,12,15,17,19,6,9,10,11,13,18,20,23,25],[1,8,12,15,17,21,6,9,10,11,13,18,20,23,25],[1,8,12,15,17,22,6,9,10,11,13,18,20,23,25],[1,8,12,15,19,21,6,9,10,11,13,18,20,23,25],[1,8,12,15,19,22,6,9,10,11,13,18,20,23,25],[1,8,12,15,21,22,6,9,10,11,13,18,20,23,25],[1,8,12,17,19,21,6,9,10,11,13,18,20,23,25],[1,8,12,17,19,22,6,9,10,11,13,18,20,23,25],[1,8,12,17,21,22,6,9,10,11,13,18,20,23,25],[1,8,12,19,21,22,6,9,10,11,13,18,20,23,25],[1,8,15,17,19,21,6,9,10,11,13,18,20,23,25],[1,8,15,17,19,22,6,9,10,11,13,18,20,23,25],[1,8,15,17,21,22,6,9,10,11,13,18,20,23,25],[1,8,15,19,21,22,6,9,10,11,13,18,20,23,25],[1,8,17,19,21,22,6,9,10,11,13,18,20,23,25],[1,12,15,17,19,21,6,9,10,11,13,18,20,23,25],[1,12,15,17,19,22,6,9,10,11,13,18,20,23,25],[1,12,15,17,21,22,6,9,10,11,13,18,20,23,25],[1,12,15,19,21,22,6,9,10,11,13,18,20,23,25],[1,12,17,19,21,22,6,9,10,11,13,18,20,23,25],[1,15,17,19,21,22,6,9,10,11,13,18,20,23,25],[8,12,15,17,19,21,6,9,10,11,13,18,20,23,25],[8,12,15,17,19,22,6,9,10,11,13,18,20,23,25],[8,12,15,17,21,22,6,9,10,11,13,18,20,23,25],[8,12,15,19,21,22,6,9,10,11,13,18,20,23,25],[8,12,17,19,21,22,6,9,10,11,13,18,20,23,25],[8,15,17,19,21,22,6,9,10,11,13,18,20,23,25],[12,15,17,19,21,22,6,9,10,11,13,18,20,23,25]]}, {"grupoId":"G20|C7","agrupamentosDeNumeros":[[4,7,8,15,17,19,6,9,11,13,14,18,20,23,24],[4,7,8,15,17,21,6,9,11,13,14,18,20,23,24],[4,7,8,15,17,22,6,9,11,13,14,18,20,23,24],[4,7,8,15,19,21,6,9,11,13,14,18,20,23,24],[4,7,8,15,19,22,6,9,11,13,14,18,20,23,24],[4,7,8,15,21,22,6,9,11,13,14,18,20,23,24],[4,7,8,17,19,21,6,9,11,13,14,18,20,23,24],[4,7,8,17,19,22,6,9,11,13,14,18,20,23,24],[4,7,8,17,21,22,6,9,11,13,14,18,20,23,24],[4,7,8,19,21,22,6,9,11,13,14,18,20,23,24],[4,7,15,17,19,21,6,9,11,13,14,18,20,23,24],[4,7,15,17,19,22,6,9,11,13,14,18,20,23,24],[4,7,15,17,21,22,6,9,11,13,14,18,20,23,24],[4,7,15,19,21,22,6,9,11,13,14,18,20,23,24],[4,7,17,19,21,22,6,9,11,13,14,18,20,23,24],[4,8,15,17,19,21,6,9,11,13,14,18,20,23,24],[4,8,15,17,19,22,6,9,11,13,14,18,20,23,24],[4,8,15,17,21,22,6,9,11,13,14,18,20,23,24],[4,8,15,19,21,22,6,9,11,13,14,18,20,23,24],[4,8,17,19,21,22,6,9,11,13,14,18,20,23,24],[4,15,17,19,21,22,6,9,11,13,14,18,20,23,24],[7,8,15,17,19,21,6,9,11,13,14,18,20,23,24],[7,8,15,17,19,22,6,9,11,13,14,18,20,23,24],[7,8,15,17,21,22,6,9,11,13,14,18,20,23,24],[7,8,15,19,21,22,6,9,11,13,14,18,20,23,24],[7,8,17,19,21,22,6,9,11,13,14,18,20,23,24],[7,15,17,19,21,22,6,9,11,13,14,18,20,23,24],[8,15,17,19,21,22,6,9,11,13,14,18,20,23,24]]}, {"grupoId":"G17|C7","agrupamentosDeNumeros":[[4,7,8,15,17,19,5,6,9,10,16,18,23,24,25],[4,7,8,15,17,21,5,6,9,10,16,18,23,24,25],[4,7,8,15,17,22,5,6,9,10,16,18,23,24,25],[4,7,8,15,19,21,5,6,9,10,16,18,23,24,25],[4,7,8,15,19,22,5,6,9,10,16,18,23,24,25],[4,7,8,15,21,22,5,6,9,10,16,18,23,24,25],[4,7,8,17,19,21,5,6,9,10,16,18,23,24,25],[4,7,8,17,19,22,5,6,9,10,16,18,23,24,25],[4,7,8,17,21,22,5,6,9,10,16,18,23,24,25],[4,7,8,19,21,22,5,6,9,10,16,18,23,24,25],[4,7,15,17,19,21,5,6,9,10,16,18,23,24,25],[4,7,15,17,19,22,5,6,9,10,16,18,23,24,25],[4,7,15,17,21,22,5,6,9,10,16,18,23,24,25],[4,7,15,19,21,22,5,6,9,10,16,18,23,24,25],[4,7,17,19,21,22,5,6,9,10,16,18,23,24,25],[4,8,15,17,19,21,5,6,9,10,16,18,23,24,25],[4,8,15,17,19,22,5,6,9,10,16,18,23,24,25],[4,8,15,17,21,22,5,6,9,10,16,18,23,24,25],[4,8,15,19,21,22,5,6,9,10,16,18,23,24,25],[4,8,17,19,21,22,5,6,9,10,16,18,23,24,25],[4,15,17,19,21,22,5,6,9,10,16,18,23,24,25],[7,8,15,17,19,21,5,6,9,10,16,18,23,24,25],[7,8,15,17,19,22,5,6,9,10,16,18,23,24,25],[7,8,15,17,21,22,5,6,9,10,16,18,23,24,25],[7,8,15,19,21,22,5,6,9,10,16,18,23,24,25],[7,8,17,19,21,22,5,6,9,10,16,18,23,24,25],[7,15,17,19,21,22,5,6,9,10,16,18,23,24,25],[8,15,17,19,21,22,5,6,9,10,16,18,23,24,25]]}, {"grupoId":"G13|C4","agrupamentosDeNumeros":[[1,4,7,8,12,17,6,9,10,13,14,16,20,24,25],[1,4,7,8,12,21,6,9,10,13,14,16,20,24,25],[1,4,7,8,12,22,6,9,10,13,14,16,20,24,25],[1,4,7,8,17,21,6,9,10,13,14,16,20,24,25],[1,4,7,8,17,22,6,9,10,13,14,16,20,24,25],[1,4,7,8,21,22,6,9,10,13,14,16,20,24,25],[1,4,7,12,17,21,6,9,10,13,14,16,20,24,25],[1,4,7,12,17,22,6,9,10,13,14,16,20,24,25],[1,4,7,12,21,22,6,9,10,13,14,16,20,24,25],[1,4,7,17,21,22,6,9,10,13,14,16,20,24,25],[1,4,8,12,17,21,6,9,10,13,14,16,20,24,25],[1,4,8,12,17,22,6,9,10,13,14,16,20,24,25],[1,4,8,12,21,22,6,9,10,13,14,16,20,24,25],[1,4,8,17,21,22,6,9,10,13,14,16,20,24,25],[1,4,12,17,21,22,6,9,10,13,14,16,20,24,25],[1,7,8,12,17,21,6,9,10,13,14,16,20,24,25],[1,7,8,12,17,22,6,9,10,13,14,16,20,24,25],[1,7,8,12,21,22,6,9,10,13,14,16,20,24,25],[1,7,8,17,21,22,6,9,10,13,14,16,20,24,25],[1,7,12,17,21,22,6,9,10,13,14,16,20,24,25],[1,8,12,17,21,22,6,9,10,13,14,16,20,24,25],[4,7,8,12,17,21,6,9,10,13,14,16,20,24,25],[4,7,8,12,17,22,6,9,10,13,14,16,20,24,25],[4,7,8,12,21,22,6,9,10,13,14,16,20,24,25],[4,7,8,17,21,22,6,9,10,13,14,16,20,24,25],[4,7,12,17,21,22,6,9,10,13,14,16,20,24,25],[4,8,12,17,21,22,6,9,10,13,14,16,20,24,25],[7,8,12,17,21,22,6,9,10,13,14,16,20,24,25]]}, {"grupoId":"G17|C6","agrupamentosDeNumeros":[[4,7,8,15,17,19,5,6,11,16,18,20,23,24,25],[4,7,8,15,17,21,5,6,11,16,18,20,23,24,25],[4,7,8,15,17,22,5,6,11,16,18,20,23,24,25],[4,7,8,15,19,21,5,6,11,16,18,20,23,24,25],[4,7,8,15,19,22,5,6,11,16,18,20,23,24,25],[4,7,8,15,21,22,5,6,11,16,18,20,23,24,25],[4,7,8,17,19,21,5,6,11,16,18,20,23,24,25],[4,7,8,17,19,22,5,6,11,16,18,20,23,24,25],[4,7,8,17,21,22,5,6,11,16,18,20,23,24,25],[4,7,8,19,21,22,5,6,11,16,18,20,23,24,25],[4,7,15,17,19,21,5,6,11,16,18,20,23,24,25],[4,7,15,17,19,22,5,6,11,16,18,20,23,24,25],[4,7,15,17,21,22,5,6,11,16,18,20,23,24,25],[4,7,15,19,21,22,5,6,11,16,18,20,23,24,25],[4,7,17,19,21,22,5,6,11,16,18,20,23,24,25],[4,8,15,17,19,21,5,6,11,16,18,20,23,24,25],[4,8,15,17,19,22,5,6,11,16,18,20,23,24,25],[4,8,15,17,21,22,5,6,11,16,18,20,23,24,25],[4,8,15,19,21,22,5,6,11,16,18,20,23,24,25],[4,8,17,19,21,22,5,6,11,16,18,20,23,24,25],[4,15,17,19,21,22,5,6,11,16,18,20,23,24,25],[7,8,15,17,19,21,5,6,11,16,18,20,23,24,25],[7,8,15,17,19,22,5,6,11,16,18,20,23,24,25],[7,8,15,17,21,22,5,6,11,16,18,20,23,24,25],[7,8,15,19,21,22,5,6,11,16,18,20,23,24,25],[7,8,17,19,21,22,5,6,11,16,18,20,23,24,25],[7,15,17,19,21,22,5,6,11,16,18,20,23,24,25],[8,15,17,19,21,22,5,6,11,16,18,20,23,24,25]]}, {"grupoId":"G7|C2","agrupamentosDeNumeros":[[1,7,8,12,15,17,5,10,11,13,16,18,20,23,25],[1,7,8,12,15,21,5,10,11,13,16,18,20,23,25],[1,7,8,12,15,22,5,10,11,13,16,18,20,23,25],[1,7,8,12,17,21,5,10,11,13,16,18,20,23,25],[1,7,8,12,17,22,5,10,11,13,16,18,20,23,25],[1,7,8,12,21,22,5,10,11,13,16,18,20,23,25],[1,7,8,15,17,21,5,10,11,13,16,18,20,23,25],[1,7,8,15,17,22,5,10,11,13,16,18,20,23,25],[1,7,8,15,21,22,5,10,11,13,16,18,20,23,25],[1,7,8,17,21,22,5,10,11,13,16,18,20,23,25],[1,7,12,15,17,21,5,10,11,13,16,18,20,23,25],[1,7,12,15,17,22,5,10,11,13,16,18,20,23,25],[1,7,12,15,21,22,5,10,11,13,16,18,20,23,25],[1,7,12,17,21,22,5,10,11,13,16,18,20,23,25],[1,7,15,17,21,22,5,10,11,13,16,18,20,23,25],[1,8,12,15,17,21,5,10,11,13,16,18,20,23,25],[1,8,12,15,17,22,5,10,11,13,16,18,20,23,25],[1,8,12,15,21,22,5,10,11,13,16,18,20,23,25],[1,8,12,17,21,22,5,10,11,13,16,18,20,23,25],[1,8,15,17,21,22,5,10,11,13,16,18,20,23,25],[1,12,15,17,21,22,5,10,11,13,16,18,20,23,25],[7,8,12,15,17,21,5,10,11,13,16,18,20,23,25],[7,8,12,15,17,22,5,10,11,13,16,18,20,23,25],[7,8,12,15,21,22,5,10,11,13,16,18,20,23,25],[7,8,12,17,21,22,5,10,11,13,16,18,20,23,25],[7,8,15,17,21,22,5,10,11,13,16,18,20,23,25],[7,12,15,17,21,22,5,10,11,13,16,18,20,23,25],[8,12,15,17,21,22,5,10,11,13,16,18,20,23,25]]}, {"grupoId":"G7|C6","agrupamentosDeNumeros":[[1,4,7,8,15,17,5,10,11,13,14,16,18,20,23],[1,4,7,8,15,21,5,10,11,13,14,16,18,20,23],[1,4,7,8,15,22,5,10,11,13,14,16,18,20,23],[1,4,7,8,17,21,5,10,11,13,14,16,18,20,23],[1,4,7,8,17,22,5,10,11,13,14,16,18,20,23],[1,4,7,8,21,22,5,10,11,13,14,16,18,20,23],[1,4,7,15,17,21,5,10,11,13,14,16,18,20,23],[1,4,7,15,17,22,5,10,11,13,14,16,18,20,23],[1,4,7,15,21,22,5,10,11,13,14,16,18,20,23],[1,4,7,17,21,22,5,10,11,13,14,16,18,20,23],[1,4,8,15,17,21,5,10,11,13,14,16,18,20,23],[1,4,8,15,17,22,5,10,11,13,14,16,18,20,23],[1,4,8,15,21,22,5,10,11,13,14,16,18,20,23],[1,4,8,17,21,22,5,10,11,13,14,16,18,20,23],[1,4,15,17,21,22,5,10,11,13,14,16,18,20,23],[1,7,8,15,17,21,5,10,11,13,14,16,18,20,23],[1,7,8,15,17,22,5,10,11,13,14,16,18,20,23],[1,7,8,15,21,22,5,10,11,13,14,16,18,20,23],[1,7,8,17,21,22,5,10,11,13,14,16,18,20,23],[1,7,15,17,21,22,5,10,11,13,14,16,18,20,23],[1,8,15,17,21,22,5,10,11,13,14,16,18,20,23],[4,7,8,15,17,21,5,10,11,13,14,16,18,20,23],[4,7,8,15,17,22,5,10,11,13,14,16,18,20,23],[4,7,8,15,21,22,5,10,11,13,14,16,18,20,23],[4,7,8,17,21,22,5,10,11,13,14,16,18,20,23],[4,7,15,17,21,22,5,10,11,13,14,16,18,20,23],[4,8,15,17,21,22,5,10,11,13,14,16,18,20,23],[7,8,15,17,21,22,5,10,11,13,14,16,18,20,23]]}, {"grupoId":"G7|C5","agrupamentosDeNumeros":[[1,7,8,12,15,17,5,10,11,13,14,16,18,20,25],[1,7,8,12,15,21,5,10,11,13,14,16,18,20,25],[1,7,8,12,15,22,5,10,11,13,14,16,18,20,25],[1,7,8,12,17,21,5,10,11,13,14,16,18,20,25],[1,7,8,12,17,22,5,10,11,13,14,16,18,20,25],[1,7,8,12,21,22,5,10,11,13,14,16,18,20,25],[1,7,8,15,17,21,5,10,11,13,14,16,18,20,25],[1,7,8,15,17,22,5,10,11,13,14,16,18,20,25],[1,7,8,15,21,22,5,10,11,13,14,16,18,20,25],[1,7,8,17,21,22,5,10,11,13,14,16,18,20,25],[1,7,12,15,17,21,5,10,11,13,14,16,18,20,25],[1,7,12,15,17,22,5,10,11,13,14,16,18,20,25],[1,7,12,15,21,22,5,10,11,13,14,16,18,20,25],[1,7,12,17,21,22,5,10,11,13,14,16,18,20,25],[1,7,15,17,21,22,5,10,11,13,14,16,18,20,25],[1,8,12,15,17,21,5,10,11,13,14,16,18,20,25],[1,8,12,15,17,22,5,10,11,13,14,16,18,20,25],[1,8,12,15,21,22,5,10,11,13,14,16,18,20,25],[1,8,12,17,21,22,5,10,11,13,14,16,18,20,25],[1,8,15,17,21,22,5,10,11,13,14,16,18,20,25],[1,12,15,17,21,22,5,10,11,13,14,16,18,20,25],[7,8,12,15,17,21,5,10,11,13,14,16,18,20,25],[7,8,12,15,17,22,5,10,11,13,14,16,18,20,25],[7,8,12,15,21,22,5,10,11,13,14,16,18,20,25],[7,8,12,17,21,22,5,10,11,13,14,16,18,20,25],[7,8,15,17,21,22,5,10,11,13,14,16,18,20,25],[7,12,15,17,21,22,5,10,11,13,14,16,18,20,25],[8,12,15,17,21,22,5,10,11,13,14,16,18,20,25]]}].
2026-10-05T08:50:05.808-03:00  INFO 15156 --- [topomanager] [tomcat-handler-7] b.c.s.t.service.IdentificadorService     : Obter os grupos que não possuem os 6
2026-10-05T08:50:05.847-03:00  INFO 15156 --- [topomanager] [tomcat-handler-7] b.c.s.t.service.IdentificadorService     : Iniciando exportação para arquivo TXT.
2026-10-05T08:50:05.848-03:00  INFO 15156 --- [topomanager] [tomcat-handler-7] b.c.s.t.service.IdentificadorService     : ✅ Arquivo TXT gravado com sucesso em: /app/temp/20261005085005-4_Iguais_Sem_Os_6/G4C9/G4C9 - 8, 10, 14, 25, 18, 22 - 7.txt
2026-10-05T08:50:05.849-03:00  INFO 15156 --- [topomanager] [tomcat-handler-7] b.c.s.t.service.IdentificadorService     : ✅ Arquivo TXT gravado com sucesso em: /app/temp/20261005085005-4_Iguais_Sem_Os_6/G4C9/G4C9 - 8, 10, 14, 25, 15, 19 - 1.txt
2026-10-05T08:50:05.849-03:00  INFO 15156 --- [topomanager] [tomcat-handler-7] b.c.s.t.service.IdentificadorService     : ✅ Arquivo TXT gravado com sucesso em: /app/temp/20261005085005-4_Iguais_Sem_Os_6/G4C9/G4C9 - 8, 10, 14, 25, 2, 21 - 7.txt
2026-10-05T08:50:05.850-03:00  INFO 15156 --- [topomanager] [tomcat-handler-7] b.c.s.t.service.IdentificadorService     : ✅ Arquivo TXT gravado com sucesso em: /app/temp/20261005085005-4_Iguais_Sem_Os_6/G4C9/G4C9 - 8, 10, 14, 25, 17, 18 - 28.txt
2026-10-05T08:50:05.850-03:00  INFO 15156 --- [topomanager] [tomcat-handler-7] b.c.s.t.service.IdentificadorService     : ✅ Arquivo TXT gravado com sucesso em: /app/temp/20261005085005-4_Iguais_Sem_Os_6/G20C10/G20C10 - 1, 2, 10, 16, 7, 8 - 1.txt
2026-10-05T08:50:05.851-03:00  INFO 15156 --- [topomanager] [tomcat-handler-7] b.c.s.t.service.IdentificadorService     : ✅ Arquivo TXT gravado com sucesso em: /app/temp/20261005085005-4_Iguais_Sem_Os_6/G20C10/G20C10 - 1, 2, 10, 16, 18, 22 - 7.txt
2026-10-05T08:50:05.851-03:00  INFO 15156 --- [topomanager] [tomcat-handler-7] b.c.s.t.service.IdentificadorService     : ✅ Arquivo TXT gravado com sucesso em: /app/temp/20261005085005-4_Iguais_Sem_Os_6/G20C10/G20C10 - 1, 2, 10, 16, 15, 19 - 1.txt
2026-10-05T08:50:05.852-03:00  INFO 15156 --- [topomanager] [tomcat-handler-7] b.c.s.t.service.IdentificadorService     : ✅ Arquivo TXT gravado com sucesso em: /app/temp/20261005085005-4_Iguais_Sem_Os_6/G20C10/G20C10 - 1, 2, 10, 16, 17, 18 - 28.txt
2026-10-05T08:50:05.852-03:00  INFO 15156 --- [topomanager] [tomcat-handler-7] b.c.s.t.service.IdentificadorService     : ✅ Arquivo TXT gravado com sucesso em: /app/temp/20261005085005-4_Iguais_Sem_Os_6/G11C5/G11C5 - 3, 18, 22, 23, 7, 8 - 1.txt
2026-10-05T08:50:05.853-03:00  INFO 15156 --- [topomanager] [tomcat-handler-7] b.c.s.t.service.IdentificadorService     : ✅ Arquivo TXT gravado com sucesso em: /app/temp/20261005085005-4_Iguais_Sem_Os_6/G11C5/G11C5 - 3, 18, 22, 23, 15, 19 - 1.txt
2026-10-05T08:50:05.854-03:00  INFO 15156 --- [topomanager] [tomcat-handler-7] b.c.s.t.service.IdentificadorService     : ✅ Arquivo TXT gravado com sucesso em: /app/temp/20261005085005-4_Iguais_Sem_Os_6/G11C5/G11C5 - 3, 18, 22, 23, 12, 25 - 28.txt
2026-10-05T08:50:05.854-03:00  INFO 15156 --- [topomanager] [tomcat-handler-7] b.c.s.t.service.IdentificadorService     : ✅ Arquivo TXT gravado com sucesso em: /app/temp/20261005085005-4_Iguais_Sem_Os_6/G11C5/G11C5 - 3, 18, 22, 23, 2, 21 - 7.txt
2026-10-05T08:50:05.855-03:00  INFO 15156 --- [topomanager] [tomcat-handler-7] b.c.s.t.service.IdentificadorService     : ✅ Arquivo TXT gravado com sucesso em: /app/temp/20261005085005-4_Iguais_Sem_Os_6/G12C9/G12C9 - 3, 17, 20, 23, 7, 8 - 1.txt
2026-10-05T08:50:05.855-03:00  INFO 15156 --- [topomanager] [tomcat-handler-7] b.c.s.t.service.IdentificadorService     : ✅ Arquivo TXT gravado com sucesso em: /app/temp/20261005085005-4_Iguais_Sem_Os_6/G12C9/G12C9 - 3, 17, 20, 23, 15, 19 - 1.txt
2026-10-05T08:50:05.856-03:00  INFO 15156 --- [topomanager] [tomcat-handler-7] b.c.s.t.service.IdentificadorService     : ✅ Arquivo TXT gravado com sucesso em: /app/temp/20261005085005-4_Iguais_Sem_Os_6/G12C9/G12C9 - 3, 17, 20, 23, 2, 21 - 7.txt
2026-10-05T08:50:05.857-03:00  INFO 15156 --- [topomanager] [tomcat-handler-7] b.c.s.t.service.IdentificadorService     : ✅ Arquivo TXT gravado com sucesso em: /app/temp/20261005085005-4_Iguais_Sem_Os_6/G12C9/G12C9 - 3, 17, 20, 23, 12, 24 - 28.txt
2026-10-05T08:50:05.857-03:00  INFO 15156 --- [topomanager] [tomcat-handler-7] b.c.s.t.service.IdentificadorService     : ✅ Arquivo TXT gravado com sucesso em: /app/temp/20261005085005-4_Iguais_Sem_Os_6/G5C9/G5C9 - 7, 12, 16, 25, 3, 4 - 7.txt
2026-10-05T08:50:05.858-03:00  INFO 15156 --- [topomanager] [tomcat-handler-7] b.c.s.t.service.IdentificadorService     : ✅ Arquivo TXT gravado com sucesso em: /app/temp/20261005085005-4_Iguais_Sem_Os_6/G5C9/G5C9 - 7, 12, 16, 25, 15, 19 - 1.txt
2026-10-05T08:50:05.858-03:00  INFO 15156 --- [topomanager] [tomcat-handler-7] b.c.s.t.service.IdentificadorService     : ✅ Arquivo TXT gravado com sucesso em: /app/temp/20261005085005-4_Iguais_Sem_Os_6/G5C9/G5C9 - 7, 12, 16, 25, 2, 21 - 7.txt
2026-10-05T08:50:05.859-03:00  INFO 15156 --- [topomanager] [tomcat-handler-7] b.c.s.t.service.IdentificadorService     : ✅ Arquivo TXT gravado com sucesso em: /app/temp/20261005085005-4_Iguais_Sem_Os_6/G5C9/G5C9 - 7, 12, 16, 25, 5, 13 - 28.txt
2026-10-05T08:50:05.859-03:00  INFO 15156 --- [topomanager] [tomcat-handler-7] b.c.s.t.service.IdentificadorService     : ✅ Arquivo TXT gravado com sucesso em: /app/temp/20261005085005-4_Iguais_Sem_Os_6/G8C2/G8C2 - 5, 14, 15, 16, 7, 8 - 1.txt
2026-10-05T08:50:05.860-03:00  INFO 15156 --- [topomanager] [tomcat-handler-7] b.c.s.t.service.IdentificadorService     : ✅ Arquivo TXT gravado com sucesso em: /app/temp/20261005085005-4_Iguais_Sem_Os_6/G8C2/G8C2 - 5, 14, 15, 16, 18, 22 - 28.txt
2026-10-05T08:50:05.860-03:00  INFO 15156 --- [topomanager] [tomcat-handler-7] b.c.s.t.service.IdentificadorService     : ✅ Arquivo TXT gravado com sucesso em: /app/temp/20261005085005-4_Iguais_Sem_Os_6/G8C2/G8C2 - 5, 14, 15, 16, 2, 21 - 7.txt
2026-10-05T08:50:05.861-03:00  INFO 15156 --- [topomanager] [tomcat-handler-7] b.c.s.t.service.IdentificadorService     : ✅ Arquivo TXT gravado com sucesso em: /app/temp/20261005085005-4_Iguais_Sem_Os_6/G8C2/G8C2 - 5, 14, 15, 16, 17, 18 - 7.txt
2026-10-05T08:50:05.862-03:00  INFO 15156 --- [topomanager] [tomcat-handler-7] b.c.s.t.service.IdentificadorService     : ✅ Arquivo TXT gravado com sucesso em: /app/temp/20261005085005-4_Iguais_Sem_Os_6/G17C3/G17C3 - 1, 12, 13, 14, 7, 8 - 1.txt
2026-10-05T08:50:05.862-03:00  INFO 15156 --- [topomanager] [tomcat-handler-7] b.c.s.t.service.IdentificadorService     : ✅ Arquivo TXT gravado com sucesso em: /app/temp/20261005085005-4_Iguais_Sem_Os_6/G17C3/G17C3 - 1, 12, 13, 14, 16, 24 - 28.txt
2026-10-05T08:50:05.863-03:00  INFO 15156 --- [topomanager] [tomcat-handler-7] b.c.s.t.service.IdentificadorService     : ✅ Arquivo TXT gravado com sucesso em: /app/temp/20261005085005-4_Iguais_Sem_Os_6/G17C3/G17C3 - 1, 12, 13, 14, 15, 19 - 1.txt
2026-10-05T08:50:05.864-03:00  INFO 15156 --- [topomanager] [tomcat-handler-7] b.c.s.t.service.IdentificadorService     : ✅ Arquivo TXT gravado com sucesso em: /app/temp/20261005085005-4_Iguais_Sem_Os_6/G17C3/G17C3 - 1, 12, 13, 14, 2, 21 - 7.txt
2026-10-05T08:50:05.864-03:00  INFO 15156 --- [topomanager] [tomcat-handler-7] b.c.s.t.service.IdentificadorService     : ✅ Arquivo TXT gravado com sucesso em: /app/temp/20261005085005-4_Iguais_Sem_Os_6/G17C6/G17C6 - 1, 12, 13, 14, 7, 8 - 1.txt
2026-10-05T08:50:05.865-03:00  INFO 15156 --- [topomanager] [tomcat-handler-7] b.c.s.t.service.IdentificadorService     : ✅ Arquivo TXT gravado com sucesso em: /app/temp/20261005085005-4_Iguais_Sem_Os_6/G17C6/G17C6 - 1, 12, 13, 14, 15, 19 - 1.txt
2026-10-05T08:50:05.865-03:00  INFO 15156 --- [topomanager] [tomcat-handler-7] b.c.s.t.service.IdentificadorService     : ✅ Arquivo TXT gravado com sucesso em: /app/temp/20261005085005-4_Iguais_Sem_Os_6/G17C6/G17C6 - 1, 12, 13, 14, 9, 10 - 28.txt
2026-10-05T08:50:05.866-03:00  INFO 15156 --- [topomanager] [tomcat-handler-7] b.c.s.t.service.IdentificadorService     : ✅ Arquivo TXT gravado com sucesso em: /app/temp/20261005085005-4_Iguais_Sem_Os_6/G17C6/G17C6 - 1, 12, 13, 14, 2, 21 - 7.txt
2026-10-05T08:50:05.866-03:00  INFO 15156 --- [topomanager] [tomcat-handler-7] b.c.s.t.service.IdentificadorService     : ✅ Arquivo TXT gravado com sucesso em: /app/temp/20261005085005-4_Iguais_Sem_Os_6/G20C3/G20C3 - 1, 2, 10, 16, 7, 8 - 1.txt
2026-10-05T08:50:05.867-03:00  INFO 15156 --- [topomanager] [tomcat-handler-7] b.c.s.t.service.IdentificadorService     : ✅ Arquivo TXT gravado com sucesso em: /app/temp/20261005085005-4_Iguais_Sem_Os_6/G20C3/G20C3 - 1, 2, 10, 16, 18, 22 - 28.txt
2026-10-05T08:50:05.867-03:00  INFO 15156 --- [topomanager] [tomcat-handler-7] b.c.s.t.service.IdentificadorService     : ✅ Arquivo TXT gravado com sucesso em: /app/temp/20261005085005-4_Iguais_Sem_Os_6/G20C3/G20C3 - 1, 2, 10, 16, 15, 19 - 1.txt
2026-10-05T08:50:05.868-03:00  INFO 15156 --- [topomanager] [tomcat-handler-7] b.c.s.t.service.IdentificadorService     : ✅ Arquivo TXT gravado com sucesso em: /app/temp/20261005085005-4_Iguais_Sem_Os_6/G20C3/G20C3 - 1, 2, 10, 16, 17, 18 - 7.txt
2026-10-05T08:50:05.869-03:00  INFO 15156 --- [topomanager] [tomcat-handler-7] b.c.s.t.service.IdentificadorService     : ✅ Arquivo TXT gravado com sucesso em: /app/temp/20261005085005-4_Iguais_Sem_Os_6/G10C2/G10C2 - 4, 5, 10, 12, 7, 8 - 1.txt
2026-10-05T08:50:05.869-03:00  INFO 15156 --- [topomanager] [tomcat-handler-7] b.c.s.t.service.IdentificadorService     : ✅ Arquivo TXT gravado com sucesso em: /app/temp/20261005085005-4_Iguais_Sem_Os_6/G10C2/G10C2 - 4, 5, 10, 12, 3, 14 - 28.txt
2026-10-05T08:50:05.870-03:00  INFO 15156 --- [topomanager] [tomcat-handler-7] b.c.s.t.service.IdentificadorService     : ✅ Arquivo TXT gravado com sucesso em: /app/temp/20261005085005-4_Iguais_Sem_Os_6/G10C2/G10C2 - 4, 5, 10, 12, 15, 19 - 1.txt
2026-10-05T08:50:05.870-03:00  INFO 15156 --- [topomanager] [tomcat-handler-7] b.c.s.t.service.IdentificadorService     : ✅ Arquivo TXT gravado com sucesso em: /app/temp/20261005085005-4_Iguais_Sem_Os_6/G10C2/G10C2 - 4, 5, 10, 12, 2, 21 - 7.txt
2026-10-05T08:50:05.871-03:00  INFO 15156 --- [topomanager] [tomcat-handler-7] b.c.s.t.service.IdentificadorService     : ✅ Arquivo TXT gravado com sucesso em: /app/temp/20261005085005-4_Iguais_Sem_Os_6/G5C6/G5C6 - 7, 12, 16, 25, 3, 4 - 7.txt
2026-10-05T08:50:05.871-03:00  INFO 15156 --- [topomanager] [tomcat-handler-7] b.c.s.t.service.IdentificadorService     : ✅ Arquivo TXT gravado com sucesso em: /app/temp/20261005085005-4_Iguais_Sem_Os_6/G5C6/G5C6 - 7, 12, 16, 25, 15, 19 - 1.txt
2026-10-05T08:50:05.873-03:00  INFO 15156 --- [topomanager] [tomcat-handler-7] b.c.s.t.service.IdentificadorService     : ✅ Arquivo TXT gravado com sucesso em: /app/temp/20261005085005-4_Iguais_Sem_Os_6/G5C6/G5C6 - 7, 12, 16, 25, 9, 10 - 28.txt
2026-10-05T08:50:05.873-03:00  INFO 15156 --- [topomanager] [tomcat-handler-7] b.c.s.t.service.IdentificadorService     : ✅ Arquivo TXT gravado com sucesso em: /app/temp/20261005085005-4_Iguais_Sem_Os_6/G5C6/G5C6 - 7, 12, 16, 25, 2, 21 - 7.txt
2026-10-05T08:50:05.874-03:00  INFO 15156 --- [topomanager] [tomcat-handler-7] b.c.s.t.service.IdentificadorService     : ✅ Arquivo TXT gravado com sucesso em: /app/temp/20261005085005-4_Iguais_Sem_Os_6/G11C9/G11C9 - 3, 18, 22, 23, 7, 8 - 1.txt
2026-10-05T08:50:05.874-03:00  INFO 15156 --- [topomanager] [tomcat-handler-7] b.c.s.t.service.IdentificadorService     : ✅ Arquivo TXT gravado com sucesso em: /app/temp/20261005085005-4_Iguais_Sem_Os_6/G11C9/G11C9 - 3, 18, 22, 23, 15, 19 - 1.txt
2026-10-05T08:50:05.875-03:00  INFO 15156 --- [topomanager] [tomcat-handler-7] b.c.s.t.service.IdentificadorService     : ✅ Arquivo TXT gravado com sucesso em: /app/temp/20261005085005-4_Iguais_Sem_Os_6/G11C9/G11C9 - 3, 18, 22, 23, 2, 21 - 7.txt
2026-10-05T08:50:05.875-03:00  INFO 15156 --- [topomanager] [tomcat-handler-7] b.c.s.t.service.IdentificadorService     : ✅ Arquivo TXT gravado com sucesso em: /app/temp/20261005085005-4_Iguais_Sem_Os_6/G11C9/G11C9 - 3, 18, 22, 23, 12, 24 - 28.txt
2026-10-05T08:50:05.876-03:00  INFO 15156 --- [topomanager] [tomcat-handler-7] b.c.s.t.service.IdentificadorService     : ✅ Arquivo TXT gravado com sucesso em: /app/temp/20261005085005-4_Iguais_Sem_Os_6/G12C5/G12C5 - 3, 17, 20, 23, 7, 8 - 1.txt
2026-10-05T08:50:05.877-03:00  INFO 15156 --- [topomanager] [tomcat-handler-7] b.c.s.t.service.IdentificadorService     : ✅ Arquivo TXT gravado com sucesso em: /app/temp/20261005085005-4_Iguais_Sem_Os_6/G12C5/G12C5 - 3, 17, 20, 23, 15, 19 - 1.txt
2026-10-05T08:50:05.877-03:00  INFO 15156 --- [topomanager] [tomcat-handler-7] b.c.s.t.service.IdentificadorService     : ✅ Arquivo TXT gravado com sucesso em: /app/temp/20261005085005-4_Iguais_Sem_Os_6/G12C5/G12C5 - 3, 17, 20, 23, 12, 25 - 28.txt
2026-10-05T08:50:05.878-03:00  INFO 15156 --- [topomanager] [tomcat-handler-7] b.c.s.t.service.IdentificadorService     : ✅ Arquivo TXT gravado com sucesso em: /app/temp/20261005085005-4_Iguais_Sem_Os_6/G12C5/G12C5 - 3, 17, 20, 23, 2, 21 - 7.txt
2026-10-05T08:50:05.878-03:00  INFO 15156 --- [topomanager] [tomcat-handler-7] b.c.s.t.service.IdentificadorService     : ✅ Arquivo TXT gravado com sucesso em: /app/temp/20261005085005-4_Iguais_Sem_Os_6/G4C1/G4C1 - 8, 10, 14, 25, 18, 22 - 28.txt
2026-10-05T08:50:05.880-03:00  INFO 15156 --- [topomanager] [tomcat-handler-7] b.c.s.t.service.IdentificadorService     : ✅ Arquivo TXT gravado com sucesso em: /app/temp/20261005085005-4_Iguais_Sem_Os_6/G4C1/G4C1 - 8, 10, 14, 25, 15, 19 - 1.txt
2026-10-05T08:50:05.881-03:00  INFO 15156 --- [topomanager] [tomcat-handler-7] b.c.s.t.service.IdentificadorService     : ✅ Arquivo TXT gravado com sucesso em: /app/temp/20261005085005-4_Iguais_Sem_Os_6/G4C1/G4C1 - 8, 10, 14, 25, 2, 21 - 7.txt
2026-10-05T08:50:05.882-03:00  INFO 15156 --- [topomanager] [tomcat-handler-7] b.c.s.t.service.IdentificadorService     : ✅ Arquivo TXT gravado com sucesso em: /app/temp/20261005085005-4_Iguais_Sem_Os_6/G4C1/G4C1 - 8, 10, 14, 25, 17, 18 - 7.txt
2026-10-05T08:50:05.882-03:00  INFO 15156 --- [topomanager] [tomcat-handler-7] b.c.s.t.service.IdentificadorService     : ✅ Arquivo TXT gravado com sucesso em: /app/temp/20261005085005-4_Iguais_Sem_Os_6/G5C3/G5C3 - 7, 12, 16, 25, 3, 4 - 7.txt
2026-10-05T08:50:05.882-03:00  INFO 15156 --- [topomanager] [tomcat-handler-7] b.c.s.t.service.IdentificadorService     : ✅ Arquivo TXT gravado com sucesso em: /app/temp/20261005085005-4_Iguais_Sem_Os_6/G5C3/G5C3 - 7, 12, 16, 25, 13, 20 - 28.txt
2026-10-05T08:50:05.883-03:00  INFO 15156 --- [topomanager] [tomcat-handler-7] b.c.s.t.service.IdentificadorService     : ✅ Arquivo TXT gravado com sucesso em: /app/temp/20261005085005-4_Iguais_Sem_Os_6/G5C3/G5C3 - 7, 12, 16, 25, 15, 19 - 1.txt
2026-10-05T08:50:05.884-03:00  INFO 15156 --- [topomanager] [tomcat-handler-7] b.c.s.t.service.IdentificadorService     : ✅ Arquivo TXT gravado com sucesso em: /app/temp/20261005085005-4_Iguais_Sem_Os_6/G5C3/G5C3 - 7, 12, 16, 25, 2, 21 - 7.txt
2026-10-05T08:50:05.884-03:00  INFO 15156 --- [topomanager] [tomcat-handler-7] b.c.s.t.service.IdentificadorService     : ✅ Arquivo TXT gravado com sucesso em: /app/temp/20261005085005-4_Iguais_Sem_Os_6/G11C10/G11C10 - 3, 18, 22, 23, 7, 8 - 1.txt
2026-10-05T08:50:05.885-03:00  INFO 15156 --- [topomanager] [tomcat-handler-7] b.c.s.t.service.IdentificadorService     : ✅ Arquivo TXT gravado com sucesso em: /app/temp/20261005085005-4_Iguais_Sem_Os_6/G11C10/G11C10 - 3, 18, 22, 23, 15, 19 - 1.txt
2026-10-05T08:50:05.885-03:00  INFO 15156 --- [topomanager] [tomcat-handler-7] b.c.s.t.service.IdentificadorService     : ✅ Arquivo TXT gravado com sucesso em: /app/temp/20261005085005-4_Iguais_Sem_Os_6/G11C10/G11C10 - 3, 18, 22, 23, 2, 21 - 7.txt
2026-10-05T08:50:05.886-03:00  INFO 15156 --- [topomanager] [tomcat-handler-7] b.c.s.t.service.IdentificadorService     : ✅ Arquivo TXT gravado com sucesso em: /app/temp/20261005085005-4_Iguais_Sem_Os_6/G11C10/G11C10 - 3, 18, 22, 23, 12, 24 - 28.txt
2026-10-05T08:50:05.886-03:00  INFO 15156 --- [topomanager] [tomcat-handler-7] b.c.s.t.service.IdentificadorService     : ✅ Arquivo TXT gravado com sucesso em: /app/temp/20261005085005-4_Iguais_Sem_Os_6/G10C5/G10C5 - 4, 5, 10, 12, 7, 8 - 1.txt
2026-10-05T08:50:05.887-03:00  INFO 15156 --- [topomanager] [tomcat-handler-7] b.c.s.t.service.IdentificadorService     : ✅ Arquivo TXT gravado com sucesso em: /app/temp/20261005085005-4_Iguais_Sem_Os_6/G10C5/G10C5 - 4, 5, 10, 12, 13, 20 - 28.txt
2026-10-05T08:50:05.888-03:00  INFO 15156 --- [topomanager] [tomcat-handler-7] b.c.s.t.service.IdentificadorService     : ✅ Arquivo TXT gravado com sucesso em: /app/temp/20261005085005-4_Iguais_Sem_Os_6/G10C5/G10C5 - 4, 5, 10, 12, 15, 19 - 1.txt
2026-10-05T08:50:05.888-03:00  INFO 15156 --- [topomanager] [tomcat-handler-7] b.c.s.t.service.IdentificadorService     : ✅ Arquivo TXT gravado com sucesso em: /app/temp/20261005085005-4_Iguais_Sem_Os_6/G10C5/G10C5 - 4, 5, 10, 12, 2, 21 - 7.txt
2026-10-05T08:50:05.889-03:00  INFO 15156 --- [topomanager] [tomcat-handler-7] b.c.s.t.service.IdentificadorService     : ✅ Arquivo TXT gravado com sucesso em: /app/temp/20261005085005-4_Iguais_Sem_Os_6/G5C7/G5C7 - 7, 12, 16, 25, 3, 4 - 7.txt
2026-10-05T08:50:05.889-03:00  INFO 15156 --- [topomanager] [tomcat-handler-7] b.c.s.t.service.IdentificadorService     : ✅ Arquivo TXT gravado com sucesso em: /app/temp/20261005085005-4_Iguais_Sem_Os_6/G5C7/G5C7 - 7, 12, 16, 25, 15, 19 - 1.txt
2026-10-05T08:50:05.890-03:00  INFO 15156 --- [topomanager] [tomcat-handler-7] b.c.s.t.service.IdentificadorService     : ✅ Arquivo TXT gravado com sucesso em: /app/temp/20261005085005-4_Iguais_Sem_Os_6/G5C7/G5C7 - 7, 12, 16, 25, 11, 20 - 28.txt
2026-10-05T08:50:05.890-03:00  INFO 15156 --- [topomanager] [tomcat-handler-7] b.c.s.t.service.IdentificadorService     : ✅ Arquivo TXT gravado com sucesso em: /app/temp/20261005085005-4_Iguais_Sem_Os_6/G5C7/G5C7 - 7, 12, 16, 25, 2, 21 - 7.txt
2026-10-05T08:50:05.891-03:00  INFO 15156 --- [topomanager] [tomcat-handler-7] b.c.s.t.service.IdentificadorService     : ✅ Arquivo TXT gravado com sucesso em: /app/temp/20261005085005-4_Iguais_Sem_Os_6/G8C9/G8C9 - 5, 14, 15, 16, 7, 8 - 1.txt
2026-10-05T08:50:05.891-03:00  INFO 15156 --- [topomanager] [tomcat-handler-7] b.c.s.t.service.IdentificadorService     : ✅ Arquivo TXT gravado com sucesso em: /app/temp/20261005085005-4_Iguais_Sem_Os_6/G8C9/G8C9 - 5, 14, 15, 16, 18, 22 - 7.txt
2026-10-05T08:50:05.892-03:00  INFO 15156 --- [topomanager] [tomcat-handler-7] b.c.s.t.service.IdentificadorService     : ✅ Arquivo TXT gravado com sucesso em: /app/temp/20261005085005-4_Iguais_Sem_Os_6/G8C9/G8C9 - 5, 14, 15, 16, 2, 21 - 7.txt
2026-10-05T08:50:05.892-03:00  INFO 15156 --- [topomanager] [tomcat-handler-7] b.c.s.t.service.IdentificadorService     : ✅ Arquivo TXT gravado com sucesso em: /app/temp/20261005085005-4_Iguais_Sem_Os_6/G8C9/G8C9 - 5, 14, 15, 16, 17, 18 - 28.txt
2026-10-05T08:50:05.893-03:00  INFO 15156 --- [topomanager] [tomcat-handler-7] b.c.s.t.service.IdentificadorService     : ✅ Arquivo TXT gravado com sucesso em: /app/temp/20261005085005-4_Iguais_Sem_Os_6/G17C7/G17C7 - 1, 12, 13, 14, 7, 8 - 1.txt
2026-10-05T08:50:05.893-03:00  INFO 15156 --- [topomanager] [tomcat-handler-7] b.c.s.t.service.IdentificadorService     : ✅ Arquivo TXT gravado com sucesso em: /app/temp/20261005085005-4_Iguais_Sem_Os_6/G17C7/G17C7 - 1, 12, 13, 14, 15, 19 - 1.txt
2026-10-05T08:50:05.894-03:00  INFO 15156 --- [topomanager] [tomcat-handler-7] b.c.s.t.service.IdentificadorService     : ✅ Arquivo TXT gravado com sucesso em: /app/temp/20261005085005-4_Iguais_Sem_Os_6/G17C7/G17C7 - 1, 12, 13, 14, 11, 20 - 28.txt
2026-10-05T08:50:05.894-03:00  INFO 15156 --- [topomanager] [tomcat-handler-7] b.c.s.t.service.IdentificadorService     : ✅ Arquivo TXT gravado com sucesso em: /app/temp/20261005085005-4_Iguais_Sem_Os_6/G17C7/G17C7 - 1, 12, 13, 14, 2, 21 - 7.txt
2026-10-05T08:50:05.895-03:00  INFO 15156 --- [topomanager] [tomcat-handler-7] b.c.s.t.service.IdentificadorService     : ✅ Arquivo TXT gravado com sucesso em: /app/temp/20261005085005-4_Iguais_Sem_Os_6/G10C7/G10C7 - 4, 5, 10, 12, 7, 8 - 1.txt
2026-10-05T08:50:05.895-03:00  INFO 15156 --- [topomanager] [tomcat-handler-7] b.c.s.t.service.IdentificadorService     : ✅ Arquivo TXT gravado com sucesso em: /app/temp/20261005085005-4_Iguais_Sem_Os_6/G10C7/G10C7 - 4, 5, 10, 12, 15, 19 - 1.txt
2026-10-05T08:50:05.896-03:00  INFO 15156 --- [topomanager] [tomcat-handler-7] b.c.s.t.service.IdentificadorService     : ✅ Arquivo TXT gravado com sucesso em: /app/temp/20261005085005-4_Iguais_Sem_Os_6/G10C7/G10C7 - 4, 5, 10, 12, 11, 20 - 28.txt
2026-10-05T08:50:05.896-03:00  INFO 15156 --- [topomanager] [tomcat-handler-7] b.c.s.t.service.IdentificadorService     : ✅ Arquivo TXT gravado com sucesso em: /app/temp/20261005085005-4_Iguais_Sem_Os_6/G10C7/G10C7 - 4, 5, 10, 12, 2, 21 - 7.txt
2026-10-05T08:50:05.897-03:00  INFO 15156 --- [topomanager] [tomcat-handler-7] b.c.s.t.service.IdentificadorService     : ✅ Arquivo TXT gravado com sucesso em: /app/temp/20261005085005-4_Iguais_Sem_Os_6/G10C4/G10C4 - 4, 5, 10, 12, 7, 8 - 1.txt
2026-10-05T08:50:05.897-03:00  INFO 15156 --- [topomanager] [tomcat-handler-7] b.c.s.t.service.IdentificadorService     : ✅ Arquivo TXT gravado com sucesso em: /app/temp/20261005085005-4_Iguais_Sem_Os_6/G10C4/G10C4 - 4, 5, 10, 12, 16, 24 - 28.txt
2026-10-05T08:50:05.898-03:00  INFO 15156 --- [topomanager] [tomcat-handler-7] b.c.s.t.service.IdentificadorService     : ✅ Arquivo TXT gravado com sucesso em: /app/temp/20261005085005-4_Iguais_Sem_Os_6/G10C4/G10C4 - 4, 5, 10, 12, 15, 19 - 1.txt
2026-10-05T08:50:05.899-03:00  INFO 15156 --- [topomanager] [tomcat-handler-7] b.c.s.t.service.IdentificadorService     : ✅ Arquivo TXT gravado com sucesso em: /app/temp/20261005085005-4_Iguais_Sem_Os_6/G10C4/G10C4 - 4, 5, 10, 12, 2, 21 - 7.txt
2026-10-05T08:50:05.899-03:00  INFO 15156 --- [topomanager] [tomcat-handler-7] b.c.s.t.service.IdentificadorService     : ✅ Arquivo TXT gravado com sucesso em: /app/temp/20261005085005-4_Iguais_Sem_Os_6/G20C13/G20C13 - 1, 2, 10, 16, 7, 8 - 1.txt
2026-10-05T08:50:05.899-03:00  INFO 15156 --- [topomanager] [tomcat-handler-7] b.c.s.t.service.IdentificadorService     : ✅ Arquivo TXT gravado com sucesso em: /app/temp/20261005085005-4_Iguais_Sem_Os_6/G20C13/G20C13 - 1, 2, 10, 16, 18, 22 - 7.txt
2026-10-05T08:50:05.900-03:00  INFO 15156 --- [topomanager] [tomcat-handler-7] b.c.s.t.service.IdentificadorService     : ✅ Arquivo TXT gravado com sucesso em: /app/temp/20261005085005-4_Iguais_Sem_Os_6/G20C13/G20C13 - 1, 2, 10, 16, 15, 19 - 1.txt
2026-10-05T08:50:05.901-03:00  INFO 15156 --- [topomanager] [tomcat-handler-7] b.c.s.t.service.IdentificadorService     : ✅ Arquivo TXT gravado com sucesso em: /app/temp/20261005085005-4_Iguais_Sem_Os_6/G20C13/G20C13 - 1, 2, 10, 16, 17, 18 - 28.txt
2026-10-05T08:52:19.426-03:00  INFO 15156 --- [topomanager] [tomcat-handler-9] b.c.s.topomanager.service.ExcelService   : Iniciando processamento da planilha 210 (Positivos)
2026-10-05T08:52:19.561-03:00  INFO 15156 --- [topomanager] [tomcat-handler-9] b.c.s.topomanager.service.ExcelService   : Leitura interrompida: Celula A está vazia.
2026-10-05T08:52:19.562-03:00  INFO 15156 --- [topomanager] [tomcat-handler-9] b.c.s.topomanager.service.ExcelService   : Linhas processadas da planilha 210 (Positivos): 209
2026-10-05T08:52:19.562-03:00  INFO 15156 --- [topomanager] [tomcat-handler-9] b.c.s.topomanager.service.ExcelService   : Iniciando processamento da planilha 5005 (Negativos)
2026-10-05T08:52:22.574-03:00  INFO 15156 --- [topomanager] [tomcat-handler-9] b.c.s.topomanager.service.ExcelService   : Linhas processadas da planilha 5005 (Negativos): 5004
2026-10-05T08:54:18.111-03:00  INFO 15156 --- [topomanager] [RMI TCP Connection(28)-127.0.0.1] inMXBeanRegistrar$SpringApplicationAdmin : Application shutdown requested.
2026-10-05T08:54:22.801-03:00  INFO 23252 --- [topomanager] [main] b.c.s.t.TopomanagerApplication           : Starting TopomanagerApplication using Java 21.0.5 with PID 23252 (F:\SRC\PROJETOS_GIT\desenvolvimento\ws_21\topomanager\target\classes started by Gabriel Carvalheiro in F:\SRC\PROJETOS_GIT\desenvolvimento\ws_21\topomanager)
2026-10-05T08:54:22.802-03:00 DEBUG 23252 --- [topomanager] [main] b.c.s.t.TopomanagerApplication           : Running with Spring Boot v3.3.4, Spring v6.1.13
2026-10-05T08:54:22.804-03:00  INFO 23252 --- [topomanager] [main] b.c.s.t.TopomanagerApplication           : No active profile set, falling back to 1 default profile: "default"
2026-10-05T08:54:23.714-03:00  INFO 23252 --- [topomanager] [main] o.s.b.w.embedded.tomcat.TomcatWebServer  : Tomcat initialized with port 8082 (http)
2026-10-05T08:54:23.728-03:00  INFO 23252 --- [topomanager] [main] o.apache.catalina.core.StandardService   : Starting service [Tomcat]
2026-10-05T08:54:23.729-03:00  INFO 23252 --- [topomanager] [main] o.apache.catalina.core.StandardEngine    : Starting Servlet engine: [Apache Tomcat/10.1.30]
2026-10-05T08:54:23.786-03:00  INFO 23252 --- [topomanager] [main] o.a.c.c.C.[Tomcat].[localhost].[/]       : Initializing Spring embedded WebApplicationContext
2026-10-05T08:54:23.787-03:00  INFO 23252 --- [topomanager] [main] w.s.c.ServletWebServerApplicationContext : Root WebApplicationContext: initialization completed in 935 ms
2026-10-05T08:54:24.342-03:00  INFO 23252 --- [topomanager] [main] o.s.b.a.w.s.WelcomePageHandlerMapping    : Adding welcome page: class path resource [static/index.html]
2026-10-05T08:54:24.719-03:00  INFO 23252 --- [topomanager] [main] o.s.b.w.embedded.tomcat.TomcatWebServer  : Tomcat started on port 8082 (http) with context path '/'
2026-10-05T08:54:24.734-03:00  INFO 23252 --- [topomanager] [main] b.c.s.t.TopomanagerApplication           : Started TopomanagerApplication in 2.339 seconds (process running for 3.017)
2026-10-05T08:54:45.759-03:00  INFO 23252 --- [topomanager] [tomcat-handler-0] o.a.c.c.C.[Tomcat].[localhost].[/]       : Initializing Spring DispatcherServlet 'dispatcherServlet'
2026-10-05T08:54:45.759-03:00  INFO 23252 --- [topomanager] [tomcat-handler-0] o.s.web.servlet.DispatcherServlet        : Initializing Servlet 'dispatcherServlet'
2026-10-05T08:54:45.760-03:00  INFO 23252 --- [topomanager] [tomcat-handler-0] o.s.web.servlet.DispatcherServlet        : Completed initialization in 1 ms
2026-10-05T08:54:55.963-03:00  INFO 23252 --- [topomanager] [tomcat-handler-0] b.c.s.topomanager.service.ExcelService   : Iniciando processamento da planilha 210 (Positivos)
2026-10-05T08:54:55.979-03:00  INFO 23252 --- [topomanager] [tomcat-handler-0] b.c.s.topomanager.service.ExcelService   : Leitura interrompida: Celula A está vazia.
2026-10-05T08:54:55.979-03:00  INFO 23252 --- [topomanager] [tomcat-handler-0] b.c.s.topomanager.service.ExcelService   : Linhas processadas da planilha 210 (Positivos): 209
2026-10-05T08:54:55.980-03:00  INFO 23252 --- [topomanager] [tomcat-handler-0] b.c.s.topomanager.service.ExcelService   : Iniciando processamento da planilha 5005 (Negativos)
2026-10-05T08:54:56.052-03:00  INFO 23252 --- [topomanager] [tomcat-handler-0] b.c.s.topomanager.service.ExcelService   : Linhas processadas da planilha 5005 (Negativos): 5004
2026-10-05T08:57:55.493-03:00  INFO 23252 --- [topomanager] [tomcat-handler-0] b.c.s.t.service.IdentificadorService     : Quantidade após filtro de diversidade na 7ª posição: 0
2026-10-05T08:57:55.499-03:00  INFO 23252 --- [topomanager] [tomcat-handler-0] b.c.s.t.service.IdentificadorService     : StopWatch 'Processamento TopoManager': 146.9326629 seconds
----------------------------------------------------------
Seconds       %       Task name
----------------------------------------------------------
000.710183    00%     Recuperando da planilha todos os numeros Positivos e Negativos
088.6914456   60%     Separando todos os Grupos que possuam todos os Positivos.
006.5053175   04%     Obtendo uma lista com 9 numeros.
002.0076806   01%     Separando todos os Grupos que possuam todos os 9.
049.0180362   33%     Iniciando o processo de combinação dos Grupos

2026-10-05T08:57:55.499-03:00  INFO 23252 --- [topomanager] [tomcat-handler-0] b.c.s.t.service.IdentificadorService     : Tempo total: 146.9326629 segundos.
2026-10-05T08:57:55.500-03:00  INFO 23252 --- [topomanager] [tomcat-handler-0] b.c.s.t.service.IdentificadorService     : Separando todos os Grupos com quantidades encontradas de 28 e 55, que não possuam os 2 numeros.
2026-10-05T08:57:55.503-03:00  INFO 23252 --- [topomanager] [tomcat-handler-0] b.c.s.t.service.IdentificadorService     : Gupos encontrados: 0
2026-10-05T08:57:55.503-03:00  INFO 23252 --- [topomanager] [tomcat-handler-0] b.c.s.t.service.IdentificadorService     : Separando todos os grupos encontrados numa lista para os de 28 e outra para os outros de 55.
2026-10-05T08:57:55.503-03:00  INFO 23252 --- [topomanager] [tomcat-handler-0] b.c.s.t.service.IdentificadorService     : Iniciando exportação para arquivo TXT.
2026-10-05T08:57:55.504-03:00  INFO 23252 --- [topomanager] [tomcat-handler-0] b.c.s.t.service.IdentificadorService     : Separando apenas 1 de 28 de cada grupo.
2026-10-05T08:57:55.504-03:00  INFO 23252 --- [topomanager] [tomcat-handler-0] b.c.s.t.service.IdentificadorService     : Os 6 Primeiros numeros dos grupos de 28: []
2026-10-05T08:57:55.504-03:00  INFO 23252 --- [topomanager] [tomcat-handler-0] b.c.s.t.service.IdentificadorService     : Separando apenas 1 de 55 de cada grupo.
2026-10-05T08:57:55.504-03:00  INFO 23252 --- [topomanager] [tomcat-handler-0] b.c.s.t.service.IdentificadorService     : Os 9 Ultimos numeros dos grupos de 55: []
2026-10-05T08:57:55.504-03:00  INFO 23252 --- [topomanager] [tomcat-handler-0] b.c.s.t.service.IdentificadorService     : Unindo os 9 em todos os 6 de cada Grupo.
2026-10-05T08:57:55.504-03:00  INFO 23252 --- [topomanager] [tomcat-handler-0] b.c.s.t.service.IdentificadorService     : Os 15 gerados: [].
2026-10-05T08:57:55.505-03:00  INFO 23252 --- [topomanager] [tomcat-handler-0] b.c.s.t.service.IdentificadorService     : Obter os grupos que não possuem os 6
2026-10-05T08:57:55.505-03:00  INFO 23252 --- [topomanager] [tomcat-handler-0] b.c.s.t.service.IdentificadorService     : Iniciando exportação para arquivo TXT.
